{"type":"Feature","properties":{"name":"Việt Nam","source":"Government of Viet Nam / OCHA COD-AB, geoBoundaries humanitarian mirror","sourceUrl":"https://media.githubusercontent.com/media/wmgeolab/geoBoundaries/9469f09/releaseData/gbHumanitarian/VNM/ADM0/geoBoundaries-VNM-ADM0_simplified.geojson"},"geometry":{"type":"MultiPolygon","coordinates":[[[[104.86040211600002,8.4102879],[104.85608814400001,8.408631292],[104.85421865500001,8.410994939],[104.85438726100001,8.414406393],[104.85815719300001,8.417684052],[104.86413732600002,8.415862271],[104.86040211600002,8.4102879]]],[[[104.824062484,8.431370078],[104.82798383600002,8.43683332],[104.831353153,8.438660746],[104.832362044,8.443552918],[104.83715903800001,8.446160807],[104.839252963,8.451110086],[104.84418320700001,8.454783974],[104.84165146,8.450443837],[104.845287276,8.447264877],[104.84534438400001,8.442429812],[104.84229867300002,8.439003389],[104.83723518,8.436433571],[104.83967174800001,8.42742969],[104.838948392,8.426097192],[104.83241915100001,8.422689804],[104.82419573400001,8.42147152],[104.81892284900002,8.427068012],[104.824062484,8.431370078]]],[[[105.203462658,8.749553493],[105.192850262,8.743795198],[105.18723473400001,8.7424627],[105.18399866700001,8.738703151],[105.18019152900001,8.737227885],[105.174100109,8.725235402],[105.17462359000001,8.723760136],[105.172624843,8.724236028],[105.16881770600001,8.721380675],[105.167056904,8.715432023],[105.163173624,8.713801933],[105.15959491500001,8.707424978],[105.15752002500001,8.708110262],[105.150267428,8.702742198],[105.14632704000002,8.695622851],[105.142729295,8.692520034],[105.140330798,8.685191294],[105.13482948500001,8.675730557],[105.13113656100002,8.672818097],[105.13012767,8.670019851],[105.13107945400002,8.662081969],[105.128795171,8.655933442],[105.12019104,8.647786167],[105.1185159,8.643807708],[105.11606029600001,8.6442836],[105.10651032900002,8.635076276],[105.08880713900001,8.630793246],[105.07177019900001,8.623464506],[105.05701754000002,8.622988614],[105.00299187800002,8.599943534],[104.98455105600002,8.599646102],[104.976222942,8.596820492],[104.96414456900001,8.588597991],[104.84356799100001,8.562764456],[104.83354650500002,8.562828634],[104.73997253400002,8.585157043],[104.727569267,8.590723123],[104.71834885500002,8.596969208],[104.70942587700002,8.61020496],[104.70541053600002,8.632809839],[104.70585668500001,8.639353357],[104.707938714,8.645153293],[104.717159125,8.652737825],[104.72608210400001,8.655414719],[104.73441021700002,8.654819854],[104.74853826700001,8.650358364],[104.760435572,8.650655797],[104.779768693,8.65377884],[104.798217199,8.660112855],[104.78675835900002,8.674152974],[104.779173827,8.693932244],[104.779619976,8.702111641],[104.78452761500002,8.71787557],[104.789881402,8.725311386],[104.80991451400001,8.74654805],[104.80118474000001,8.779304545],[104.792547296,8.787799221],[104.78626551900001,8.797079118],[104.78119726700001,8.808357764],[104.78048342900001,8.816424136],[104.78255356000001,8.836126074],[104.79892001000002,8.898652142],[104.80204134600001,8.926712154],[104.803397638,8.976466684],[104.800639419,9.031166575],[104.806389977,9.138297183],[104.804529361,9.177840619],[104.81253960700002,9.207752349],[104.83247663000002,9.531028519],[104.84168172900002,9.618062933],[104.852596255,9.696591424],[104.85661901400002,9.716486277],[104.86039288700002,9.732034387],[104.877556515,9.784410685],[104.88552770900002,9.823433846],[104.89361787700001,9.842469534],[104.89920961000001,9.849607917],[104.904613972,9.850728828],[104.91588851000002,9.847537811],[104.94214040300001,9.846607487],[104.958388745,9.853187899],[104.98093854400001,9.881196431],[105.00468514300002,9.90570266],[105.03234045300002,9.930985483],[105.048674958,9.941737458],[105.08338085100002,9.959727608],[105.09096385,9.978062918],[105.08553266700001,9.990090177],[105.08246316200001,9.99153213],[105.083152245,9.994507289],[105.07936584100001,10.003119504],[105.08047948900001,10.004084666],[105.07888149700001,10.006348487],[105.07718075900002,10.006165816],[105.07595295700001,10.011876522],[105.06340368,10.02221766],[105.05197305400002,10.036882486],[105.00125156300001,10.087192412],[104.99179320600001,10.098316392],[104.98642752100001,10.096948202],[104.97428037300001,10.09885177],[104.95727912400001,10.097721527],[104.903693662,10.086288216],[104.892058098,10.086597546],[104.88544319600001,10.089119775],[104.87472372500001,10.097305121],[104.86586023200002,10.109428475],[104.86352836000002,10.110356464],[104.85372335900001,10.129672812],[104.84646762500002,10.139540554],[104.84747889600001,10.143276307],[104.84421903400002,10.145203671],[104.81109755700001,10.189233934],[104.79566613300001,10.202976984],[104.781579723,10.210329519],[104.78141316100002,10.213363331],[104.76392677500002,10.221000263],[104.745971089,10.226486059],[104.73295543800002,10.227723379],[104.724020562,10.224641977],[104.706337653,10.214426126],[104.68654405100001,10.199312614],[104.67014956500002,10.17986052],[104.66603309700001,10.170295087],[104.657788265,10.164584381],[104.64639064600001,10.146559964],[104.64595044600001,10.143157334],[104.648912875,10.140944436],[104.64517712100002,10.137375244],[104.63987092300002,10.136387768],[104.637598538,10.141075306],[104.63439816300001,10.143074053],[104.62953216500001,10.144537422],[104.62815207800001,10.141848631],[104.62664112000002,10.14450173],[104.61662358900001,10.147940051],[104.61397049000001,10.148177997],[104.610567861,10.14631012],[104.60969935800001,10.143680816],[104.607557843,10.142455393],[104.603786397,10.144311373],[104.60076448200002,10.143407178],[104.599539059,10.146429093],[104.60162108800002,10.147333288],[104.601811444,10.15028382],[104.60426228900002,10.150759712],[104.60707005300002,10.15412665],[104.609913509,10.161550568],[104.60475954800002,10.170038209],[104.60018151400001,10.169735914],[104.60141883300001,10.173590641],[104.59706442,10.181871165],[104.59558915400001,10.18308469],[104.59206755200002,10.182228084],[104.589521528,10.186249373],[104.59016398300001,10.188093456],[104.59229360000002,10.187105979],[104.596148327,10.18873591],[104.596160225,10.194981995],[104.593947326,10.196849872],[104.591318021,10.196243109],[104.58961670700002,10.205558699],[104.58678514800002,10.20458312],[104.58702309400002,10.206522381],[104.58597613100001,10.203952563],[104.583299238,10.205963208],[104.58615459100001,10.207069657],[104.58563111,10.208628204],[104.58756978000001,10.210585469],[104.59164247500001,10.211694942],[104.59232502200001,10.215447816],[104.58959291200001,10.230840472],[104.586725662,10.238609413],[104.58488157900001,10.240072781],[104.58661858600001,10.243796638],[104.583239751,10.246651991],[104.582790033,10.252741032],[104.57976335900001,10.258013917],[104.565772128,10.278134639],[104.55616386400001,10.287131381],[104.55046604300001,10.290401165],[104.54292216400002,10.291535764],[104.54179429900002,10.28841629],[104.538010956,10.285889303],[104.53486293000002,10.277587363],[104.53091897300001,10.277717639],[104.53434539700001,10.288425213],[104.527623419,10.301191022],[104.52819449000002,10.304748316],[104.53241803300001,10.308948065],[104.528016031,10.318442114],[104.52828966900002,10.321178494],[104.51225210100002,10.345032591],[104.50150883500001,10.355537911],[104.49922455200002,10.359916119],[104.48997466100002,10.367282937],[104.47904889800002,10.381841201],[104.47408792600001,10.38239108],[104.46789181000001,10.379764155],[104.46460101500001,10.377465596],[104.459922927,10.368988971],[104.45312249500002,10.369470607],[104.45206601500001,10.366715191],[104.44898223300001,10.366600977],[104.44639813900001,10.364488016],[104.442964576,10.364709306],[104.442250952,10.367210318],[104.44614529400002,10.373948745],[104.445709993,10.38024268],[104.44345951100001,10.383438527],[104.44593066700001,10.38543605],[104.44597522700002,10.390244553],[104.450741754,10.393714802],[104.452622216,10.399960167],[104.44609075000001,10.414951095],[104.43842036900001,10.423802612],[104.46320386100001,10.430250703],[104.47908376500001,10.431275319],[104.488778089,10.421233272],[104.49841119300001,10.405740891],[104.518437075,10.440655564],[104.53000225400001,10.447328857],[104.54171030700002,10.448677079],[104.547223599,10.452345786],[104.55300129500002,10.459409408],[104.558194682,10.475324741],[104.559382,10.492399285],[104.57239562,10.500204682],[104.58319315900002,10.504612026],[104.586517995,10.509907984],[104.586596248,10.526980916],[104.58851069900001,10.530078564],[104.595572767,10.534880044],[104.606781253,10.534993988],[104.617895759,10.529316577],[104.64546043900002,10.530946124],[104.64554968400002,10.540821576],[104.68927635800001,10.539179237],[104.710225555,10.53460777],[104.757579684,10.518864454],[104.86802524900001,10.523145506],[104.897401111,10.548856602],[104.93540769700002,10.614922409],[104.95560853100001,10.638493735],[105.00040647100002,10.666436027],[105.09692706500002,10.722182631],[105.09131590000001,10.75547273],[105.075276181,10.777359783],[105.06555959,10.781421624],[105.06191888100001,10.796708378],[105.05765102900001,10.806456974],[105.05880923100001,10.818917929],[105.03416644600001,10.86974046],[105.02843015700002,10.891677088],[105.037241457,10.897414351],[105.04069621,10.898234585],[105.045154253,10.902146355],[105.04154294800001,10.910029523],[105.045127141,10.913998916],[105.053256384,10.916557826],[105.053082083,10.921298694],[105.05095063600001,10.924131713],[105.05309263,10.930115218],[105.06758810100001,10.938448192],[105.07111666700001,10.938863333],[105.07801113500001,10.93656502],[105.07679958700001,10.941128568],[105.07841943200002,10.953323104],[105.08153610700002,10.956157468],[105.09637920300001,10.954870414],[105.11099796900001,10.961137831],[105.11671003900001,10.959869521],[105.117361248,10.948877496],[105.11520111900002,10.940461933],[105.099931147,10.924348945],[105.10051059800001,10.922269678],[105.10589597,10.918208632],[105.110645861,10.9177033],[105.13187474100002,10.921558262],[105.15605165100001,10.923302158],[105.181185319,10.911759337],[105.19932628200002,10.91107153],[105.21656347900002,10.900610146],[105.239262628,10.892523044],[105.26441710000002,10.896193398],[105.27530901400002,10.888674582],[105.28452835000002,10.887941444],[105.29260064300001,10.882673771],[105.338208633,10.859770637],[105.337500626,10.86558251],[105.34040813000001,10.868149795],[105.34363612400001,10.866575589],[105.347772809,10.868700986],[105.34895206700001,10.871969634],[105.35228370000002,10.874559286],[105.353666783,10.880293638],[105.35933404700002,10.881256279],[105.35845790800002,10.887113137],[105.36760875300001,10.888503381],[105.36900171900001,10.893818716],[105.36827399500001,10.89745414],[105.37097939200001,10.898796157],[105.37232165400002,10.904082597],[105.37439747300002,10.904778114],[105.37822160000002,10.902240648],[105.37977577500001,10.902859193],[105.37851950000001,10.905107877],[105.38030859000001,10.906325615],[105.379885471,10.91003971],[105.38261410100002,10.910598366],[105.38479243700002,10.91761027],[105.38874895300002,10.921372633],[105.39112656700001,10.92093631],[105.393313833,10.924946448],[105.39610683600002,10.924307189],[105.39568680300002,10.927082639],[105.39689815500002,10.928541265],[105.39901932500001,10.92675361],[105.39941813000002,10.928836912],[105.40176712700001,10.928525322],[105.40750477600001,10.93152691],[105.40553057100001,10.932885112],[105.40575005600002,10.93552346],[105.41061974300001,10.939896267],[105.41012454000001,10.944226963],[105.41564528300002,10.954136931],[105.41714953000002,10.95463915],[105.42603454200001,10.973858594],[105.43314472400002,10.973692953],[105.43641222900001,10.968394317],[105.44033555900002,10.965870942],[105.44259700500001,10.960980854],[105.45038213500001,10.957560552],[105.45161684000001,10.955599247],[105.455982407,10.956772997],[105.456980021,10.959184435],[105.46419631700002,10.964503389],[105.47082048100002,10.963374202],[105.47266695600001,10.967246618],[105.475001352,10.962955225],[105.47855478500001,10.962506976],[105.48049535400001,10.959672451],[105.48349682100002,10.95856369],[105.48394851700002,10.952815487],[105.49383829900002,10.949371046],[105.49609888300002,10.948967638],[105.49793832600001,10.954143022],[105.50584668000002,10.950249239],[105.53684360000001,10.953099895],[105.552617245,10.960473181],[105.57272149100001,10.963066881],[105.64040310300001,10.982056885],[105.66681616500001,10.98812206],[105.69413938600002,11.002074638],[105.70733730900001,11.015213912],[105.71892643000001,11.022014373],[105.72866249300002,11.025773553],[105.74189487800001,11.027466303],[105.748491494,11.025704547],[105.75154822400002,11.026396792],[105.75316530500001,11.025104827],[105.76803276000001,11.030526554],[105.77779349200001,11.031934902],[105.78076541100002,11.029393685],[105.806370971,10.979039249],[105.86466116800001,10.901389311],[105.84850267000002,10.868080407],[105.84887586700002,10.863834292],[105.89831891500002,10.844692783],[105.92586321600001,10.840131137],[105.93584945200001,10.839842121],[105.93610924500001,10.846054314],[105.93067727600001,10.848748044],[105.931922932,10.852479627],[105.928680733,10.855111903],[105.92790491,10.860009306],[105.928951159,10.863992662],[105.93154219000002,10.866832149],[105.933956363,10.865934454],[105.936401884,10.869216629],[105.93864087100002,10.869302289],[105.94008937500001,10.87277363],[105.94410986600002,10.873043656],[105.94771214,10.875827078],[105.95008977200001,10.880277442],[105.955340188,10.883739071],[105.95001440300001,10.888539058],[105.95133564900001,10.891155792],[105.95113108800001,10.895993403],[105.943353174,10.909674813],[105.94404007700001,10.91754323],[105.96913544300001,10.897700388],[105.99415175800002,10.871594937],[106.01763636000001,10.850355688],[106.070794196,10.81299689],[106.09785059600001,10.807817933],[106.16620738400002,10.810427024],[106.190505834,10.789129464],[106.18707507300002,10.837476536],[106.16287371500002,10.883498173],[106.13766163000001,10.914007132],[106.15117292700002,10.942779869],[106.145593532,10.956230094],[106.14705076000001,10.965929243],[106.14504580900001,10.978584004],[106.15622515900002,10.983496289],[106.16356530600001,10.980407847],[106.17020180100002,10.979742974],[106.17958052400002,10.97391106],[106.192198013,10.973380076],[106.204990449,10.975954409],[106.200298419,10.985772758],[106.19509589700002,10.992557682],[106.18776099000002,11.048756587],[106.17291033,11.075667418],[106.154301028,11.101515003],[106.14401368700001,11.100801542],[106.13817736400001,11.09529532],[106.12333225700002,11.088731108],[106.12075938100001,11.084922781],[106.11458125500002,11.080619686],[106.10748023300002,11.071455017],[106.10211578000002,11.071874959],[106.09878180500002,11.077167623],[106.09907033700001,11.087604284],[106.09313116700001,11.092983325],[106.08899527200002,11.100895982],[106.086471056,11.101736471],[106.07632737100002,11.096584739],[106.07348373500001,11.099658485],[106.06904205900001,11.109480944],[106.05501685300001,11.122554795],[106.02298535000001,11.140231402],[106.01646861700002,11.156629076],[106.01383342500002,11.190774997],[105.99093971700002,11.190799957],[105.97518626500002,11.198219598],[105.96611673500001,11.195255543],[105.938897425,11.20705139],[105.925806871,11.21796185],[105.910699324,11.239274555],[105.90748079600002,11.252034422],[105.91237619400002,11.26643896],[105.90797160600002,11.27459339],[105.90891147100001,11.283157814],[105.898657393,11.283478548],[105.89398309200001,11.285436755],[105.87953671200002,11.286945951],[105.87394098400001,11.284985764],[105.86746171500002,11.280249284],[105.86379779200001,11.283950262],[105.86306680900002,11.290526321],[105.86943232300001,11.298396567],[105.870847968,11.307076588],[105.866874277,11.315916093],[105.86716050900002,11.31795934],[105.87393409600001,11.327065579],[105.874789731,11.334280029],[105.878849087,11.344860761],[105.87928168000002,11.353402295],[105.883008681,11.357853782],[105.88237529300001,11.368174585],[105.870510672,11.373073309],[105.87056610700002,11.379156915],[105.87885964800002,11.390498468],[105.870329796,11.403633706],[105.88101195700001,11.406700547],[105.883513168,11.410934947],[105.886371621,11.41167772],[105.88718340100002,11.416025941],[105.890933404,11.41921931],[105.89031999600002,11.421694495],[105.891752546,11.424247091],[105.901513141,11.427710457],[105.90269682200001,11.430565358],[105.90166891100002,11.433707879],[105.90379673800001,11.436505892],[105.904554356,11.441036554],[105.904037685,11.447098696],[105.902829746,11.448328187],[105.90061282900001,11.447383648],[105.90061699400002,11.452475003],[105.89650670400002,11.450724568],[105.89397129100001,11.452945446],[105.887305902,11.451185319],[105.886005773,11.454979839],[105.88214071400002,11.454417156],[105.88055577100002,11.455801666],[105.879702023,11.462639168],[105.87775657800002,11.462401817],[105.876929591,11.459387706],[105.87501660400001,11.461241223],[105.877461363,11.469178146],[105.88002055900002,11.469495648],[105.879979446,11.473111864],[105.877681046,11.473461975],[105.87725736300001,11.474916936],[105.88015398400002,11.482155857],[105.8825577,11.481130591],[105.885176326,11.483427904],[105.88480084600002,11.493105503],[105.88229571300002,11.494901023],[105.87902511000001,11.500998591],[105.88168100900002,11.503217243],[105.88018596,11.510498231],[105.881886113,11.511129473],[105.88344215500001,11.509285117],[105.88464211700001,11.510575493],[105.882724605,11.513948046],[105.88550653700001,11.518507131],[105.88516575900002,11.528262446],[105.88649770900001,11.53042973],[105.88587505200002,11.532842192],[105.88302737100001,11.534613286],[105.885249455,11.537793878],[105.880622197,11.543022262],[105.881477232,11.546431236],[105.87888635800002,11.547263259],[105.87709994700002,11.550357655],[105.87176336700001,11.551752925],[105.87371804300001,11.554843724],[105.86922870900001,11.555051592],[105.868663413,11.557538986],[105.865559466,11.55915863],[105.867090482,11.560052177],[105.866924757,11.562152598],[105.86324566400002,11.561676997],[105.86175963100001,11.566219042],[105.85878429700001,11.564825633],[105.85654955900002,11.565775574],[105.85656346600001,11.564380251],[105.855061469,11.564051619],[105.85193777300002,11.564843942],[105.85054222,11.562024201],[105.847956507,11.563750456],[105.84537107000001,11.56144525],[105.84485614000002,11.564839992],[105.84051435700002,11.562182376],[105.84072788400002,11.565265892],[105.83722562200002,11.563711948],[105.83210958900001,11.565389314],[105.826851341,11.564342775],[105.82360129100002,11.570217449],[105.820403428,11.571026017],[105.81739558200002,11.568602225],[105.81845063800002,11.572572215],[105.81475876200001,11.5751603],[105.816157579,11.575704877],[105.81771191100002,11.58120283],[105.81079793600001,11.587839472],[105.81207340300001,11.590144056],[105.809913641,11.599762396],[105.81205724100002,11.604229312],[105.811005383,11.606258439],[105.813914718,11.608931806],[105.81225155000001,11.609774045],[105.811648302,11.616077748],[105.80991155200002,11.61885251],[105.81127619000002,11.619795717],[105.81387467300002,11.618644536],[105.81965004500002,11.619711112],[105.82829635000002,11.618996415],[105.829277615,11.622001151],[105.83290571200001,11.624809022],[105.836720604,11.639050784],[105.83659516300001,11.648958435],[105.84310353700002,11.650802859],[105.84830177500001,11.660358876],[105.85467349200002,11.664728526],[105.88484030700002,11.677141004],[105.88812651300002,11.676621774],[105.90180982800001,11.665205703],[105.92399081300002,11.650880345],[105.93555028000002,11.645100363],[105.95399422700001,11.639740312],[105.95445523200002,11.644193194],[105.96103564300002,11.651807727],[105.96589549300002,11.653880827],[105.97101060400001,11.659059592],[105.97221902000001,11.662711337],[105.98076758700002,11.669256046],[105.98104321000001,11.679251778],[105.97666624000001,11.684143716],[105.98523519900002,11.6951822],[105.99424951000002,11.70334738],[105.99831679700002,11.701480211],[106.0024316,11.704462042],[106.00864435800001,11.719434641],[106.01493556600002,11.726545478],[106.014933839,11.734621656],[106.00907048700002,11.751279251],[106.011733031,11.754615596],[106.016231665,11.770063128],[106.02224590300001,11.774409752],[106.03993231500002,11.779629911],[106.04293897600002,11.779107505],[106.049753715,11.774031018],[106.06887805200002,11.776446258],[106.07269758200002,11.77231877],[106.07609780900002,11.77267434],[106.08480441800002,11.766440916],[106.09025724700001,11.765437988],[106.09236994900002,11.763496204],[106.093060242,11.756679329],[106.099855568,11.756192709],[106.102449246,11.749767611],[106.10536792900001,11.746717562],[106.113740981,11.743185857],[106.11804353900001,11.743168957],[106.12431994600001,11.745507859],[106.13463753300002,11.744883876],[106.15410612100001,11.737015976],[106.16845226800001,11.74895266],[106.171605116,11.749829815],[106.17551955700002,11.746498857],[106.177857423,11.746397106],[106.18258654300001,11.751349982],[106.18851872300002,11.753258982],[106.193983658,11.748018246],[106.19575828500001,11.740214621],[106.208217986,11.730432401],[106.21687446900002,11.728032311],[106.22758270300001,11.731393471],[106.23875072400001,11.72597395],[106.249291119,11.726664844],[106.266110503,11.720433217],[106.26912347900002,11.714962426],[106.27302492000001,11.711950617],[106.26957265700001,11.708887385],[106.270047532,11.704499309],[106.27744454000002,11.700151877],[106.29495276000002,11.685260797],[106.29863583100001,11.681296642],[106.29847260800001,11.675645266],[106.29971723400001,11.674889076],[106.31684369800001,11.676616259],[106.32545824600001,11.6816478],[106.32855033800001,11.686380878],[106.33072752400001,11.687195825],[106.333363692,11.686596922],[106.333831916,11.681932262],[106.33739644,11.681458368],[106.350594846,11.690453817],[106.36990957600001,11.697626798],[106.37478093400001,11.695464857],[106.38529734200002,11.695712535],[106.39793772400002,11.692178383],[106.40485101300001,11.686063807],[106.40987700200002,11.683622334],[106.41472917500002,11.677010582],[106.42615350200002,11.677088118],[106.42835211700002,11.673923964],[106.433520737,11.671038314],[106.440298718,11.671122462],[106.44748693500001,11.673234294],[106.45110470000002,11.671873282],[106.452713814,11.680829387],[106.45238073400002,11.690038187],[106.43759989700001,11.705681188],[106.437919704,11.710199504],[106.43387156500002,11.713484103],[106.43389574200002,11.718171313],[106.427379291,11.727327372],[106.42500515300001,11.735039846],[106.42231038700001,11.738066564],[106.41954339500002,11.751807469],[106.416318407,11.758854427],[106.416767211,11.763790656],[106.41348000600001,11.766987584],[106.41692338100002,11.769481567],[106.41643616600001,11.773585417],[106.42067730200002,11.782938882],[106.42348472400002,11.785268524],[106.43088187100001,11.798707369],[106.43415587500002,11.801118228],[106.43428371200001,11.809403974],[106.44011863700001,11.815484671],[106.44243806400002,11.821583016],[106.44707725100001,11.825744465],[106.44456636200002,11.831616355],[106.438042379,11.839684768],[106.440485515,11.845112953],[106.438157826,11.853662237],[106.43923324500001,11.856753723],[106.44459635100002,11.861497367],[106.44645199400001,11.867932779],[106.46118805600001,11.866434108],[106.46297859600001,11.868517364],[106.46696234100001,11.868747825],[106.41304573,11.975388895],[106.42345247500002,11.972751189],[106.43444734600001,11.972775975],[106.43554724600001,11.979071411],[106.44461522600001,11.987022289],[106.44772719900001,11.985875274],[106.45729773700002,11.989147985],[106.46678280200001,11.982912829],[106.46882632600001,11.975878491],[106.47097926700002,11.97415118],[106.48858753700002,11.971703748],[106.49350373700001,11.969043718],[106.500127102,11.971841749],[106.50265087000001,11.975100616],[106.50870450200001,11.977143212],[106.510907998,11.980922531],[106.51988298600001,11.981345639],[106.52464732800001,11.98048242],[106.52910786000001,11.977198614],[106.535592965,11.978184346],[106.537220376,11.975472167],[106.53185641700001,11.973699317],[106.53037430300002,11.969802638],[106.62934435500001,11.974719936],[106.63356694100001,11.972580337],[106.63330056400001,11.964698496],[106.63475200100001,11.963199917],[106.63556469000001,11.968819289],[106.63817313500002,11.973514858],[106.64059529,11.975567637],[106.645419118,11.976260431],[106.646279954,11.973707705],[106.64445578500002,11.969920938],[106.64664261700001,11.969283211],[106.648401418,11.966292644],[106.65133007400001,11.967573207],[106.655366983,11.966972603],[106.65625083400002,11.964227484],[106.656900938,11.967059714],[106.66015747800002,11.966223238],[106.65987332400002,11.967522789],[106.65487891900001,11.970772936],[106.65152137200002,11.975022751],[106.64919705900002,11.981093155],[106.65276519400001,11.983427467],[106.65316166600002,11.988568536],[106.65697159400001,11.990612943],[106.66819899600002,11.983576415],[106.671747593,11.978748385],[106.67729933000001,11.979051703],[106.68452583700001,11.96679904],[106.69510263300002,11.96500493],[106.6993632,11.97295838],[106.70668875600002,11.968924295],[106.71275434800002,11.969704438],[106.715450779,11.972716182],[106.71842506500002,11.973467092],[106.72102822,11.973258892],[106.722427425,11.971279513],[106.720365576,11.976243092],[106.72441513000001,11.977660194],[106.72739322600002,11.982833168],[106.73324249800001,11.987796017],[106.73524601200002,11.992782574],[106.73911870600001,11.996940305],[106.73911412800001,12.000016689],[106.74512304400001,12.006996964],[106.746781511,12.011264512],[106.74745648600002,12.021546537],[106.75363808400002,12.02501667],[106.761240186,12.040974899],[106.76708415200001,12.044831237],[106.76817061400001,12.0508807],[106.78131610100002,12.065360851],[106.780884022,12.069977895],[106.782485958,12.072899674],[106.786852034,12.077726239],[106.790673757,12.077557512],[106.79197343000001,12.082596014],[106.79439605800002,12.084406855],[106.801216539,12.084795274],[106.80506382100002,12.081165483],[106.81231308100001,12.080157023],[106.81621386300002,12.084505463],[106.82520328200002,12.085167577],[106.83068309700002,12.081767055],[106.83586550200002,12.074042545],[106.84039241200001,12.073772334],[106.84549405400001,12.075661113],[106.85531029600001,12.069155298],[106.86229094,12.07165597],[106.86664725500002,12.071386482],[106.87153555600001,12.074093329],[106.88667603300001,12.073558457],[106.89824116600002,12.066654892],[106.90908888400001,12.068551202],[106.91467333500002,12.066398117],[106.91798501100001,12.063059059],[106.93387471400001,12.062811696],[106.93940540800001,12.064588713],[106.94591026000002,12.064124377],[106.949344073,12.069407165],[106.964307716,12.074469002],[106.96718114600002,12.08045362],[106.99428806700001,12.089853008],[106.99711029600002,12.09223526],[107.00183929200001,12.090721142],[107.00321355500002,12.094917875],[107.00047232800001,12.098131563],[107.00572009900002,12.096476909],[107.00954795800001,12.097536675],[107.00889822300002,12.099063919],[107.00376710200001,12.100550983],[107.00284132100002,12.104472605],[107.00716394000001,12.102918922],[107.01363523300002,12.103814542],[107.01404848900002,12.105044013],[107.01399622100001,12.107871872],[107.00760208000001,12.107483202],[107.005054881,12.110691654],[107.01012465100001,12.110799906],[107.017444429,12.117054223],[107.018114523,12.113351857],[107.01936171700001,12.113125274],[107.02261574100001,12.116001586],[107.02132073400001,12.11963595],[107.024062342,12.12273338],[107.028565452,12.115885559],[107.03095341800001,12.120797998],[107.03563027000001,12.122358677],[107.03903983100001,12.126320937],[107.043972828,12.127734626],[107.04675882200002,12.126989082],[107.04776551700002,12.12893906],[107.05107517400002,12.129422043],[107.04963305800001,12.132985108],[107.05142949300001,12.13732163],[107.05719979500002,12.137713806],[107.053425779,12.143759087],[107.056725604,12.142937139],[107.05723320800001,12.146848265],[107.06070397500001,12.149142269],[107.05785828600001,12.151700889],[107.06058326700001,12.152550591],[107.06149282000001,12.156168641],[107.06413439300002,12.15571393],[107.064917316,12.152445697],[107.068400058,12.156262067],[107.07114163700001,12.154501557],[107.07661260800002,12.158882829],[107.08086309100001,12.157473409],[107.080226105,12.160595532],[107.082347112,12.164059403],[107.07956252200002,12.165022834],[107.07570742500002,12.170054078],[107.07164714100001,12.172331924],[107.07555696500002,12.174332496],[107.07410266900001,12.176300809],[107.07669628300002,12.17910867],[107.07591341000001,12.18237692],[107.078195141,12.1828672],[107.083126465,12.179205224],[107.08549119400001,12.180927234],[107.088796967,12.180829756],[107.08996463500002,12.179805906],[107.08850005900001,12.176650803],[107.093972739,12.175570834],[107.09595678100001,12.180267996],[107.10166833600002,12.187021777],[107.100148533,12.19178234],[107.10471171700001,12.195937727],[107.10425480700002,12.20082988],[107.107802978,12.201920212],[107.11351568200001,12.208161731],[107.11417582000001,12.212901353],[107.11784813400001,12.209944173],[107.12070409800002,12.212995062],[107.12310982100001,12.212836819],[107.12356124300001,12.216185503],[107.12624458700002,12.215326716],[107.12854551200002,12.219778526],[107.13149854800001,12.217241477],[107.13606719700002,12.221954914],[107.13833130200001,12.221797717],[107.14118206900001,12.22414992],[107.14356662000002,12.230137225],[107.13961455600001,12.231704442],[107.14261823400001,12.235452144],[107.14207548600001,12.23838952],[107.14548604100001,12.239899313],[107.145499576,12.24157522],[107.14303189600001,12.242851525],[107.14856518500001,12.244205001],[107.14834308600001,12.251749009],[107.151604239,12.252282123],[107.15232472800001,12.253812878],[107.150670075,12.259573738],[107.15513343700002,12.25965697],[107.15660966000002,12.267047899],[107.15577936800001,12.269428789],[107.15790229500001,12.269272479],[107.16090443600001,12.272740498],[107.16953313800002,12.271554969],[107.17654069200002,12.274558595],[107.17775894600001,12.277684016],[107.18013367700001,12.278040178],[107.18156817700002,12.280263383],[107.185331028,12.279381971],[107.18784383500001,12.285660352],[107.19352214000001,12.287290945],[107.19284297700001,12.290787996],[107.19910619500001,12.292053072],[107.20382955900001,12.295840129],[107.207143951,12.296102072],[107.208304206,12.300273121],[107.21006054800002,12.297403618],[107.212125538,12.299311146],[107.21964688300001,12.299963685],[107.22078244700002,12.29917771],[107.219920017,12.296320298],[107.22148955100002,12.295272304],[107.22228462200002,12.298589151],[107.22469206000001,12.295146159],[107.226389456,12.297578152],[107.23037848700001,12.295959618],[107.23778530500002,12.301432352],[107.24089422500002,12.301838394],[107.24014442100001,12.30458776],[107.242778549,12.303308296],[107.243249751,12.307217136],[107.250646376,12.308262003],[107.25118370500002,12.311795762],[107.25659533100001,12.313674369],[107.25706739800002,12.31562608],[107.25933906400002,12.314065391],[107.26062996700001,12.316244048],[107.26301615700001,12.314731984],[107.26979197900002,12.325762151],[107.28423323100002,12.322832614],[107.29136217000001,12.328467711],[107.29793829200001,12.3296842],[107.30263800700001,12.328880318],[107.309823164,12.33344493],[107.31278619900002,12.330468115],[107.31291229100002,12.323268809],[107.31923564300001,12.321901237],[107.32555943000001,12.326189237],[107.33925489600001,12.327698343],[107.34577215700001,12.335329847],[107.351477545,12.325883127],[107.35644033400001,12.321657667],[107.36313369100002,12.319702037],[107.36738303100002,12.312597681],[107.37588306500001,12.305097525],[107.37839636600002,12.300030398],[107.37803631800001,12.295366983],[107.38365988000001,12.295973991],[107.383754969,12.2888112],[107.38901756000001,12.284793957],[107.38613336400002,12.279498789],[107.38734081200002,12.271542323],[107.399139337,12.261481369],[107.39789668700001,12.256351453],[107.41183704500001,12.249722696],[107.41546857300001,12.245231907],[107.41709456200002,12.239160995],[107.42214159500001,12.246556027],[107.43546640400001,12.244606567],[107.43472555800001,12.252464162],[107.43693350600002,12.2579098],[107.441861767,12.264332494],[107.43836685900001,12.269261065],[107.43823372100002,12.272551128],[107.44354781500002,12.278930275],[107.443432189,12.285864157],[107.44515279,12.291925761],[107.45776605200001,12.293932924],[107.46668598,12.301323929],[107.467537016,12.309816679],[107.46926139300001,12.311515325],[107.47689269000001,12.313918087],[107.48421311000001,12.318782831],[107.496041333,12.323349662],[107.50224000800002,12.32387834],[107.50577056300001,12.327439258],[107.51113584200002,12.328426317],[107.51577032000002,12.33682177],[107.52072598,12.339770895],[107.526702831,12.340009122],[107.52756444,12.346343226],[107.53274609400002,12.345003151],[107.53522502500002,12.346585297],[107.53500621200001,12.349445091],[107.536588023,12.351661748],[107.543309465,12.350307202],[107.54731362100001,12.360573987],[107.54619153400002,12.362758593],[107.54698431000001,12.367366573],[107.54412162500002,12.371645016],[107.54568086200001,12.373627019],[107.55277498900001,12.375747758],[107.55435058800002,12.378888486],[107.54786833900002,12.388758627],[107.54849753200001,12.390504336],[107.54528984,12.393088016],[107.54301710100002,12.399207614],[107.54547769800001,12.403761451],[107.542907006,12.412546563],[107.543558619,12.415899336],[107.54988373600001,12.419401363],[107.54974914300001,12.421667141],[107.552912653,12.424279515],[107.554816005,12.433884225],[107.560201739,12.439713549],[107.5622928,12.447895455],[107.56585706500002,12.44889104],[107.56714591500001,12.454484307],[107.56504321000001,12.456278994],[107.56600617500001,12.458772346],[107.56457477500001,12.460294182],[107.566813406,12.460614538],[107.56548681600002,12.461948131],[107.56718982000001,12.464827734],[107.56555687300002,12.472214537],[107.569758625,12.476314077],[107.57571594800001,12.477993191],[107.577661039,12.482166142],[107.57679707600002,12.486985416],[107.579358808,12.489290308],[107.57827785100001,12.492431274],[107.58081896100002,12.495439184],[107.58031975300001,12.497141334],[107.57556483000002,12.499295951],[107.57347213000001,12.498862148],[107.57289392400001,12.501190761],[107.57086333500001,12.501464981],[107.56934406200001,12.504643456],[107.569831152,12.507418691],[107.566955344,12.506576901],[107.56936605800001,12.511895069],[107.562634697,12.516648486],[107.56275621300001,12.522580096],[107.56818744200001,12.529744755],[107.57127973400002,12.529395768],[107.575836754,12.532483449],[107.57589188800002,12.53452128],[107.57754592200001,12.535361001],[107.57558329200002,12.54158109],[107.578259033,12.543048891],[107.578035588,12.545665149],[107.581081026,12.547272257],[107.583250536,12.551638167],[107.58848972000001,12.555218379],[107.58971863700002,12.558664169],[107.58489969700001,12.563397992],[107.585235996,12.566722523],[107.58261148400001,12.56700392],[107.58267230500002,12.569857253],[107.57968296900002,12.575388057],[107.580633047,12.578325228],[107.579334748,12.581839502],[107.58051889900001,12.585244751],[107.58270445,12.586311932],[107.58116661200002,12.587617386],[107.581075905,12.591461636],[107.58574823,12.597504049],[107.58426808100002,12.599006608],[107.58540914100001,12.603004953],[107.58233610100001,12.605386547],[107.58307369,12.607188142],[107.58050067100001,12.60973552],[107.58477166700001,12.612965975],[107.58193834300002,12.613884931],[107.579806032,12.619616724],[107.577567349,12.619114365],[107.57859508300001,12.62280509],[107.57250978400002,12.626273928],[107.57177073200002,12.628689938],[107.57400466800001,12.630967874],[107.57134355600002,12.634642829],[107.57207975100002,12.639914976],[107.56905881700001,12.642681805],[107.57015387100002,12.645779449],[107.56919114400002,12.647908932],[107.57399976300002,12.65017318],[107.56961335000001,12.655224095],[107.57151249600001,12.661617083],[107.57041408600001,12.667635627],[107.57279010500001,12.667505607],[107.575849591,12.669636543],[107.576272326,12.676358545],[107.58211996900002,12.679307707],[107.58038929700001,12.681634384],[107.57779420900002,12.681216073],[107.578688229,12.683852466],[107.57454758400002,12.688529995],[107.574300559,12.690946319],[107.57031758,12.692174995],[107.567472117,12.702608198],[107.56254908800001,12.704143981],[107.56261529400001,12.706516368],[107.55979552500001,12.707723485],[107.55918804900001,12.715741167],[107.56144738200001,12.717147974],[107.56701524000002,12.726705562],[107.567460714,12.732021762],[107.56363243700001,12.736413706],[107.564680171,12.746365061],[107.55962267200002,12.746450934],[107.56020157800002,12.753348697],[107.55867630700001,12.761541655],[107.55981401600002,12.770219067],[107.562453321,12.774064296],[107.55945219300001,12.778961597],[107.55906894700001,12.785507544],[107.56314136400002,12.788189116],[107.55728227100002,12.803817062],[107.55463022,12.803569295],[107.55248749700002,12.805436222],[107.55253494800002,12.813606638],[107.55430413500001,12.81618768],[107.55118666000001,12.818200838],[107.55116236500001,12.822713814],[107.545259369,12.821642821],[107.54218149700002,12.827621335],[107.541884425,12.832752389],[107.53464617800002,12.83764278],[107.52713116500001,12.839287858],[107.525327669,12.84723685],[107.52186390000001,12.853047974],[107.51171878000001,12.85676931],[107.51288505500001,12.865339408],[107.51145055200001,12.868361727],[107.506092867,12.869643881],[107.49880751100001,12.876995662],[107.49661852800001,12.891888614],[107.49189746200001,12.894121748],[107.49150876300001,12.897134056],[107.492444641,12.900065358],[107.496420338,12.90354883],[107.49452298000001,12.909173942],[107.49879683300001,12.911047679],[107.50184100500002,12.91553141],[107.49556138100002,12.918907761],[107.494416956,12.923089773],[107.49205208300002,12.923796087],[107.492508623,12.927620901],[107.49536064100002,12.930294559],[107.49363095400001,12.931747016],[107.49201586600002,12.937711263],[107.48415069100001,12.943085584],[107.48426114300001,12.947187247],[107.48693380000002,12.949349866],[107.48515388500002,12.952785659],[107.48667973900001,12.955390457],[107.48610887000001,12.961134893],[107.48935341100001,12.964656639],[107.486889341,12.969462742],[107.49327364500002,12.972954283],[107.50101105700001,12.972196811],[107.50399808200001,12.974243152],[107.49734209600001,12.981457523],[107.4962681,12.987782459],[107.49925180100001,12.994132148],[107.498675759,12.996438247],[107.49286280900002,13.001908511],[107.49544724600001,13.022321313],[107.49052825600002,13.031885153],[107.49085136,13.035531709],[107.59569493200001,13.281769586],[107.631243796,13.360155174],[107.61731674300002,13.528540295],[107.57375839600002,13.617672806],[107.571951217,13.624260433],[107.56831662400002,13.662859508],[107.550267208,13.689975106],[107.533508722,13.743771649],[107.52143586500002,13.752692497],[107.48882351400002,13.771114238],[107.47451291800002,13.774264864],[107.45265285500001,13.790062524],[107.46057228200002,13.802102979],[107.46346657200002,13.81246438],[107.46308103200002,13.815057973],[107.45730083,13.821554852],[107.457858951,13.826420879],[107.467256079,13.836194139],[107.47167602200001,13.843732446],[107.47528292600002,13.854187941],[107.47375625700002,13.857752085],[107.462618208,13.861642886],[107.45631460500002,13.868184828],[107.45857636,13.875232206],[107.47221528100002,13.888605289],[107.47188670700001,13.907924548],[107.47436159000002,13.915551353],[107.47250197600002,13.919207442],[107.457384814,13.920686839],[107.456474858,13.926012926],[107.45247297800002,13.929166159],[107.454891419,13.979490347],[107.45104617000001,13.980784955],[107.44468074200002,13.987741425],[107.44362130600001,13.995028264],[107.44183587200001,13.996905581],[107.43089129300002,13.992767645],[107.42721153,13.997632629],[107.422996585,13.99419709],[107.41165754600001,13.992848312],[107.40823354500002,13.989832769],[107.403518939,13.988567746],[107.39986044500002,13.98937847],[107.39675122000001,13.992491506],[107.39197415900001,13.989631613],[107.38782751700002,13.990013203],[107.38388109800002,13.986320576],[107.381506291,13.993973739],[107.36640798900001,14.010827334],[107.35784535400002,14.016708814],[107.35656458400001,14.026886083],[107.35729549800001,14.028419603],[107.364301452,14.031704771],[107.36539092200002,14.034850359],[107.36520279400001,14.043844317],[107.363186831,14.050814993],[107.36536318200001,14.054777921],[107.36459499400002,14.063469246],[107.36710280900002,14.065768659],[107.379630047,14.065181524],[107.382800775,14.077574669],[107.378374406,14.081436339],[107.36071920900001,14.084736553],[107.356649646,14.089028182],[107.349166926,14.091677196],[107.33444982400002,14.100361365],[107.33237926400001,14.105308638],[107.33441029200002,14.113985537],[107.33893274800002,14.122921459],[107.33762869700001,14.126489963],[107.34067512000001,14.132646479],[107.35098947700001,14.145289652],[107.35598526100001,14.155859954],[107.36243586000002,14.162662703],[107.35806288600001,14.169156218],[107.36935620500002,14.180155256],[107.37512042300001,14.178002302],[107.37716103900001,14.179132708],[107.381803509,14.187184073],[107.38281790900001,14.196393988],[107.38588530500002,14.200156422],[107.388862388,14.208859255],[107.395291276,14.214664875],[107.39723802600001,14.224134629],[107.40422182400002,14.232284532],[107.40719183300001,14.233612348],[107.405222316,14.240835439],[107.401071705,14.245203492],[107.40003952900001,14.248722196],[107.402471708,14.255608738],[107.40925352700002,14.264035033],[107.40879738800001,14.278800508],[107.40547866900002,14.288624944],[107.40647447700002,14.298957467],[107.39715181900002,14.306901476],[107.396924292,14.311926818],[107.39068015500001,14.316033633],[107.390582949,14.325575886],[107.40015138200002,14.332999767],[107.40252581000001,14.342120829],[107.408220409,14.345723081],[107.41079283600001,14.357356626],[107.40895024100001,14.363044304],[107.41227721900002,14.36156879],[107.41593008200002,14.362521996],[107.42542807500001,14.373524974],[107.42676241500001,14.37698131],[107.43028676300001,14.37960662],[107.428926278,14.380979207],[107.42289028600001,14.38039799],[107.41818295400002,14.385485109],[107.42159523700002,14.393991294],[107.42206341500001,14.400413121],[107.421738833,14.402759185],[107.41896295600002,14.405153496],[107.419206685,14.407285171],[107.425677023,14.416958863],[107.42764839400002,14.415102239],[107.43541735600002,14.415309788],[107.44037417100002,14.421337452],[107.44846636900002,14.425403074],[107.457220207,14.419380543],[107.45639845800001,14.415601756],[107.45980085300002,14.40597865],[107.466853706,14.404376051],[107.470355308,14.405274124],[107.471956739,14.407408985],[107.47525239,14.407605144],[107.48181353600002,14.403006517],[107.48808106900002,14.40560999],[107.489745686,14.410496466],[107.48970325300002,14.429110758],[107.49947810800002,14.443079066],[107.504169016,14.457656764],[107.49974932500001,14.464256832],[107.50379549100002,14.476189354],[107.50362933200002,14.482366812],[107.50834061400002,14.488203836],[107.50876803800001,14.495380666],[107.51278308000002,14.49668397],[107.51231915400001,14.499731417],[107.50697959900002,14.508460849],[107.510715415,14.510815681],[107.51541079400002,14.511553879],[107.52216371700001,14.521980972],[107.52220251700001,14.529723391],[107.52766163100002,14.53645186],[107.528248802,14.547055086],[107.53175430200001,14.553833368],[107.52621219600002,14.562395228],[107.521528654,14.564934752],[107.52310503900001,14.568859959],[107.522737055,14.57119691],[107.52113541100002,14.571952114],[107.52277832400002,14.574439329],[107.522430542,14.579128546],[107.51682948800001,14.585501219],[107.52221480100002,14.588398834],[107.52159820000001,14.591553885],[107.52466166,14.5978728],[107.53445842700002,14.59921439],[107.54444306200001,14.610375681],[107.54333573500001,14.616308442],[107.538269241,14.619589711],[107.53801454700002,14.62204411],[107.549222991,14.652307353],[107.54846153500002,14.658510637],[107.55144745600002,14.662913669],[107.552314324,14.668690915],[107.55005881100001,14.671535695],[107.549150218,14.676982916],[107.55638310200001,14.685282599],[107.55477123800001,14.686732072],[107.543652586,14.6852828],[107.53798492100002,14.688918874],[107.53784836900002,14.689956596],[107.54333340100001,14.690830949],[107.54810944700002,14.693770495],[107.546813964,14.697165789],[107.551519796,14.706296033],[107.54584237400002,14.714396076],[107.54487669800001,14.719437955],[107.53713004100001,14.723468728],[107.52791751600002,14.723319162],[107.52380315,14.72148939],[107.52167058700002,14.72737753],[107.52670850900002,14.733946588],[107.537300052,14.740127659],[107.53760134500001,14.74322056],[107.54206340000002,14.750128838],[107.535683782,14.757378621],[107.53408261400001,14.763846293],[107.530555798,14.765961223],[107.526062367,14.77539485],[107.51944548700001,14.775660934],[107.51434043200001,14.78385542],[107.50944797500001,14.783382779],[107.50535359400001,14.785846613],[107.50964706,14.795754888],[107.515971231,14.802080632],[107.52063760500002,14.802611091],[107.523648633,14.804986386],[107.52216537600002,14.813631891],[107.52736522700002,14.814142419],[107.536511501,14.818824875],[107.539695434,14.818928122],[107.54089504500001,14.821886154],[107.54012486,14.825696316],[107.54171978100001,14.827616463],[107.546588131,14.831664552],[107.548942292,14.831536407],[107.561558509,14.839133517],[107.56927241000001,14.852187015],[107.579001884,14.854587811],[107.580853787,14.858959115],[107.58934531100002,14.863975284],[107.58925351900001,14.870576776],[107.591463263,14.873552334],[107.587405384,14.876307951],[107.588523476,14.879777587],[107.58398244000001,14.886353695],[107.58558516900001,14.889682677],[107.58433083000001,14.892266191],[107.57892781200002,14.893406076],[107.57302797700001,14.891629451],[107.56695493900001,14.898964385],[107.561563571,14.902630718],[107.55483180800002,14.901442417],[107.550172158,14.904662676],[107.54664398900002,14.904588067],[107.53903678800002,14.907670387],[107.53678671300001,14.913657737],[107.53302599500002,14.915863327],[107.52952035000001,14.922055295],[107.52990369400001,14.928063872],[107.51493054100001,14.931108101],[107.506009129,14.92873804],[107.50265714800001,14.93455051],[107.49958926600002,14.936161252],[107.49941048100001,14.942730252],[107.490169492,14.943564509],[107.48774431400001,14.947505418],[107.48324107900001,14.950897292],[107.47854253400001,14.958529065],[107.48232956800001,14.971412474],[107.47948583500002,14.97117869],[107.47318280600001,14.976142815],[107.47123865600001,14.982461533],[107.46752645500001,14.983418347],[107.46678994800001,14.984903617],[107.46796010900002,14.987414334],[107.477782794,14.986876407],[107.476281807,14.989329762],[107.47806130300002,14.991822942],[107.470749566,14.9968089],[107.46776600100002,15.007017735],[107.47377785400002,15.020475243],[107.48947724400001,15.023908866],[107.49291150400002,15.02291826],[107.49606458,15.019935453],[107.500909629,15.021573964],[107.50481284500002,15.025294112],[107.51549787400002,15.030295037],[107.51838234600001,15.039273634],[107.52329144700002,15.038549788],[107.52988699500001,15.041028124],[107.540166417,15.049482561],[107.55493551900001,15.044044396],[107.56549372100001,15.035092688],[107.57021751500001,15.035747974],[107.576431506,15.031920215],[107.57782645400002,15.029179067],[107.58392413400001,15.028361183],[107.58813482300002,15.029481912],[107.58760048900001,15.035380237],[107.589518542,15.04000229],[107.59288853600002,15.044952095],[107.59530506800002,15.045886761],[107.59317767600001,15.048881477],[107.59404461100002,15.051239126],[107.60180615500002,15.048944635],[107.60565035000002,15.045592652],[107.611861919,15.047824027],[107.61460422200001,15.045630652],[107.62151991300001,15.050886379],[107.617005399,15.058466603],[107.61499544300001,15.066216857],[107.61074349200001,15.067216312],[107.59786810800001,15.087861794],[107.61169767600002,15.100914092],[107.61899911700002,15.103150127],[107.62270631500002,15.106159135],[107.62251119200002,15.110794168],[107.61916783800001,15.11514709],[107.61843790400002,15.119691786],[107.61068601200002,15.126007569],[107.607664397,15.132840961],[107.61283120600001,15.13111236],[107.62229216300001,15.135073799],[107.62530138900001,15.141278288],[107.62311407400001,15.143395321],[107.62340636600001,15.146573025],[107.626753817,15.149723564],[107.62288957600002,15.152176398],[107.61975548600002,15.152110507],[107.61678996000002,15.154614313],[107.61170361100001,15.165287119],[107.610820806,15.171115744],[107.607558222,15.173752519],[107.60114171200001,15.186237276],[107.59978363700002,15.18484311],[107.598167713,15.185371852],[107.597992419,15.188601896],[107.59618905700002,15.190589165],[107.593715416,15.190672875],[107.58798680100001,15.196935636],[107.58268136,15.195843508],[107.58443717900002,15.199394486],[107.583373594,15.200987],[107.58621979000002,15.202363249],[107.588267056,15.20105048],[107.59114881700002,15.205096064],[107.59420192000002,15.204912649],[107.592802907,15.209309922],[107.59457903700002,15.211017907],[107.59675370600002,15.210917829],[107.59954940100002,15.205840692],[107.60255965600001,15.203824154],[107.61144148400001,15.212050903],[107.617363272,15.21334777],[107.61998776500002,15.212127794],[107.621766461,15.216188712],[107.62030634900002,15.21795208],[107.62015011000001,15.226123197],[107.62978803800002,15.227507216],[107.63305791400002,15.230395006],[107.63178228200002,15.231495036],[107.626049133,15.230620257],[107.62399665200002,15.234293238],[107.624124735,15.239132357],[107.61936986900001,15.245946565],[107.62127429200001,15.248521632],[107.619196967,15.255845322],[107.620914995,15.263119221],[107.61845987600002,15.270963192],[107.61572996600002,15.270821974],[107.61697945400002,15.277715745],[107.61535668400002,15.28713827],[107.61843826400002,15.29399938],[107.62203396900001,15.295261049],[107.620456533,15.301401918],[107.62379564000001,15.30703166],[107.62417416900001,15.310863204],[107.63074023400002,15.311130958],[107.63356162300002,15.313083247],[107.63499886000001,15.319435958],[107.63314161400001,15.320029796],[107.63143422200001,15.324767667],[107.62711569200002,15.327375915],[107.62584723400002,15.332649645],[107.62230688200002,15.332766874],[107.62081547600002,15.330214457],[107.61715827000002,15.330314096],[107.61453247100002,15.333557296],[107.610302923,15.334589399],[107.60943902900001,15.337112752],[107.610479519,15.339405925],[107.60781714500001,15.343509078],[107.60884262800002,15.352305583],[107.60499225200002,15.353375287],[107.606599193,15.358273082],[107.60526784200002,15.360101727],[107.60602665600001,15.363210726],[107.60907507000002,15.367313315],[107.60383538100001,15.371701877],[107.60265111400001,15.375688485],[107.60047528200002,15.375663256],[107.59806466600001,15.377753116],[107.596352148,15.382809377],[107.60606585600001,15.388560085],[107.60859444000002,15.393144106],[107.61324818000001,15.393877946],[107.61525746900001,15.403110865],[107.61899698000002,15.40943064],[107.62451260700001,15.414637404],[107.61977329900002,15.417215075],[107.61064524600002,15.416832222],[107.60796135400001,15.419399938],[107.60310200100001,15.420876471],[107.60028314800002,15.415273515],[107.59522231800001,15.413015534],[107.58838462100002,15.412281277],[107.577312813,15.402599023],[107.574430387,15.398071319],[107.56344340100001,15.394284246],[107.559487962,15.394423656],[107.55401005300001,15.396981202],[107.54498855400001,15.405299264],[107.54040619300001,15.406781652],[107.53610419700001,15.403981298],[107.53338414400001,15.406371344],[107.53029264000001,15.405571437],[107.52524616500001,15.410858183],[107.52106525100001,15.412565313],[107.51750696900001,15.41810661],[107.51871259600001,15.424313671],[107.52199316,15.426979635],[107.52298204000002,15.432657063],[107.52648538200002,15.437241211],[107.52664499100001,15.442176356],[107.52204480200001,15.445933998],[107.52348174,15.450145008],[107.522014448,15.451664824],[107.52271068200001,15.455132574],[107.52152948200002,15.45741103],[107.51512302800002,15.460375221],[107.51747553500002,15.464189502],[107.514906167,15.465377266],[107.51378286200001,15.472435517],[107.508539616,15.474441223],[107.49861882800002,15.47519941],[107.49272896500001,15.47892411],[107.48193536600002,15.476887341],[107.47757992400001,15.47835721],[107.47768362300002,15.481356391],[107.481342151,15.482947139],[107.48257796000001,15.487486333],[107.48056870700002,15.490956468],[107.47761197400001,15.491305554],[107.46896530600002,15.498560789],[107.46027590300001,15.498815764],[107.455005244,15.503034366],[107.451392264,15.503630939],[107.444253201,15.502429952],[107.43495873600001,15.503636836],[107.42988928400001,15.499628977],[107.43168907200001,15.492157785],[107.430304008,15.48985703],[107.42672164500001,15.4901332],[107.42282982600001,15.492992075],[107.41701065300002,15.490134355],[107.41438710700001,15.494610965],[107.410086149,15.491499644],[107.40823255100001,15.493283096],[107.396300828,15.492702474],[107.392175746,15.495405335],[107.38775594600001,15.494926727],[107.38577272200001,15.492553151],[107.38223909800001,15.493533958],[107.38190852500001,15.497876806],[107.37892211000002,15.501295451],[107.38054333100001,15.504109068],[107.38047964800002,15.508452654],[107.377830666,15.512521694],[107.378964199,15.517346993],[107.37577878400002,15.521669292],[107.37559195300001,15.530137],[107.372445112,15.535365979],[107.37269999100002,15.537809545],[107.36998432400001,15.538580848],[107.36933975800001,15.541776183],[107.36531561500001,15.547261745],[107.366643785,15.549226558],[107.36421413200001,15.557663555],[107.36674105000002,15.560220108],[107.365147981,15.569830096],[107.360461655,15.572051877],[107.35296277200001,15.569108598],[107.34973902000002,15.572661433],[107.34545491100002,15.572844614],[107.34324546000002,15.57575429],[107.347149561,15.579588302],[107.34462184400002,15.581979228],[107.34882889200001,15.587486644],[107.35389591700002,15.588724261],[107.35376853600002,15.592491221],[107.34989366700002,15.601218679],[107.34285154900002,15.603575215],[107.34379249500002,15.613927613],[107.33927729400001,15.616339834],[107.335507301,15.621877404],[107.32447745200001,15.623176613],[107.31698828000002,15.626279296],[107.29095319900001,15.623859281],[107.28480416200001,15.627524389],[107.28260151700002,15.63117577],[107.277651907,15.632931442],[107.27602714400001,15.634927481],[107.27683937700002,15.639042233],[107.27450991500001,15.644096676],[107.27809963000001,15.65027166],[107.277442465,15.652477426],[107.273552578,15.65510184],[107.265504012,15.654003302],[107.26404859300001,15.65852636],[107.26801073700001,15.670874278],[107.270943877,15.672956259],[107.27589393800001,15.681972788],[107.27601107100001,15.684574532],[107.27329206200001,15.687910251],[107.27701105400001,15.69719539],[107.273066287,15.703338984],[107.27538955500002,15.704061528],[107.27655534400002,15.707783232],[107.27171876500002,15.707086869],[107.26989479200002,15.709623626],[107.26727955900002,15.710418856],[107.26670745900002,15.720495784],[107.25489743900002,15.721362097],[107.24898978400002,15.726918749],[107.24832824600001,15.72978284],[107.251458878,15.731485117],[107.254121796,15.735041465],[107.25437329300001,15.73785087],[107.249465236,15.744634561],[107.24480557000001,15.745319793],[107.22333221200002,15.742852841],[107.21928757900001,15.739541654],[107.215341273,15.739997499],[107.213123801,15.738828661],[107.21146173100001,15.75721456],[107.21670321700002,15.759959414],[107.21970564500002,15.772728819],[107.21923734,15.777055692],[107.22560260300001,15.783002701],[107.22944528700002,15.783462219],[107.22606652400002,15.796629178],[107.22596733200001,15.800647495],[107.228316133,15.803283149],[107.22178673700002,15.811246188],[107.21601552300001,15.823107645],[107.21091646900001,15.825708961],[107.21611701200001,15.829783765],[107.21862850600002,15.828926963],[107.22041821000002,15.830183011],[107.22130920600002,15.83568749],[107.2256128,15.836308078],[107.22881628400002,15.838463919],[107.23159121700002,15.838130597],[107.23386051700001,15.843897547],[107.24808609500002,15.837627461],[107.25674118200001,15.84831085],[107.26964280500002,15.853021078],[107.27155398,15.859767569],[107.27537506000002,15.861565215],[107.27788415000002,15.858072022],[107.28131474700001,15.857785244],[107.28639771000002,15.860404718],[107.28945609800002,15.865426277],[107.29514127600001,15.865888225],[107.29843137700001,15.868463602],[107.30253604100001,15.864765335],[107.30826872900002,15.867523558],[107.31337059900001,15.86797028],[107.31459324900001,15.869126538],[107.31420214,15.872701951],[107.31690920200002,15.875241691],[107.31779122200001,15.880599276],[107.32496371700002,15.880772826],[107.329227466,15.887200841],[107.33552794500001,15.888532038],[107.34738202800001,15.893833135],[107.351445218,15.894060368],[107.36005577700001,15.8915857],[107.36942935000002,15.893425284],[107.37264156700002,15.889234291],[107.38254511400001,15.884718977],[107.38603120200001,15.887311633],[107.39313508700002,15.887170317],[107.397884673,15.89066776],[107.40161327500002,15.897287826],[107.40493482300002,15.898712769],[107.40951200100001,15.909457789],[107.41539641700001,15.912044303],[107.41912881600001,15.926118808],[107.42278245300001,15.926370059],[107.427891725,15.930906763],[107.42839846400001,15.933532175],[107.426858265,15.936577316],[107.43401549100001,15.96042756],[107.43814525000002,15.964264965],[107.446973123,15.98135051],[107.44277562700002,15.989771892],[107.44881358300002,15.988763434],[107.45172303400001,15.989920527],[107.455041121,15.999759514],[107.45488588600001,16.004752105],[107.46379963200002,16.016197445],[107.464847043,16.022874737],[107.46664427700001,16.024629836],[107.46308961800001,16.028342157],[107.457945144,16.028973336],[107.45717055700001,16.032418604],[107.453853125,16.036451779],[107.44760395900002,16.037905151],[107.446188856,16.039735022],[107.44547248900001,16.053777039],[107.44872192100001,16.057967555],[107.44875541200001,16.061756163],[107.46056385900002,16.072204855],[107.45652814000002,16.082214292],[107.45211400900001,16.085482433],[107.45261004500001,16.088058208],[107.450231439,16.088658992],[107.44858265300002,16.091352205],[107.44573071200001,16.091123586],[107.445291785,16.086730805],[107.44277785700001,16.082887827],[107.43972555200001,16.082089884],[107.43453294200002,16.083415488],[107.431701392,16.079839324],[107.42609433900002,16.077851125],[107.42324066800002,16.079301542],[107.41983586500001,16.078518311],[107.41731884600001,16.081564716],[107.411217547,16.084398946],[107.40302750500001,16.07806571],[107.40252781600002,16.07138565],[107.400191329,16.069092428],[107.40029894500002,16.064244313],[107.39862068600002,16.06244485],[107.392056488,16.06387824],[107.388152138,16.062554514],[107.377301486,16.074112246],[107.37327608500001,16.070929841],[107.36943206200002,16.063855633],[107.36543683500001,16.061248943],[107.35765880600002,16.063370219],[107.35063550200002,16.061675656],[107.34609198200002,16.062345559],[107.34287636900001,16.058206415],[107.33837000500002,16.055505852],[107.333134545,16.054888716],[107.333684415,16.056704421],[107.32917317700002,16.060591502],[107.328819207,16.066114198],[107.32736032400001,16.067880147],[107.32466573,16.07009713],[107.31879971700002,16.069982765],[107.31414704,16.074068936],[107.313236916,16.078411466],[107.307280782,16.081126791],[107.30162762200001,16.093315228],[107.29410598000001,16.100369997],[107.28945290500002,16.111637311],[107.285618616,16.114141534],[107.28370801500002,16.118642955],[107.27757424100001,16.11580044],[107.270813896,16.116052412],[107.26664837800001,16.118926302],[107.26220810200002,16.136905369],[107.25399551400001,16.13554816],[107.248709251,16.139897076],[107.24562221200001,16.146230026],[107.242053565,16.147590254],[107.22459881600001,16.141350917],[107.224057971,16.137368721],[107.21928377000002,16.141481758],[107.213677243,16.141166025],[107.20700907400001,16.145452499],[107.19749315000001,16.143884304],[107.19504491900001,16.145448283],[107.19362690400001,16.14420967],[107.186269652,16.15201743],[107.18237019700001,16.152298872],[107.175515529,16.15758118],[107.169673087,16.166486403],[107.16610764700002,16.166020582],[107.15937882800002,16.167922209],[107.156717936,16.171421393],[107.15710751800002,16.176225352],[107.15436715700001,16.183731921],[107.148384723,16.190411597],[107.149266511,16.198733575],[107.14644896100002,16.202205367],[107.14746823400002,16.209293401],[107.14381887700002,16.213801007],[107.146126605,16.221053703],[107.154473609,16.230965461],[107.15389726500001,16.233488085],[107.149040506,16.23568731],[107.14842231300001,16.237601436],[107.15257779900001,16.241819507],[107.15420032900002,16.247367782],[107.15314562400002,16.25269802],[107.156199741,16.25663016],[107.15295773400001,16.258975043],[107.15127163900002,16.262976082],[107.14829519700001,16.264224226],[107.14479609400001,16.270832843],[107.091160725,16.307609287],[107.08800726400001,16.311054245],[107.08090651200001,16.312067329],[107.07070682800001,16.303593439],[107.05199895600002,16.304697053],[107.048993992,16.302194061],[107.04676188700002,16.294946928],[107.04539625400001,16.294332233],[107.039071219,16.303030639],[107.02773808,16.310455817],[107.025245308,16.309811709],[107.02182680400001,16.304061267],[107.01782959600001,16.302844091],[107.01524509700002,16.304164453],[107.01545588300002,16.308373635],[107.006034393,16.313160473],[107.00020702300002,16.311737493],[106.995356768,16.307810096],[106.99038214100001,16.308871525],[106.98240787300001,16.304465972],[106.97063223500001,16.301786338],[106.96535346400002,16.301581933],[106.96065288200002,16.303823637],[106.95940105400001,16.309865806],[106.964806594,16.319819371],[106.96782217200001,16.335656445],[106.965622859,16.337311444],[106.967440844,16.347072851],[106.964884792,16.353916224],[106.94173712000001,16.363401987],[106.925884195,16.367651625],[106.91778549300001,16.374442883],[106.91466014200002,16.379938274],[106.908456443,16.382102284],[106.89933897000002,16.388891432],[106.897739913,16.391002769],[106.89575274100001,16.402165497],[106.89171603900002,16.409529067],[106.894730742,16.412491718],[106.89440443200002,16.418206001],[106.89790370900002,16.422103936],[106.89865600800002,16.425688707],[106.89154485600001,16.42658912],[106.88674004700002,16.421447076],[106.874064306,16.425985108],[106.87192830600002,16.428371303],[106.87156182100001,16.435786105],[106.87514029800002,16.43778321],[106.87955552600002,16.444873318],[106.88750898600001,16.449313747],[106.88818702300001,16.451163237],[106.88642564700001,16.455351217],[106.88683873700002,16.461857177],[106.88356630900002,16.467438255],[106.87737090700001,16.469319689],[106.876610897,16.475419464],[106.87914655500002,16.478130248],[106.878592014,16.484165932],[106.88662423400001,16.490941457],[106.88825483,16.501283719],[106.88715664500002,16.509269875],[106.890428577,16.511486691],[106.886570485,16.521805998],[106.87877911100001,16.525065824],[106.876703387,16.530991689],[106.87424120800002,16.532809068],[106.864849731,16.535973488],[106.8627787,16.54100204],[106.85083205200002,16.543590809],[106.84094184500002,16.548715014],[106.83077452900001,16.548751247],[106.83061841500002,16.541147589],[106.82412646600001,16.529403532],[106.82854932300002,16.521923478],[106.82591332500002,16.514829879],[106.82341514300002,16.512887738],[106.82281470500001,16.508703681],[106.81909508100001,16.503491314],[106.82021047700002,16.498991181],[106.80609998900002,16.477279886],[106.80217699,16.46354687],[106.79667537200001,16.475333049],[106.78618446800002,16.472899239],[106.779165767,16.469661593],[106.773614492,16.469608411],[106.771078764,16.46781637],[106.77047441000002,16.466428172],[106.773981767,16.463218508],[106.77542385400001,16.459054916],[106.77289030100002,16.45342571],[106.77321330600002,16.44722292],[106.775283389,16.443851771],[106.77224593500002,16.437085549],[106.77202439700001,16.431958221],[106.76294583500001,16.424932774],[106.74583669600001,16.423682737],[106.74594784000001,16.416813456],[106.74028150100001,16.41082449],[106.738269752,16.411676592],[106.737766407,16.418446778],[106.734095011,16.424226934],[106.73615735300001,16.436423661],[106.73472229200001,16.439149929],[106.72954225,16.43861738],[106.724247184,16.435093513],[106.724011028,16.433416974],[106.72999862000002,16.428987634],[106.729081813,16.426521293],[106.72611907800001,16.424841274],[106.71543971500002,16.432945423],[106.70176833900001,16.435720248],[106.695899843,16.439688736],[106.68766938700001,16.439150789],[106.686996923,16.44404716],[106.69293668000002,16.449150432],[106.68493033300001,16.457355494],[106.68279944200002,16.457615297],[106.67837760700002,16.451856662],[106.67599126700001,16.452083112],[106.67348733700001,16.461413643],[106.673975221,16.475416075],[106.66933740200001,16.476329146],[106.663173534,16.472605209],[106.660854858,16.472930175],[106.66143569200001,16.481969768],[106.66388272000002,16.486378],[106.65962732400001,16.492615947],[106.66343946300002,16.496336161],[106.66506275600001,16.5039641],[106.65420994500002,16.509862585],[106.652398485,16.512291793],[106.652915723,16.518570361],[106.64714748900002,16.522335019],[106.64771004500001,16.540582897],[106.65997977600001,16.5542104],[106.67245159300002,16.560245109],[106.67217503900001,16.562479756],[106.662214161,16.573507251],[106.662276689,16.576695441],[106.66732896,16.584131764],[106.65606030600001,16.58164833],[106.64884225000002,16.593304164],[106.646453137,16.594023208],[106.63223440500002,16.591139093],[106.63068805200001,16.58817834],[106.631345691,16.5831508],[106.62831194700001,16.582126496],[106.62538725400002,16.586492592],[106.62409356700002,16.593951179],[106.62615932700001,16.601678687],[106.61004754600002,16.607105058],[106.59771762200002,16.60612846],[106.58911463100002,16.601214322],[106.58573756400001,16.60120767],[106.58305186800001,16.60488341],[106.58203542900002,16.609515625],[106.58431217800002,16.613628618],[106.59056582600002,16.616631916],[106.59030250300002,16.623443356],[106.578180146,16.631201916],[106.57448288400002,16.635564624],[106.566047609,16.639629785],[106.56454711700002,16.644753773],[106.56665434800001,16.65141859],[106.56670765900002,16.658145163],[106.56450671200001,16.662624726],[106.566003062,16.66704609],[106.56011092500002,16.668748232],[106.554325603,16.690762674],[106.55129666900001,16.694343746],[106.55132543700002,16.865156915],[106.53867386300001,16.871197813],[106.53092925900002,16.886353894],[106.519216287,16.889762263],[106.514295321,16.89588518],[106.51861276900001,16.90179807],[106.52042601200002,16.901939198],[106.51691205300001,16.906376971],[106.51617352100001,16.910171525],[106.51953956100002,16.921944294],[106.52503573500002,16.92119953],[106.524206849,16.925572392],[106.52556164100001,16.924242614],[106.52651668300001,16.925701795],[106.52834555900002,16.924777478],[106.531089176,16.926166963],[106.536236904,16.924183804],[106.54315154400001,16.926564502],[106.54752255400001,16.925768895],[106.54932251900001,17.005153304],[106.54676606900001,17.005516347],[106.54452541300002,17.003184082],[106.54321678500001,16.994750342],[106.53714996200002,16.993226296],[106.53080100900002,16.978871686],[106.51530847600002,16.971516125],[106.50746965400002,16.973490403],[106.49664417100001,16.981027345],[106.47172597600002,16.983447925],[106.46537903900001,16.987574179],[106.46089653700001,17.000672939],[106.43980459600002,16.994925534],[106.43448208,17.002370926],[106.42962784500001,17.004522605],[106.42738645500002,17.007751862],[106.427569118,17.018159709],[106.42401856100001,17.026951184],[106.423456271,17.032334429],[106.414958956,17.037624625],[106.40599236100002,17.04677235],[106.40206802700001,17.053230539],[106.406358355,17.06184596],[106.41307779600001,17.068129485],[106.41600735300001,17.078680089],[106.41017708900002,17.081137863],[106.40793260100001,17.088494084],[106.39429391300001,17.098177393],[106.390368598,17.103558588],[106.38196277300001,17.105168862],[106.375796805,17.108754016],[106.37308646900001,17.111892638],[106.37233446400002,17.119069829],[106.36990222100002,17.124810557],[106.36560234900001,17.129832096],[106.35607233800002,17.134132246],[106.35475691,17.144180062],[106.352139528,17.146869844],[106.346253646,17.148031715],[106.34643930100002,17.149646935],[106.35428108,17.155574316],[106.35521234100001,17.159163837],[106.35072702500001,17.160954996],[106.34493085500002,17.166333857],[106.337642471,17.168481418],[106.33165495300001,17.178166461],[106.32791653900001,17.179778288],[106.32557276500002,17.18847914],[106.32183240200001,17.191885254],[106.32668605700002,17.196913918],[106.326123156,17.199425621],[106.30425056400001,17.208018727],[106.30742168800002,17.213584431],[106.30760375000001,17.218250043],[106.312089518,17.217716044],[106.31507787100001,17.219692598],[106.32536037400001,17.215754078],[106.32918311300001,17.224819162],[106.33422715400002,17.227156076],[106.334221053,17.233974847],[106.33403276300001,17.23541021],[106.330482177,17.234868913],[106.32468559800002,17.237555566],[106.317771485,17.236293356],[106.31365678600001,17.238981149],[106.307488794,17.239154883],[106.30823409500002,17.241308815],[106.315521376,17.243468936],[106.31757553500002,17.245444662],[106.31794653100002,17.248315983],[106.316448594,17.25100628],[106.31018633100001,17.251449095],[106.30793708600001,17.257368481],[106.30569493700001,17.256469115],[106.30475890900001,17.257903717],[106.307923314,17.270647037],[106.30622362500002,17.287153932],[106.30380039900001,17.295246834],[106.30023387900002,17.293787252],[106.29686658500002,17.295578304],[106.28583440100002,17.29664343],[106.27536703800001,17.294478739],[106.27490936600002,17.28649316],[106.28090655000001,17.274118457],[106.27736608500001,17.264604258],[106.27531281700001,17.262089762],[106.26933389700001,17.25992979],[106.26093034700001,17.253460104],[106.25177411900002,17.251295721],[106.25084921000001,17.244116987],[106.24972823600001,17.243756654],[106.245608177,17.249493622],[106.24000145500001,17.248948096],[106.23570064400002,17.250198563],[106.20865966400001,17.270168707],[106.200990247,17.273207934],[106.17908481100001,17.292553414],[106.172813884,17.296939518],[106.164769887,17.299438385],[106.162704798,17.304100258],[106.15334776600001,17.308570263],[106.14773965300002,17.308022165],[106.145867879,17.309095503],[106.13648876300002,17.324510257],[106.13459856000001,17.334734793],[106.113627484,17.347614854],[106.11063031000002,17.349941665],[106.110436504,17.353171131],[106.098833151,17.356916325],[106.09148909100001,17.361739788],[105.86183444100001,17.627344938],[105.84424479200001,17.627218396],[105.84333255900002,17.632853491],[105.83646925900001,17.640516558],[105.83086415100001,17.641237776],[105.83122733300002,17.647530987],[105.82928582100001,17.650115166],[105.81786644000002,17.65562765],[105.81379251500002,17.660054824],[105.80646617500001,17.655957937],[105.80374161200001,17.661129859],[105.793877144,17.663870583],[105.791322211,17.670359355],[105.78347469900001,17.670651714],[105.781542998,17.676298404],[105.77657119800001,17.673970864],[105.76826901800001,17.674179112],[105.75801284700002,17.668842165],[105.75071697900002,17.668501609],[105.74369268100001,17.720371063],[105.74293718900002,17.722352728],[105.73685759000001,17.719725326],[105.73005098500002,17.721688891],[105.728078585,17.731082503],[105.73009622500001,17.744609388],[105.722488253,17.749588823],[105.71914469900001,17.75661107],[105.71220201900002,17.756354114],[105.701044183,17.761695594],[105.698067261,17.767031791],[105.69398734500001,17.76907787],[105.68870692700001,17.780631513],[105.68820969900001,17.784678903],[105.67735731200001,17.792541465],[105.67566789400001,17.795361365],[105.67635236600002,17.802775439],[105.684219413,17.819579248],[105.68339810700002,17.833366802],[105.67796124600001,17.834948426],[105.673556141,17.846505137],[105.66586795200001,17.851285876],[105.66057279800002,17.856534999],[105.64980944900002,17.861263703],[105.642703519,17.860926961],[105.63646768000001,17.862351139],[105.619679501,17.874003939],[105.610889162,17.875033654],[105.60792432900001,17.877006652],[105.608016137,17.882622659],[105.60998692600002,17.887827049],[105.60874307600001,17.896989629],[105.61704817600001,17.905470085],[105.61896176600001,17.914226781],[105.621343249,17.917293762],[105.62322816800001,17.923872879],[105.62357970600002,17.941714512],[105.62767718500001,17.945209265],[105.62852390000002,17.951783699],[105.63416989800001,17.957309914],[105.63547330000002,17.960410023],[105.64242234900001,17.96250176],[105.64205281400001,17.971288354],[105.64398933600002,17.975690069],[105.64350868100001,17.992496536],[105.64137745600001,17.993751344],[105.63380813500001,17.991872278],[105.628790672,17.994606587],[105.62158605000002,18.000230229],[105.613628309,18.011795808],[105.60469622200002,18.009739657],[105.59807307400001,18.002261707],[105.59453704700002,18.004960748],[105.59331956100002,18.008973134],[105.58951230000001,18.009460167],[105.58696336100002,18.011587133],[105.58432314400001,18.010381977],[105.58116826900002,18.014030897],[105.583920313,18.019873348],[105.57939371200001,18.026624065],[105.58189387700001,18.029641688],[105.58220768100001,18.034455621],[105.584744416,18.037764064],[105.58510741200001,18.04333536],[105.58215859500001,18.048402393],[105.58234207800001,18.055099714],[105.58044959300001,18.061846925],[105.57548906500001,18.061346872],[105.57290537000002,18.064231472],[105.57253499600002,18.066601915],[105.57628668600002,18.068178725],[105.57645087300001,18.069758158],[105.57336540800002,18.072807369],[105.57108839000001,18.084008223],[105.56874599600002,18.086035317],[105.563382271,18.082003739],[105.55806749100002,18.080561065],[105.551254655,18.082222109],[105.546706674,18.080682226],[105.54012945,18.081964309],[105.538702573,18.094198107],[105.53962408000001,18.105141249],[105.53618395600002,18.108766498],[105.53523938900001,18.115860264],[105.52782028100002,18.118947779],[105.52598281700001,18.122764543],[105.52220384700001,18.125830849],[105.513164314,18.124545227],[105.51128208000002,18.119837283],[105.50576866100002,18.124452195],[105.50328374100002,18.133843218],[105.50638845600001,18.134796551],[105.50382385800002,18.139046875],[105.50640443000002,18.145248119],[105.512471611,18.1487652],[105.509671878,18.154316198],[105.51069241700002,18.15962617],[105.50790798500002,18.168172574],[105.50452108700001,18.172357029],[105.50615104600001,18.175171283],[105.50005809400001,18.189655029],[105.49922165800001,18.190170653],[105.49799620000002,18.184641943],[105.49402997500002,18.180108237],[105.49375472800001,18.176665716],[105.48844421500002,18.17667929],[105.48693487300001,18.185658254],[105.493642453,18.199720717],[105.49111400800001,18.202920388],[105.48564639700001,18.200530446],[105.480520561,18.19595268],[105.461843318,18.203190694],[105.460050062,18.205735046],[105.45497154600001,18.204505371],[105.45408222000002,18.202926918],[105.452317242,18.205019674],[105.448357752,18.202912186],[105.44272578700001,18.204449345],[105.44215770500001,18.201515443],[105.446460768,18.19955795],[105.447193972,18.197834624],[105.44662434100002,18.194251561],[105.44153507700001,18.188646826],[105.439719179,18.182187765],[105.43824698600001,18.180397485],[105.43135478300002,18.179207893],[105.426453214,18.183664143],[105.42046312500001,18.183567374],[105.41431671300002,18.172340892],[105.41526452100001,18.165831222],[105.41241137400002,18.157035368],[105.409268335,18.15408552],[105.400532167,18.160462449],[105.39217751500001,18.159632136],[105.383510131,18.170003567],[105.37632795800002,18.165512156],[105.37641341000001,18.160309753],[105.36793406000001,18.160901611],[105.36360985400002,18.163930841],[105.36192160200001,18.170271076],[105.35189166700002,18.184207945],[105.35029800800001,18.184412192],[105.34936236700001,18.182860247],[105.33624017600002,18.182414759],[105.33822963400002,18.188042653],[105.337648502,18.191167424],[105.32883692100002,18.191902025],[105.32947152000001,18.193454588],[105.32661487800002,18.193891055],[105.31990628100002,18.200381095],[105.321652666,18.205155608],[105.32592249800001,18.209774198],[105.32551834000002,18.220450713],[105.32342021600002,18.223070875],[105.32324748600001,18.227980068],[105.325392743,18.232892204],[105.32487560900002,18.237327018],[105.32809054700002,18.240950956],[105.33128748500002,18.252704897],[105.32864802300001,18.258265432],[105.329970443,18.262308332],[105.32860894400001,18.264610998],[105.32205536700002,18.264729404],[105.32005077500001,18.266555514],[105.315388788,18.264311638],[105.31036475000002,18.266117751],[105.30518321200002,18.256822662],[105.30682956200002,18.251833152],[105.30303025700002,18.244395207],[105.303258632,18.24016296],[105.29958515000001,18.236275359],[105.295746242,18.244100978],[105.29928880300001,18.254843579],[105.29694690100001,18.256231347],[105.29224628000001,18.254942205],[105.290536541,18.25646538],[105.28810820500001,18.254831454],[105.28736060700001,18.258907047],[105.28171721500001,18.260767378],[105.28104945000001,18.257503019],[105.27705873600001,18.253990021],[105.274817346,18.254519537],[105.27285745800002,18.259093912],[105.27074870000001,18.259789013],[105.26726012200001,18.257922364],[105.261453427,18.258218107],[105.255443675,18.254948405],[105.255952105,18.264477005],[105.25834496300001,18.266863313],[105.25793085200002,18.269427349],[105.24627266800002,18.287895077],[105.24307269200001,18.296389953],[105.236505125,18.297787918],[105.230872478,18.302825334],[105.22488429200001,18.302943718],[105.22224073600002,18.304447684],[105.21756881200001,18.302890471],[105.215631103,18.307359589],[105.20850257500001,18.314302022],[105.19333152100002,18.318181182],[105.19035593000001,18.322144778],[105.18434076600002,18.324791056],[105.18444897200001,18.33094715],[105.19026603200001,18.346186062],[105.18887550100001,18.353373965],[105.185744373,18.357347936],[105.185820555,18.360927113],[105.18347680100001,18.361885533],[105.18282810900001,18.365448598],[105.17846865800001,18.371177688],[105.18168750900001,18.375744827],[105.181789652,18.379734318],[105.184618834,18.386287168],[105.17973250500002,18.390191159],[105.17871156000001,18.388973919],[105.172786471,18.392142055],[105.16716839300001,18.392025083],[105.16529431500001,18.387091561],[105.15796842300001,18.386526772],[105.15056270900001,18.388648751],[105.150829338,18.39183235],[105.14705814900002,18.396106286],[105.14537245500001,18.400612336],[105.147348516,18.403580187],[105.143657185,18.406650248],[105.138027887,18.408016209],[105.137388021,18.409722208],[105.13728827900002,18.411935392],[105.14044454000002,18.412881548],[105.14020701000001,18.419600574],[105.13477898500001,18.415907522],[105.13140881400001,18.416561861],[105.13032977700001,18.415307715],[105.12071044200002,18.419187806],[105.11860845100001,18.432347511],[105.10986071,18.434682362],[105.10346925300001,18.447354003],[105.108249694,18.45520297],[105.104932118,18.460818964],[105.10862108300002,18.465087211],[105.10731439700001,18.476382254],[105.10984613900001,18.479546244],[105.10965401700001,18.485839642],[105.11361899100001,18.49119406],[105.11354127800001,18.492392779],[105.11030614600001,18.49364957],[105.11305386300002,18.496682267],[105.11005822400001,18.502463049],[105.112117276,18.509996615],[105.110987977,18.512299198],[105.11421211200002,18.514670943],[105.11553151500001,18.519446115],[105.12028710900002,18.522950058],[105.115445828,18.527617808],[105.11511456800001,18.538823676],[105.122741661,18.541341451],[105.12872951700001,18.548199452],[105.12851617100002,18.556092983],[105.140144739,18.562110103],[105.133930219,18.570206785],[105.13576820500002,18.581912231],[105.13867309200002,18.583798245],[105.13577161500001,18.58631795],[105.13477971200001,18.591428214],[105.15021288500002,18.605190583],[105.156349024,18.606595693],[105.15986893300001,18.613590847],[105.17000773500001,18.609522982],[105.17377103900002,18.605649963],[105.177306518,18.60588161],[105.181070024,18.60250607],[105.186179507,18.602197743],[105.18738555700001,18.604357109],[105.19074660600002,18.605184616],[105.192445637,18.61068215],[105.19126349800001,18.61455971],[105.19189318200002,18.620944688],[105.18930561700002,18.625906289],[105.18974948800002,18.628168778],[105.198179965,18.640330843],[105.19424796100002,18.649547878],[105.18883763,18.649211733],[105.18691554500002,18.651180831],[105.18475996,18.658209766],[105.17928882800001,18.660380767],[105.16823707600001,18.657193627],[105.162386483,18.668083034],[105.15213546800001,18.678952284],[105.143512682,18.680680194],[105.137005416,18.686641878],[105.13576282900002,18.690097578],[105.14001936900002,18.69201382],[105.140851069,18.699124562],[105.14563313600001,18.703333742],[105.13690986700001,18.709614472],[105.13389861800002,18.716704595],[105.122666852,18.714450991],[105.11570215300002,18.715058763],[105.11071381700002,18.712231565],[105.104676526,18.705458824],[105.095065286,18.706341446],[105.08473925400001,18.709563902],[105.07391617300001,18.705924019],[105.06715127800001,18.709424823],[105.05641404700002,18.707868359],[105.05183541800001,18.708739682],[105.05488363200001,18.718544942],[105.06075227800001,18.72470497],[105.05651020900001,18.728715273],[105.051810115,18.730432596],[105.038728168,18.726202687],[105.03668333300001,18.728543008],[105.03664009200001,18.73332928],[105.03096537200001,18.730145426],[105.023286847,18.731762743],[105.018992089,18.735760725],[105.01827654300001,18.739758202],[105.01950423900001,18.743463074],[105.02289145000002,18.746940063],[105.02250663900001,18.749245677],[105.01857705000002,18.745896958],[105.015406526,18.746384746],[104.99746539000002,18.737635134],[104.99188623700002,18.742305933],[104.98830721800002,18.742597612],[104.98167598600001,18.738218079],[104.97236627900001,18.740699795],[104.963675551,18.740940207],[104.94220252100001,18.738404691],[104.940833761,18.739280046],[104.941825265,18.744513178],[104.94006678100001,18.750105713],[104.93427436700001,18.756721006],[104.94006203900001,18.763534732],[104.93824005000002,18.770287994],[104.925316093,18.779488437],[104.92415680500001,18.782017984],[104.91392063200001,18.786673005],[104.90676441100001,18.785600331],[104.89741063200002,18.786286868],[104.891305232,18.783850723],[104.87403713700002,18.784521016],[104.87010881600001,18.779943271],[104.86214445600001,18.778090139],[104.85901017400002,18.773255848],[104.85246000500001,18.775844507],[104.84550504500001,18.78255332],[104.84212085800002,18.783937978],[104.81002416000001,18.781061015],[104.80537530600002,18.778550171],[104.80043753800001,18.779719378],[104.79452756900001,18.782984745],[104.79002609000001,18.787593723],[104.78344206300001,18.800547307],[104.772600836,18.798604863],[104.76150219100002,18.791879782],[104.74847873300001,18.799647851],[104.73992598900001,18.80039118],[104.73707466400002,18.804453475],[104.73695201400001,18.813683567],[104.726543067,18.816856494],[104.72187052400001,18.816597843],[104.719964853,18.822677014],[104.715370477,18.828290698],[104.71368348700001,18.835167097],[104.70980329900001,18.835328894],[104.70681019300001,18.832471922],[104.70468661000001,18.836663056],[104.69895261,18.837996171],[104.692656569,18.833162238],[104.67907185500002,18.835991535],[104.670770607,18.842352709],[104.671152657,18.849945358],[104.669471529,18.852794567],[104.661969053,18.856052818],[104.65476618200002,18.863631555],[104.63941134500001,18.86796469],[104.62938192900002,18.876711393],[104.62823256800002,18.877967432],[104.63007058500001,18.884430553],[104.62918413800001,18.886442064],[104.61783797100001,18.891662131],[104.599302977,18.896488616],[104.59333658300001,18.901550976],[104.58116499300002,18.900852761],[104.57964734700002,18.908063774],[104.574648245,18.913966487],[104.56219080400001,18.938055295],[104.55348013600002,18.945542495],[104.54861025400001,18.95182227],[104.545075202,18.970142987],[104.542683581,18.973408738],[104.53052435,18.982312239],[104.52263554000001,18.978810811],[104.51393948600001,18.979920626],[104.50756065700001,18.988292454],[104.50431680000001,18.995875525],[104.49590705700001,19.00415761],[104.48840659900002,19.003465944],[104.48187089200002,19.004789897],[104.47173579400001,18.985928725],[104.46184692700001,18.987242386],[104.451489985,18.98322739],[104.445486302,18.983964517],[104.44034351200001,18.991163207],[104.42952907500002,19.0000947],[104.424319476,19.001999423],[104.41938,19.005860129],[104.41820839400002,19.011479242],[104.41916099600002,19.016767011],[104.40617236000001,19.032789732],[104.39767068600001,19.040228018],[104.39637042900002,19.045802166],[104.399092757,19.04983751],[104.39872785900002,19.053107783],[104.39274834800001,19.058582738],[104.377901598,19.062224151],[104.36584802700001,19.074178569],[104.34647173800002,19.072726877],[104.30860483100001,19.090707597],[104.30346440800001,19.095134038],[104.29910385100001,19.113529884],[104.292484588,19.112414097],[104.28826410600001,19.118311558],[104.27199791000001,19.121687173],[104.26198530600001,19.118921102],[104.24691276500002,19.112149447],[104.23943819500002,19.114677106],[104.22618729100002,19.11529291],[104.21804462100002,19.118949244],[104.21308061900001,19.123400363],[104.21228576100002,19.129582832],[104.21536374700001,19.134917381],[104.21766314000001,19.143692743],[104.22390110700002,19.150933068],[104.22281398100002,19.156716342],[104.216657085,19.160339003],[104.20013254000001,19.161190444],[104.19809338200001,19.162691396],[104.19493744400002,19.166745876],[104.19048669000001,19.182621766],[104.18327421200001,19.1939137],[104.17919091600001,19.197670097],[104.16146322300001,19.199812662],[104.15134846500001,19.199220961],[104.14365014200001,19.201282168],[104.13447355900001,19.206113933],[104.126929286,19.205061735],[104.11700025700002,19.219315589],[104.11096753900001,19.223648147],[104.10928977400002,19.223388377],[104.10305711600002,19.215641074],[104.10093852100002,19.215211295],[104.09198074400001,19.229132983],[104.07640998100001,19.239917294],[104.06920521300002,19.248017],[104.06073923100001,19.244618616],[104.05423554,19.245885209],[104.04885809800001,19.243424934],[104.03486048900001,19.241464404],[103.99955693200002,19.232525306],[103.98885327900001,19.242012765],[103.967473491,19.247638965],[103.95988116800001,19.253242595],[103.95213943700001,19.261412252],[103.92390071900002,19.285415797],[103.91655612200002,19.29673386],[103.91685317600002,19.301976161],[103.91529681800002,19.303392262],[103.902731447,19.308599589],[103.89503402400001,19.309559286],[103.89103945100001,19.307335304],[103.88881669700001,19.30312664],[103.88515184700002,19.302379746],[103.873243635,19.309047047],[103.87275972300002,19.314394926],[103.874537068,19.320466402],[103.87967731300002,19.323194761],[103.88426554000002,19.328204719],[103.892770237,19.33180476],[103.90559718100002,19.331300411],[103.909317463,19.332429677],[103.913918719,19.335636492],[103.918708476,19.341952743],[103.93023206,19.344788332],[103.95117372700001,19.358081628],[103.951587814,19.363292942],[103.95625687700002,19.365477173],[103.95850107400001,19.36908091],[103.95909755600002,19.378494497],[103.955428159,19.383199956],[103.96429833200001,19.391043073],[103.971356709,19.392985052],[103.97537841000002,19.398699228],[103.98715373600001,19.400227258],[103.99121135800002,19.405061358],[103.99463338100001,19.406556453],[104.01064376600002,19.403564403],[104.01333199200002,19.408007336],[104.01721912300002,19.40870445],[104.02059498700001,19.417228064],[104.028769421,19.416130728],[104.032744481,19.420037752],[104.04761424400002,19.426611056],[104.04927517800002,19.425858786],[104.05205543200002,19.419242905],[104.06143285000002,19.417525361],[104.06513913200001,19.41863142],[104.06970969500001,19.416312686],[104.06932461400001,19.435293163],[104.07340528200001,19.449592564],[104.07199433900001,19.451086163],[104.06384497600001,19.452116223],[104.06297654200002,19.453655371],[104.07404462500001,19.460496418],[104.08206892800001,19.469162299],[104.084443653,19.476478085],[104.08363156500002,19.481473675],[104.08957905000001,19.488855231],[104.08974889900001,19.494944349],[104.09138182400001,19.498474383],[104.09889930300001,19.49160923],[104.10770806300002,19.489975597],[104.11136477900001,19.492593273],[104.115266908,19.499607566],[104.119656786,19.501496415],[104.12004738400002,19.504084186],[104.11310017500001,19.508805507],[104.10774832000001,19.51663841],[104.10131246300001,19.522194926],[104.106210302,19.533352422],[104.106942025,19.543865687],[104.10470949600001,19.546911453],[104.104329395,19.552992573],[104.10485369300001,19.569723214],[104.099870887,19.575990285],[104.08398801300001,19.582792024],[104.07125531100002,19.598687838],[104.06998033900001,19.605873697],[104.06064068900001,19.612724583],[104.05831981300001,19.620130365],[104.05998493300001,19.627556965],[104.06577009400002,19.636493211],[104.06445149900001,19.642889428],[104.056492352,19.648597188],[104.05585203900002,19.652584632],[104.06575481700001,19.663684403],[104.07000344700002,19.675926767],[104.06821345000002,19.681734574],[104.06918693700001,19.683105245],[104.07272091300001,19.681700267],[104.07992000500002,19.676281027],[104.08360294,19.67140714],[104.09107963100001,19.667093643],[104.10244086000002,19.664106894],[104.105443062,19.661979814],[104.11641088200001,19.66138025],[104.126272053,19.663525435],[104.13093764300001,19.660932501],[104.14220761100002,19.665969675],[104.14993775200001,19.667291649],[104.15324537600002,19.670170826],[104.15451401300001,19.672656939],[104.153201977,19.687441769],[104.15789876100001,19.697114087],[104.16931176500002,19.69349206],[104.17047180300001,19.689484046],[104.17289734300002,19.688638408],[104.17909064100002,19.693694882],[104.19209174400001,19.695129375],[104.19685422200001,19.692151926],[104.207151676,19.702727347],[104.23239,19.70696327],[104.23833649800001,19.704508447],[104.244693937,19.705550088],[104.25444014400001,19.702772335],[104.26018128200002,19.703607948],[104.268899138,19.697194954],[104.28439167200001,19.693852691],[104.302752991,19.696630751],[104.31574790600001,19.688721378],[104.32018341900002,19.683935647],[104.32086558200001,19.679766811],[104.31687149800001,19.670123638],[104.32002167300001,19.66605442],[104.32085756700002,19.668207576],[104.32679035400001,19.672306282],[104.33763800900002,19.67780892],[104.34115489100002,19.685240645],[104.349425367,19.691657013],[104.35296976200001,19.69243064],[104.35972720900001,19.691068938],[104.36640520000002,19.695277627],[104.38094125500001,19.69473061],[104.38659218200002,19.698391575],[104.401072045,19.696268606],[104.40311714700002,19.697368541],[104.40251651500002,19.703478048],[104.412707691,19.70493242],[104.42319947500002,19.700896718],[104.42290245800001,19.697980222],[104.41968877100001,19.693502675],[104.42275933700002,19.690806461],[104.42058593300001,19.683431905],[104.42140745400002,19.679341495],[104.427690444,19.672788852],[104.44497321900002,19.673340356],[104.44851359700002,19.659701967],[104.45030779900002,19.657320712],[104.46200705400001,19.65404941],[104.47436904000001,19.656845697],[104.48979109600002,19.65562216],[104.49242875300001,19.652099216],[104.49853336900001,19.648536146],[104.49916225500002,19.640557122],[104.505519285,19.631549652],[104.5068264,19.624914953],[104.51697169700002,19.622058391],[104.52678633200001,19.615396453],[104.53266642100002,19.616107957],[104.537580966,19.614703496],[104.542711487,19.620484752],[104.54465446300001,19.620589061],[104.554355654,19.615791863],[104.55776690800002,19.610201511],[104.56069320700001,19.616000333],[104.568774317,19.615775465],[104.572589535,19.622845472],[104.579583104,19.629798617],[104.58892630800001,19.632157303],[104.59735814800001,19.631505057],[104.60761686,19.635580316],[104.61240023,19.634098989],[104.61713753700002,19.629882419],[104.62462621200001,19.628182697],[104.62994141700001,19.623668644],[104.63449293,19.622093],[104.64016500500001,19.622203902],[104.646094309,19.624801419],[104.64713426800002,19.632046652],[104.65108427000001,19.636819841],[104.64909437300001,19.646089796],[104.645292757,19.650921091],[104.64563738900002,19.653516924],[104.65414738100002,19.655919575],[104.65516024700001,19.658980356],[104.66182630300001,19.661727947],[104.662135559,19.664562841],[104.65981917600001,19.666845889],[104.65873088700002,19.672189259],[104.66399542700002,19.679633167],[104.670524854,19.685438294],[104.663161873,19.701361513],[104.671623226,19.70078052],[104.67499297700002,19.710458157],[104.68268274300002,19.714972113],[104.69044124100002,19.726967167],[104.70067844400002,19.730915078],[104.703749248,19.733789537],[104.710141801,19.743834331],[104.71230530100001,19.753757946],[104.719473285,19.757821993],[104.72367728700002,19.758574375],[104.73349149500001,19.752249263],[104.75339035600001,19.750164471],[104.757434802,19.752159068],[104.76104808100001,19.761313292],[104.76590543400002,19.764875101],[104.76113450000001,19.773893918],[104.77390612200001,19.776247615],[104.77854685800001,19.779532876],[104.78048922500001,19.783402456],[104.79228487400002,19.787642153],[104.79598201400002,19.790310306],[104.80518845600001,19.786095058],[104.817151719,19.784187379],[104.82554543600001,19.786831024],[104.830964035,19.791356475],[104.83526419700001,19.804478769],[104.83163094900002,19.814227636],[104.83392150800002,19.827001804],[104.84448570700002,19.840264265],[104.84383323800002,19.843437517],[104.838047076,19.848202665],[104.83329235200002,19.847832818],[104.83219871500002,19.851948053],[104.83389066300002,19.856662205],[104.842076868,19.861420702],[104.84695008000001,19.869753687],[104.84365187400002,19.878964344],[104.84048397100001,19.883135516],[104.84047780800002,19.889290678],[104.84380546500002,19.89327525],[104.84417122900001,19.904855052],[104.84818896800002,19.910821327],[104.84263444400001,19.912028267],[104.84028501600001,19.91437282],[104.83968955300001,19.91749964],[104.841900465,19.918629],[104.84241435800001,19.924394472],[104.84666786600002,19.929717421],[104.862610255,19.943259819],[104.88682821000002,19.95347426],[104.90290849800002,19.96779979],[104.90832089000001,19.982752453],[104.90702118900002,19.998400836],[104.91219740200002,20.002676523],[104.91661767,20.004092525],[104.91684705400002,20.008169892],[104.919709925,20.008813953],[104.92008695400001,20.012617895],[104.918211491,20.015942863],[104.92588075400002,20.021211486],[104.92821687700001,20.027893184],[104.93959425500002,20.039797413],[104.94367063300001,20.040911309],[104.94398946500002,20.043006681],[104.94770661400001,20.044187227],[104.94893252000001,20.047305689],[104.95370301500002,20.047505678],[104.96054467000002,20.050813634],[104.96535802000001,20.058576828],[104.97189132400001,20.061578724],[104.97387953700002,20.064839877],[104.97222122500001,20.067665807],[104.975997383,20.079624657],[104.981385545,20.081970742],[104.98004877000001,20.085215807],[104.98462821500001,20.087318482],[104.98990086600001,20.093936128],[104.99376778000001,20.09480717],[104.99005180600001,20.096888345],[104.97209629100001,20.098055521],[104.96500385600001,20.099859949],[104.96038806100002,20.105141972],[104.961199289,20.112122421],[104.953013937,20.114946415],[104.94846852600001,20.121697368],[104.934322133,20.126319094],[104.93434815600001,20.128048627],[104.92688776700001,20.134150741],[104.925606545,20.139228363],[104.921796412,20.142053863],[104.92253685100002,20.146121176],[104.92986893200002,20.150376083],[104.930258981,20.152623808],[104.92713828900001,20.158924354],[104.92021928900002,20.157278029],[104.91860153600001,20.155448028],[104.91154021800001,20.155024779],[104.90706793800001,20.150434372],[104.89753928600001,20.147053442],[104.88708004000001,20.147381512],[104.88290474500002,20.143610944],[104.87853360000001,20.143296286],[104.87583725800002,20.145606934],[104.87058834400001,20.142745022],[104.861893261,20.14159372],[104.85855055400002,20.143419063],[104.855582706,20.147476225],[104.85138578500002,20.147434518],[104.84840443600001,20.149922034],[104.84211889500001,20.148926036],[104.83967853900002,20.155236561],[104.83694947500001,20.158144764],[104.83246499700002,20.155494381],[104.82400296300001,20.160060754],[104.82028274200002,20.170748732],[104.81438577500002,20.172069624],[104.80738063500002,20.177975829],[104.802934254,20.179376065],[104.79978123700002,20.18302838],[104.79696826500002,20.183175311],[104.78914604200001,20.191390439],[104.77977885400001,20.19393097],[104.77524702800001,20.198291132],[104.76872546000001,20.20023903],[104.76562274600002,20.198841871],[104.76144624900002,20.19923215],[104.75776479100001,20.200781521],[104.752101652,20.198845094],[104.74069923600001,20.199077817],[104.73304011800002,20.202585872],[104.72612759700002,20.200580846],[104.71960685000002,20.201025005],[104.715065117,20.205813082],[104.71162773000002,20.20514027],[104.70691359500002,20.206452333],[104.70227647100002,20.212178424],[104.68583917200002,20.218118482],[104.67811167900001,20.21606584],[104.668369057,20.218247538],[104.666587473,20.227534386],[104.66403862400001,20.228739431],[104.661257841,20.233096773],[104.64745674500001,20.233329246],[104.64454829400002,20.234813984],[104.63054441400001,20.229255312],[104.62600198000001,20.234281165],[104.61405750100002,20.242781963],[104.612372821,20.252674254],[104.60913630700001,20.256127091],[104.61200649500002,20.264042235],[104.610424688,20.275178839],[104.61450472400001,20.275220297],[104.61220551000001,20.279786473],[104.61554406600001,20.280763046],[104.61714503800002,20.291901953],[104.62276666000001,20.294011591],[104.62127410100001,20.296811301],[104.61850220100001,20.296516452],[104.62073785600002,20.299729708],[104.61769117700001,20.299163036],[104.618066139,20.303006105],[104.615624194,20.305078405],[104.615076322,20.311239216],[104.61868246800002,20.313984089],[104.617431844,20.31795939],[104.620352038,20.320143859],[104.619891132,20.323704763],[104.61753164500001,20.326748729],[104.61916980900001,20.330379255],[104.61765304700002,20.333596977],[104.619472529,20.33485971],[104.621703636,20.34195664],[104.61869749700001,20.346167446],[104.615532369,20.347132699],[104.61482988700001,20.35105198],[104.61728557900001,20.361146239],[104.62000671800001,20.362473911],[104.622222015,20.366003657],[104.628682284,20.366279695],[104.63076906700002,20.370196996],[104.64630637600001,20.374058213],[104.648615751,20.375741375],[104.64680583900001,20.379367459],[104.65449750700002,20.381208075],[104.656546591,20.383157041],[104.66235568200001,20.383891673],[104.66678692100001,20.387429383],[104.66985474700002,20.387426272],[104.67175601100001,20.390012699],[104.67484045400002,20.391078299],[104.677657019,20.395729728],[104.681251028,20.395835441],[104.68351070800001,20.403700638],[104.69778076400002,20.399102077],[104.70620556800002,20.399678327],[104.71398107800002,20.397929731],[104.71713900300001,20.400423137],[104.71974058500001,20.406710939],[104.70959331400002,20.410428055],[104.70003911300002,20.422188259],[104.69645437800001,20.430130021],[104.688331599,20.43283519],[104.68569545800001,20.442227063],[104.67736545800001,20.445271204],[104.67294559900002,20.449552537],[104.664732491,20.451878777],[104.66352835300002,20.459884638],[104.67067094100001,20.464770419],[104.66695681800002,20.469873683],[104.664678574,20.470925592],[104.65971252800001,20.470115232],[104.66098468100002,20.474904443],[104.64727308700002,20.472092884],[104.64426845100002,20.468719778],[104.64031812200001,20.468096958],[104.63819712100002,20.465413805],[104.635385729,20.465788456],[104.632239772,20.463190891],[104.62483801400002,20.461228014],[104.623868521,20.457712493],[104.62021073800001,20.455040247],[104.62170951800002,20.451706072],[104.61285000200002,20.446672472],[104.61416569600001,20.442989319],[104.61870566200001,20.441641292],[104.61830152200001,20.434481728],[104.615766789,20.432012411],[104.61269024200001,20.424857211],[104.60885662600002,20.421866152],[104.598434101,20.416449143],[104.59030401000001,20.414966479],[104.58240459100001,20.4144353],[104.57720354000001,20.414789005],[104.57319320500001,20.416813835],[104.56428450500002,20.416352717],[104.56089528600002,20.412801512],[104.55585796900002,20.412949824],[104.548016411,20.408655283],[104.544261555,20.408176988],[104.539499008,20.40957878],[104.53713113600001,20.41522505],[104.52772214600002,20.413309296],[104.52843794300001,20.402075625],[104.52561349400001,20.394158479],[104.52086861500001,20.390903929],[104.51606846900002,20.38979988],[104.51142899400001,20.385250943],[104.50645076100001,20.385309473],[104.50026959700001,20.382916322],[104.49644353700002,20.383340589],[104.490776108,20.37672346],[104.47447965200001,20.368954319],[104.46813687500001,20.36873265],[104.466463943,20.372761048],[104.46328801900002,20.371130483],[104.455865177,20.372728233],[104.45274370000001,20.37778331],[104.44721239000002,20.379810129],[104.44670860600002,20.377497769],[104.43797468200002,20.37572888],[104.42725867700001,20.378795102],[104.42096510300001,20.376341251],[104.414158143,20.381065068],[104.40776648600001,20.388356521],[104.405868706,20.394401389],[104.40775624100002,20.395113375],[104.40453227000002,20.402520842],[104.40608415400001,20.413175173],[104.415551813,20.426808296],[104.410205016,20.426023727],[104.40848688900002,20.4285544],[104.39751194300001,20.434593716],[104.391830436,20.440571667],[104.38621812100001,20.44316768],[104.38162398100002,20.443204266],[104.37849396500002,20.441396427],[104.37675036300001,20.443134029],[104.38106210600002,20.450626703],[104.379998631,20.457360308],[104.37595308600001,20.467148097],[104.377256505,20.470455512],[104.38074205100001,20.474536879],[104.39003106800001,20.477713743],[104.39237495600001,20.480152736],[104.39160862800001,20.482660062],[104.38753529000002,20.485314395],[104.387600958,20.489964695],[104.39735869800002,20.48820223],[104.40668105700001,20.490295163],[104.41438968400001,20.489475829],[104.42110539600002,20.491902568],[104.43355397900001,20.502828821],[104.437281745,20.508669164],[104.44467457300001,20.507614581],[104.44944099900002,20.510410355],[104.46910622100002,20.513951366],[104.47436651400001,20.516252819],[104.482608854,20.523537645],[104.48722659600001,20.53193624],[104.50025665900002,20.545065649],[104.50788896300001,20.543838075],[104.51492199700002,20.549494625],[104.51880094500001,20.548314297],[104.52335752200001,20.549631683],[104.528162863,20.556187952],[104.523843753,20.561589083],[104.52686331500001,20.567760312],[104.52607881400002,20.569556941],[104.52785388800001,20.572782706],[104.53441428100001,20.576579064],[104.53545235500002,20.58812007],[104.53811128500001,20.589661985],[104.54138150100002,20.598513491],[104.54639622900001,20.598506842],[104.549083695,20.601610655],[104.55474508300001,20.602677522],[104.55741378400002,20.60677337],[104.56307474000002,20.608080363],[104.57788600900001,20.606899548],[104.58488164100001,20.610358924],[104.59706194000002,20.608463573],[104.60199917400001,20.606009425],[104.61193363500001,20.620504817],[104.624175176,20.624561084],[104.62639046400001,20.626262132],[104.626605714,20.629550014],[104.63039610700001,20.632214462],[104.631570452,20.643052097],[104.63386969200002,20.644779518],[104.63597516300001,20.651647886],[104.640224388,20.652618384],[104.64115885800001,20.654945341],[104.64156994900002,20.662332456],[104.63869420400002,20.670518547],[104.627906296,20.672308562],[104.60648737600002,20.670112359],[104.59369389500002,20.674044383],[104.585677884,20.680471437],[104.58750531400001,20.691353755],[104.583411671,20.699603051],[104.56909477100001,20.710714213],[104.56522328000001,20.715673428],[104.56115243900001,20.715327307],[104.55728603700001,20.718406203],[104.551997862,20.719064013],[104.535589303,20.711902963],[104.53031526600002,20.70799413],[104.52669753700002,20.699859379],[104.52441564800002,20.698644444],[104.51525183100001,20.705333632],[104.50838509600001,20.708268617],[104.50951502200002,20.712300599],[104.49937160800002,20.712271403],[104.494426986,20.717024407],[104.48938923900002,20.72815589],[104.48969486900002,20.743533327],[104.485375407,20.753189465],[104.483830421,20.766278373],[104.47323564800001,20.771752229],[104.47122594800001,20.774297561],[104.47092601100002,20.778325439],[104.45899435900002,20.77754966],[104.45341068600001,20.78021781],[104.450964421,20.784775853],[104.450500575,20.794443383],[104.449061924,20.796990263],[104.433343774,20.795461881],[104.427789814,20.789937573],[104.41381546100001,20.799760739],[104.40705670000001,20.810077931],[104.400398421,20.812807705],[104.39407347,20.821514341],[104.38418649400002,20.826984935],[104.38175930700001,20.826170487],[104.38093063100001,20.819050161],[104.37434548200001,20.821174906],[104.36134755200001,20.835294476],[104.35504459500001,20.838090883],[104.34930348600001,20.843172152],[104.34848966900002,20.849547756],[104.341334263,20.850863311],[104.33745059700001,20.856085529],[104.33729407800001,20.859173583],[104.33173254200001,20.855660499],[104.32929984400002,20.856053791],[104.32842463800002,20.859944717],[104.33390254500002,20.866210553],[104.335597993,20.870917201],[104.33355200800001,20.880846572],[104.32772476800001,20.888679573],[104.31263730900001,20.903928339],[104.296375089,20.909703621],[104.29475765900001,20.919096957],[104.292308646,20.922712568],[104.28128237900002,20.924949342],[104.27379800800001,20.919479121],[104.26665578100001,20.917300009],[104.26423505000001,20.915006771],[104.26469363200002,20.908965862],[104.26327895300001,20.905736926],[104.257594327,20.898192297],[104.25028498600001,20.901114667],[104.24022250100002,20.911007367],[104.23768019700002,20.91871747],[104.24166535600001,20.922763721],[104.24378425800002,20.928144523],[104.242615467,20.93297362],[104.235386923,20.933679955],[104.225917664,20.938874417],[104.215757535,20.939230818],[104.213878035,20.942982181],[104.210014275,20.943098569],[104.207143635,20.94483093],[104.19691264,20.944984517],[104.194322925,20.947657978],[104.19112972100001,20.956102755],[104.18283805000002,20.954720346],[104.15544019100001,20.954116865],[104.13873877000002,20.947184952],[104.13157958900001,20.948088643],[104.125537762,20.965984431],[104.12164839800002,20.970395707],[104.11570475500001,20.971237747],[104.10723013300002,20.976564799],[104.10394117000001,20.976144751],[104.09256848800001,20.963596393],[104.08007568500001,20.959031083],[104.072915687,20.959932276],[104.06722807900002,20.954127181],[104.05294893300001,20.949482942],[104.05778351900001,20.942862881],[104.05866545200001,20.939107944],[104.049654966,20.927308426],[104.050967803,20.923287372],[104.05045062100001,20.914556265],[104.043628077,20.907669919],[104.040268046,20.90744964],[104.03186440800002,20.901896711],[104.022121995,20.904392599],[103.99774302300001,20.903109935],[103.99284513,20.908318052],[103.99026516700002,20.909108466],[103.97997502800001,20.907838826],[103.97750617500002,20.913329509],[103.97372524,20.911896894],[103.97062800600001,20.904627224],[103.961381099,20.897320241],[103.94767826400002,20.893342371],[103.94538812400002,20.893596802],[103.94270801000002,20.898481356],[103.938114327,20.900869869],[103.929955356,20.901758925],[103.918671967,20.899539455],[103.89983884800002,20.902977594],[103.89814712000002,20.899609779],[103.88716921000001,20.894839031],[103.88363157500001,20.889713493],[103.87473504700002,20.884082735],[103.86936619100001,20.875319424],[103.861537921,20.87043359],[103.85914255800002,20.865718038],[103.85537116300002,20.863343011],[103.85254515400001,20.858893036],[103.849821427,20.85981469],[103.84750918400002,20.863021705],[103.84192666900002,20.863789727],[103.83415998900001,20.869645026],[103.829012442,20.869609871],[103.81712498700001,20.862881497],[103.813685008,20.863931925],[103.81548286800002,20.853471048],[103.80763103100001,20.85193954],[103.80165288200001,20.848540953],[103.80606265500002,20.842328016],[103.81031399400001,20.828930247],[103.809290947,20.82267947],[103.80573855000002,20.819969284],[103.79775095200002,20.817765058],[103.783547761,20.80638596],[103.78051323000001,20.80159768],[103.78270016200001,20.796242291],[103.78118410700002,20.789249292],[103.786355753,20.785929084],[103.79048151100001,20.779311685],[103.78797574,20.77096906],[103.78373944200001,20.764628242],[103.785149974,20.757991696],[103.790778935,20.75091489],[103.79095595400001,20.746619328],[103.77162869800001,20.733726355],[103.763956926,20.737229584],[103.756583086,20.730462823],[103.74999646300002,20.732294842],[103.744862511,20.731183313],[103.740135027,20.732760057],[103.73657481500001,20.731391176],[103.733997896,20.732043613],[103.73090329900002,20.726247077],[103.73208185400001,20.72195911],[103.72981202400001,20.720062532],[103.73638757600001,20.710913244],[103.73418250700001,20.701229384],[103.735467205,20.692712496],[103.742799528,20.68685816],[103.74572421600001,20.678554533],[103.74489165400001,20.675594468],[103.73482180700002,20.667195938],[103.72270236700001,20.664958216],[103.71668603,20.667196154],[103.691469573,20.660293129],[103.682689,20.660159096],[103.67549282600001,20.666683266],[103.67283505600001,20.676733196],[103.67457286100002,20.6821845],[103.670822572,20.686452304],[103.667719235,20.698378382],[103.656472164,20.694262884],[103.65000749200001,20.698508996],[103.64024941900001,20.711657692],[103.63790654400002,20.718084024],[103.63218350400001,20.719112833],[103.615316817,20.728175206],[103.61001819300002,20.72960941],[103.608389173,20.735906802],[103.60168442100002,20.742632902],[103.58921987700002,20.746424795],[103.582643443,20.746907743],[103.57451939100001,20.744826609],[103.56398590700002,20.748297003],[103.557735809,20.744485212],[103.55146038900001,20.743358372],[103.53751725300002,20.752236008],[103.531043652,20.749428335],[103.52248397600002,20.748146596],[103.50957699000001,20.753137146],[103.50683763200001,20.755664398],[103.50347778100002,20.763153767],[103.501730899,20.773678161],[103.49741397400001,20.776728395],[103.49291810200002,20.783402094],[103.48904005500002,20.785381892],[103.48330538400002,20.79439389],[103.485003497,20.810385938],[103.47861229400002,20.813484467],[103.474548487,20.81962428],[103.46952190600001,20.821996151],[103.46733596000001,20.826138652],[103.46319116300002,20.82610153],[103.458937524,20.822706834],[103.45223664600002,20.8210354],[103.44428648000002,20.80881302],[103.440871127,20.793476516],[103.43284554600001,20.795685757],[103.421287872,20.793968758],[103.41419297600001,20.795984268],[103.410788839,20.793536132],[103.40800006300002,20.786931684],[103.40260574500002,20.783525118],[103.40046966800001,20.78283401],[103.39415023500001,20.785862843],[103.39016806600002,20.784080221],[103.38493217300001,20.785977746],[103.37454841300001,20.794874835],[103.36570916500001,20.806202536],[103.36020976400002,20.805948641],[103.35095783300001,20.802503555],[103.340870039,20.810192972],[103.33047493300002,20.813247017],[103.322987526,20.818275536],[103.31210704700001,20.819913996],[103.30596950200001,20.819182164],[103.300799269,20.821413313],[103.29935663200001,20.822607268],[103.29943171200001,20.828649327],[103.29068304600001,20.83762416],[103.28797199400002,20.8371943],[103.28007960700002,20.827315003],[103.26884016400001,20.8227716],[103.26090181900001,20.823295303],[103.24836954300001,20.83175953],[103.24305672700001,20.833853109],[103.237341698,20.833660198],[103.23328830800001,20.838048587],[103.23288636600002,20.841870425],[103.22844000900001,20.843166998],[103.226770326,20.851473005],[103.230161414,20.860972521],[103.234936775,20.86827121],[103.235306023,20.87337632],[103.22837971300001,20.878808859],[103.22393509400001,20.885944881],[103.212455376,20.890284841],[103.21632665000001,20.895771597],[103.21479183500001,20.89918036],[103.211429519,20.901022669],[103.203598647,20.902762256],[103.20043174400001,20.901794347],[103.19758473600001,20.906468282],[103.19162138100002,20.901577506],[103.18699582700002,20.902436232],[103.182792594,20.908374759],[103.17905908000002,20.908149237],[103.174177318,20.910180819],[103.172554091,20.913547004],[103.170519768,20.914556773],[103.167891882,20.913765343],[103.16629670200001,20.916615935],[103.16494574900001,20.91565241],[103.165330386,20.91113571],[103.160898357,20.906902332],[103.14988292600002,20.903874492],[103.14616180400002,20.906288613],[103.143446296,20.905537229],[103.13508210700002,20.908478328],[103.13217587800001,20.907167691],[103.127425533,20.909260832],[103.12215766100002,20.903509923],[103.117842851,20.895356117],[103.11340378500002,20.897184289],[103.10947297300001,20.90052349],[103.11095941500001,20.906397958],[103.109985539,20.910471301],[103.11218133000001,20.912352029],[103.11003064000002,20.91738166],[103.105335699,20.918525949],[103.10457608000002,20.923014118],[103.10685242800001,20.925493978],[103.10603429500001,20.929383342],[103.103650568,20.931935176],[103.10392666400001,20.934454784],[103.10025997400001,20.935919601],[103.09826264700001,20.933979156],[103.09289499000002,20.934393598],[103.08844157800002,20.937231513],[103.08358901900002,20.94379814],[103.085438214,20.955672843],[103.08435793900001,20.969745872],[103.07880915500002,20.9722818],[103.075549097,20.979710157],[103.07087517,20.980832811],[103.06849174100002,20.988415399],[103.069877704,20.99174631],[103.06702027400001,20.995155768],[103.06037541,20.999043798],[103.05776292000002,21.005915155],[103.05829494200002,21.01307097],[103.05419078800001,21.016423029],[103.05037123800001,21.026693621],[103.04774607400002,21.026780703],[103.04394328900001,21.035703395],[103.038476842,21.038043233],[103.04041456300001,21.042753803],[103.039938243,21.04573719],[103.03777022100002,21.049052482],[103.033687686,21.05064617],[103.035381662,21.054885231],[103.03427179,21.058505807],[103.02602115300002,21.058644502],[103.02472767800002,21.057222981],[103.02395236500001,21.059147867],[103.014126013,21.065010725],[103.01165778100001,21.062637716],[103.00782920400002,21.063882093],[103.00188422600002,21.058713702],[102.99572039300001,21.063096739],[102.992716877,21.061600255],[102.98752621100002,21.062684663],[102.97843695000002,21.067360636],[102.97454988100002,21.065681388],[102.96805183500001,21.070702797],[102.96672207200001,21.07526439],[102.96214008000001,21.077501111],[102.960633185,21.080935524],[102.961388948,21.083489932],[102.965966907,21.087579186],[102.96773376300001,21.094096833],[102.967329782,21.098386335],[102.960315946,21.114209222],[102.95513723900001,21.116421404],[102.95444911400001,21.119131407],[102.94762676700002,21.123107693],[102.94299090900002,21.123596828],[102.93998366000001,21.127229722],[102.94081832200001,21.131343721],[102.94911569500002,21.138263791],[102.94938805600002,21.141220876],[102.94535909500001,21.143466649],[102.93975686600001,21.150467707],[102.93718970400002,21.154832537],[102.93677611500001,21.159298905],[102.93117472800002,21.159631834],[102.92784658,21.162543305],[102.924687176,21.161014191],[102.92156184900001,21.155634192],[102.91779054500002,21.161015379],[102.90870050800001,21.162594298],[102.90301242800001,21.16582005],[102.904266434,21.169074544],[102.903589277,21.174798678],[102.90749106100002,21.175735586],[102.90912916200001,21.179969239],[102.903697801,21.189876554],[102.90845533900001,21.196327274],[102.908435042,21.201027697],[102.91122640400002,21.203756554],[102.90930945100001,21.206789019],[102.91003,21.214439411],[102.90764519600002,21.219103393],[102.90767449000002,21.222905115],[102.90875785300001,21.225362285],[102.91239803600001,21.227217173],[102.911837559,21.229731717],[102.902041011,21.232904154],[102.89751326900002,21.240653324],[102.89211716800001,21.246026947],[102.87352597800002,21.253478366],[102.87090904000002,21.252721472],[102.86490683500001,21.255359903],[102.86439099300001,21.25718714],[102.86203243100002,21.25548038],[102.85860725700002,21.257174139],[102.85504979900001,21.252870236],[102.84976877400001,21.253731827],[102.84527609400001,21.250875591],[102.842666989,21.246945549],[102.830005866,21.24776807],[102.82802452400001,21.245861767],[102.82677475000001,21.246761989],[102.823777543,21.245614047],[102.82134515100002,21.247229921],[102.82027338600001,21.253443092],[102.814566393,21.251079588],[102.81130043000002,21.251672374],[102.815343085,21.256496228],[102.80769631200002,21.263691263],[102.81030576600001,21.267103192],[102.81567254900001,21.267394533],[102.816738393,21.269635733],[102.81529388000001,21.271664888],[102.82043843200002,21.272892824],[102.82975665600001,21.278523513],[102.83267164700001,21.278075497],[102.8346115,21.283399713],[102.83892100700001,21.283180621],[102.83936435100001,21.287556606],[102.84185948800001,21.29193788],[102.844102075,21.292768926],[102.84582030500002,21.290130774],[102.84906277300001,21.290425507],[102.85221976800001,21.29971325],[102.85711272300001,21.298171132],[102.862744454,21.300881912],[102.87278025600001,21.300776897],[102.8781775,21.30257627],[102.88445275100001,21.299762791],[102.89721274800002,21.304715557],[102.89914123400001,21.311812542],[102.898251889,21.314883935],[102.89991051500002,21.317184849],[102.89220290300001,21.330250386],[102.88930550200001,21.332557574],[102.89072549100001,21.338930352],[102.89318269300001,21.34138926],[102.89222943700001,21.345747768],[102.89373600300001,21.347645779],[102.89386220400002,21.353031152],[102.89677205400001,21.356192287],[102.89349348700001,21.359888262],[102.89795909900002,21.363111249],[102.89897059300002,21.365741956],[102.89673918600002,21.367973139],[102.89418825100002,21.368088857],[102.898676844,21.375260315],[102.896187957,21.386017805],[102.90064228300001,21.387720515],[102.90523327900002,21.392507221],[102.90756311000001,21.392414787],[102.909850919,21.399405581],[102.919931477,21.407807361],[102.918200206,21.411332905],[102.91855166,21.417586791],[102.92154525500001,21.420537542],[102.923729285,21.431269078],[102.92816017900002,21.437151314],[102.931555275,21.446081945],[102.934286354,21.444490009],[102.934998641,21.448404767],[102.93994270000002,21.452371696],[102.94223117900002,21.456580235],[102.937347505,21.458736976],[102.92357232200001,21.455906287],[102.921888015,21.45290842],[102.91976859000002,21.452573012],[102.91984426200001,21.44984684],[102.91649676300001,21.44907284],[102.914037567,21.445306913],[102.91464004,21.44204946],[102.91277308600002,21.439948257],[102.913634131,21.437803329],[102.90549584800002,21.434771605],[102.903991869,21.430420968],[102.900788904,21.432452067],[102.89945147700001,21.435645699],[102.89258930200002,21.432901422],[102.890187143,21.428310317],[102.87983410900002,21.424584603],[102.87171016200001,21.424537515],[102.86939019400002,21.428721293],[102.878593957,21.438958581],[102.87790614200001,21.446158551],[102.88348258500001,21.447572952],[102.88550118200001,21.449768108],[102.88636763600002,21.452984656],[102.88517559800002,21.457294758],[102.886290889,21.458747513],[102.884751864,21.462804565],[102.88733865400002,21.464013005],[102.89107129500002,21.469827304],[102.88587474500001,21.476243536],[102.88986486000002,21.478770575],[102.89347874700002,21.477276394],[102.90172745500001,21.477755142],[102.902936441,21.476215454],[102.90736605500001,21.478447128],[102.90934410400001,21.481535034],[102.908069523,21.486050505],[102.91202952700002,21.487964157],[102.91512527700002,21.494961234],[102.91327998100002,21.503004342],[102.919303542,21.505129722],[102.919071682,21.509695287],[102.923143902,21.511617978],[102.92763151400001,21.516197719],[102.93311482000001,21.516497412],[102.93202300500002,21.524208075],[102.941521715,21.52677693],[102.94534916500001,21.53428976],[102.95459524000002,21.539640544],[102.95796152100002,21.544406351],[102.96125021400002,21.546207094],[102.959140974,21.550415546],[102.95939383100001,21.554496974],[102.96613076500002,21.560373657],[102.97003903600002,21.567374442],[102.97894316500002,21.571806049],[102.98557930500002,21.58336366],[102.99191323900001,21.585933774],[102.99287348900002,21.590142017],[102.99129221800001,21.602552449],[102.98817323300001,21.605808668],[102.984968992,21.606046528],[102.984988389,21.613807095],[102.98929259700002,21.615611573],[102.98695665900001,21.618310727],[102.99020062500001,21.622355291],[102.98516757800002,21.626312843],[102.98726294500001,21.628775728],[102.98280323800002,21.635098613],[102.98329289800002,21.636395714],[102.987123476,21.636811099],[102.98419478900001,21.639502909],[102.986598522,21.644156574],[102.98548420600001,21.645170841],[102.98104695300002,21.643746708],[102.98163297300002,21.647245275],[102.97984899700002,21.650767753],[102.98344499100001,21.653868251],[102.98001004400001,21.657646137],[102.98435922000002,21.657830197],[102.98665972900001,21.660991832],[102.98532109700001,21.667413662],[102.98995089300001,21.683833623],[102.98566529900002,21.688095513],[102.980572754,21.688793992],[102.97840961800001,21.695887446],[102.98100220900001,21.700285289],[102.98861090900002,21.705504576],[102.98856869900001,21.720655567],[102.98517339300001,21.722422441],[102.98390443200002,21.727820597],[102.97991187,21.730157746],[102.977222507,21.734700059],[102.97287623800001,21.736492312],[102.97410143400002,21.744965617],[102.96964273700002,21.746457798],[102.96439519700002,21.743129196],[102.96141383000001,21.737455673],[102.956304505,21.73332877],[102.95471369600001,21.728642374],[102.94864991800002,21.728488712],[102.93631998900001,21.724638824],[102.92308533200001,21.725181203],[102.917207071,21.720925627],[102.91457750500001,21.722177229],[102.907281597,21.71695979],[102.90223122200001,21.71859997],[102.89754955500001,21.71418853],[102.88638453100002,21.712486481],[102.88218795000002,21.708565853],[102.88123023500002,21.704935677],[102.877589084,21.702398459],[102.87726842300002,21.706077824],[102.87260842100001,21.707931928],[102.869966153,21.712892379],[102.86193451400001,21.71674763],[102.85621825000001,21.722559302],[102.856482991,21.726482162],[102.858733635,21.729998076],[102.85452881600001,21.741780546],[102.85646595100002,21.750055473],[102.860551737,21.754214954],[102.85997801300002,21.759933368],[102.861623602,21.764885629],[102.861001729,21.766408446],[102.85521348200001,21.768555979],[102.85830258800002,21.773998003],[102.85743342600001,21.778358294],[102.85929785800002,21.782386107],[102.85459479600001,21.787874317],[102.85737065500001,21.791074888],[102.859717771,21.797655333],[102.85660222800001,21.802428136],[102.856671254,21.807330541],[102.85483284300001,21.81001499],[102.85781105100001,21.818723258],[102.856785365,21.822963653],[102.85367466500001,21.825263634],[102.85154256900002,21.842295272],[102.842882986,21.846288803],[102.83997418000001,21.844543286],[102.836410635,21.846468957],[102.83352989600002,21.846004266],[102.83044052400001,21.843696827],[102.82541124500001,21.843409914],[102.81714987200002,21.839841679],[102.818048403,21.833656897],[102.810497655,21.824916967],[102.811180844,21.818376188],[102.81604842400002,21.812626618],[102.82022547000001,21.798272075],[102.818871209,21.793956307],[102.815181168,21.790772305],[102.81710997400002,21.782143079],[102.82087428800001,21.777276706],[102.82061393600002,21.760066769],[102.821838768,21.755181458],[102.824722156,21.752216688],[102.82366095000002,21.744179196],[102.82613738500001,21.735381254],[102.820271712,21.731149289],[102.81507092900002,21.731862302],[102.81384790500002,21.727860627],[102.80926829200001,21.725338539],[102.81157020900001,21.719807482],[102.80833139900001,21.717198911],[102.803931571,21.716645702],[102.797303925,21.706659253],[102.78763314500002,21.706934142],[102.78455641700002,21.702894548],[102.78010844,21.700972605],[102.779091172,21.697273147],[102.769996336,21.689167204],[102.76810563700002,21.681535586],[102.764863258,21.680163523],[102.76224851100001,21.675192068],[102.75497189200001,21.674090905],[102.749124993,21.664451977],[102.74716303400001,21.665076544],[102.737784927,21.659283533],[102.73281126300002,21.660791677],[102.73127256300002,21.663779126],[102.72402777,21.66426592],[102.715677115,21.662366902],[102.70913304900002,21.664399592],[102.70482053600001,21.66199565],[102.69767559800002,21.661466954],[102.69325010100002,21.664427006],[102.68709555100001,21.661254745],[102.68865707000002,21.658632721],[102.68607424900001,21.65797156],[102.68466847300002,21.655190999],[102.67784326700001,21.653884408],[102.674452709,21.654904919],[102.67613334900001,21.657051232],[102.67275919100001,21.665729756],[102.66860569,21.671675292],[102.66719232400001,21.677190364],[102.66250269800001,21.680028522],[102.66245207300001,21.682306921],[102.66725158100002,21.685630417],[102.66424973100001,21.689299772],[102.664245355,21.693897025],[102.66071973500001,21.69975984],[102.65974534400002,21.709982552],[102.65796598500002,21.711337811],[102.65609830200002,21.718135686],[102.65214186500002,21.719538219],[102.652974397,21.72152958],[102.650776113,21.723751496],[102.65080416100001,21.728036538],[102.64802358400001,21.729169097],[102.64493024200002,21.73322748],[102.647961,21.73558875],[102.64895619100001,21.762390808],[102.65138568300002,21.768660987],[102.656191911,21.773934559],[102.65947253600001,21.781744539],[102.65885945900001,21.784329546],[102.661458003,21.787262108],[102.66182656200002,21.792703517],[102.65885717000002,21.79969658],[102.64791566200002,21.808654634],[102.65072454300001,21.825536143],[102.64727920800001,21.832433182],[102.647204549,21.83582525],[102.64383597000001,21.840342842],[102.64218224900002,21.848277915],[102.645562686,21.853513738],[102.64536978500001,21.85830759],[102.643553566,21.85988046],[102.63298589500002,21.861985073],[102.62779389100001,21.866120716],[102.62885027400002,21.869049396],[102.615480677,21.872356035],[102.61052431400002,21.878306413],[102.62099897200001,21.900255634],[102.618828813,21.909319782],[102.61276297700002,21.920015067],[102.603209723,21.924974481],[102.59477421400001,21.924620334],[102.58979933200001,21.928100322],[102.58579676100001,21.928148178],[102.57938266700002,21.934466783],[102.56488223100001,21.938853434],[102.56193301400002,21.943055312],[102.547911608,21.952776628],[102.542703384,21.95419107],[102.535490113,21.96024696],[102.52696080000001,21.96301426],[102.520758037,21.966793123],[102.51407683300002,21.966283408],[102.50615464200001,21.973535142],[102.50518034800001,21.976930938],[102.50323728,21.976865809],[102.50284769600002,21.979524435],[102.498563157,21.984918861],[102.494562572,21.986821691],[102.49262525600001,21.991239896],[102.48770285,21.99618995],[102.488026118,22.006614268],[102.491828155,22.009306984],[102.49279127000001,22.014406713],[102.496527275,22.013391772],[102.50802916700002,22.014684811],[102.51924700600001,22.022129635],[102.52123336900002,22.024427112],[102.51890770700001,22.029965737],[102.50947400200002,22.03634122],[102.501929153,22.034617721],[102.49967224800001,22.037208625],[102.495389033,22.034789572],[102.49188621400002,22.039139956],[102.48380434100001,22.042635414],[102.47447749500002,22.056927081],[102.47240228900002,22.057358257],[102.47243607800002,22.061919798],[102.46933732200002,22.061799843],[102.46042978000001,22.065440884],[102.459007088,22.069001764],[102.45289703800002,22.072436219],[102.44952733100001,22.072490549],[102.44562155500002,22.074675645],[102.441401808,22.074092716],[102.440720721,22.077896789],[102.44486359900002,22.079565839],[102.44603280800001,22.083737432],[102.438070194,22.091117401],[102.44097690100001,22.10084226],[102.43390442700002,22.11292394],[102.434789238,22.116930732],[102.42145462900001,22.116346288],[102.41518973500001,22.121808657],[102.41154822400001,22.123052119],[102.40743713,22.12797794],[102.40240795600002,22.125527186],[102.39014634300001,22.126953546],[102.38486121100001,22.129043601],[102.38358574800002,22.14936142],[102.36799514600001,22.158951474],[102.36566937900001,22.163296963],[102.35837424200001,22.167296363],[102.34749792200002,22.163091227],[102.338720848,22.166423939],[102.334893528,22.166254418],[102.33448711100002,22.187053904],[102.33223382500002,22.188437791],[102.330341446,22.194306562],[102.32451802300001,22.197330135],[102.321016451,22.203172375],[102.309953215,22.208693513],[102.30880608100001,22.208567587],[102.30781697000002,22.203186265],[102.30285147500001,22.201375125],[102.297369677,22.205526153],[102.286630111,22.206131674],[102.28591183200001,22.207616893],[102.28378024500002,22.20788429],[102.27916923100001,22.204598942],[102.27925819200001,22.209911954],[102.276915314,22.21218988],[102.27832663900001,22.220025996],[102.27432499000001,22.224284283],[102.27132609700001,22.224804275],[102.27358468100002,22.23482347],[102.272525498,22.236089075],[102.26791118900002,22.237882923],[102.26134507300002,22.233619577],[102.25964988800001,22.23605061],[102.25771905,22.234841708],[102.24099896000001,22.238382225],[102.238181722,22.248318958],[102.242436905,22.25426932],[102.239890314,22.258957757],[102.237000461,22.258888029],[102.23655178300001,22.262628454],[102.23233972300001,22.264698405],[102.23406100800001,22.269196706],[102.231707346,22.271030602],[102.23035141800001,22.274879061],[102.23344905000002,22.276744195],[102.234147094,22.282769488],[102.23037611100001,22.284826272],[102.226299503,22.284468364],[102.22475512100002,22.286666037],[102.21213459700002,22.287479344],[102.210764472,22.288670795],[102.211406538,22.29080302],[102.20507484100001,22.29172366],[102.20119150700002,22.296063731],[102.192466476,22.299640267],[102.189759813,22.302517632],[102.18182041900002,22.304939276],[102.17746589900001,22.304773085],[102.177379428,22.315092358],[102.18099860900001,22.32275831],[102.18844867900002,22.326345299],[102.18978206000001,22.330492063],[102.19515955000001,22.337058853],[102.192280152,22.339358783],[102.18559456900002,22.341265025],[102.17828671600002,22.338584495],[102.16773856200001,22.349460558],[102.16329108100001,22.360996426],[102.17047948200002,22.371414298],[102.168250921,22.37561183],[102.16315400700002,22.377307431],[102.15841608100001,22.384578767],[102.14808710800001,22.390395704],[102.14811387800002,22.396801748],[102.144024862,22.400694806],[102.14556413400001,22.40598653],[102.149185166,22.408411702],[102.15470984000001,22.417287037],[102.154126907,22.424768423],[102.15841898200001,22.426107814],[102.15901084900001,22.42976724],[102.165168562,22.429053128],[102.18653885200001,22.435060015],[102.20720523700001,22.427135948],[102.21243863100001,22.431642189],[102.22267052600002,22.425438573],[102.225130891,22.427811257],[102.22881323100002,22.426945062],[102.235671652,22.429422834],[102.23997691600002,22.42806518],[102.24556043000001,22.421521519],[102.25966887400001,22.414041505],[102.263313879,22.414681999],[102.268781802,22.424809275],[102.26645806700002,22.42755649],[102.26653193400001,22.432125998],[102.25801218900001,22.444330613],[102.25734399000001,22.449237643],[102.25394392400001,22.454356911],[102.24900392100001,22.457211561],[102.24913093600001,22.462360508],[102.26385881000002,22.466798532],[102.26294678200001,22.469980755],[102.26534542200001,22.476767149],[102.26997521700001,22.48059146],[102.26988979,22.484944905],[102.272922144,22.491102461],[102.27702201600002,22.493838077],[102.27988013,22.502476714],[102.288601022,22.50532159],[102.287817306,22.507300478],[102.29413703000002,22.512567089],[102.293337543,22.518419375],[102.295499102,22.519147402],[102.296473669,22.523438583],[102.29937051800002,22.524677013],[102.29940048000002,22.53003136],[102.300903177,22.532463748],[102.306022022,22.536713751],[102.307473873,22.535631322],[102.31022132800001,22.538444219],[102.31071871800002,22.541233173],[102.31499817100001,22.541913445],[102.31737295,22.543972913],[102.31682274700002,22.545444034],[102.32311009900002,22.548675444],[102.32096903900002,22.549940205],[102.32254975500001,22.552221571],[102.32080234100002,22.554710284],[102.321330842,22.557274294],[102.33765086400001,22.559552195],[102.355124075,22.566498571],[102.35476831400001,22.571963223],[102.34954240600001,22.576181219],[102.34592060000001,22.582609563],[102.34740718200001,22.589758487],[102.35233008000002,22.589458],[102.35610983600002,22.592722029],[102.36205571100001,22.59154766],[102.371127084,22.593180724],[102.385971022,22.608880606],[102.39039354600001,22.619363655],[102.40329235800002,22.632910052],[102.40920386600001,22.634871658],[102.416248906,22.634942975],[102.41848395400001,22.636548088],[102.41630658400001,22.64164439],[102.412665357,22.643048762],[102.40746668100002,22.642095296],[102.40646228400001,22.640608154],[102.40269563900002,22.641753759],[102.39662403500002,22.657495156],[102.389395141,22.66379697],[102.386605803,22.669248553],[102.382494821,22.68064575],[102.38386230600001,22.683714082],[102.39333371700002,22.691099106],[102.407401145,22.684323885],[102.412301729,22.68571481],[102.41464962200001,22.689966057],[102.418971979,22.692308577],[102.42377949400002,22.691861608],[102.435348728,22.701295164],[102.43664240600002,22.70858928],[102.44178191800002,22.715629643],[102.44038195700001,22.719033711],[102.44399508700002,22.725600461],[102.456448269,22.732564406],[102.45522901600002,22.737627791],[102.44988295400002,22.743313776],[102.452859705,22.746610975],[102.45111418400002,22.751022194],[102.45216828400001,22.75647769],[102.45681133900001,22.758929373],[102.456614494,22.761426251],[102.459313707,22.766154651],[102.47110635900002,22.771027348],[102.47743318700002,22.769695589],[102.48049640500001,22.772184202],[102.48009270700001,22.776601798],[102.48160361900001,22.778798434],[102.489237287,22.77844684],[102.49629369800002,22.780846275],[102.50033149,22.780186017],[102.50415835600002,22.777077966],[102.508301638,22.778287865],[102.517813634,22.767801383],[102.53415972300002,22.758642434],[102.53437196100002,22.756930226],[102.543683748,22.747662947],[102.54910633300001,22.74693294],[102.547527146,22.741603867],[102.54891279400002,22.740848715],[102.55043314500001,22.734661437],[102.55302637500002,22.733328762],[102.553209965,22.731427961],[102.55855518900002,22.73054241],[102.564117789,22.723422613],[102.56534891600002,22.714834611],[102.56880706400001,22.711380196],[102.56867714700002,22.7038006],[102.57172213100002,22.705802321],[102.584684848,22.70740136],[102.58663902700002,22.722782833],[102.59862876500002,22.732617069],[102.60597524,22.733681972],[102.608313762,22.730369111],[102.61159533500002,22.730241018],[102.61564741600002,22.724181259],[102.620241535,22.722131956],[102.63012337100001,22.711152907],[102.637919499,22.7066216],[102.643310561,22.700888211],[102.64697407400001,22.700635524],[102.65079999900001,22.698091742],[102.65557127800001,22.690227053],[102.65955450500002,22.693376653],[102.67012636100002,22.697813443],[102.682140017,22.699660482],[102.68806534500001,22.704239157],[102.69872937100001,22.697620867],[102.70217353100001,22.698140596],[102.70333224200002,22.695996387],[102.70706914400002,22.69474002],[102.70897929700001,22.692052099],[102.709508483,22.681650841],[102.71554883300001,22.680484425],[102.71832225800001,22.678378014],[102.72435476000001,22.68015312],[102.72710385600001,22.672400808],[102.73280584600002,22.667649861],[102.735645172,22.666416165],[102.73913669100001,22.668393936],[102.74839240400001,22.667842555],[102.74985082,22.668907132],[102.75448196600001,22.662878214],[102.753252247,22.658747034],[102.75649982300001,22.656885936],[102.764062715,22.647697039],[102.773770182,22.647989743],[102.78457255600001,22.645639104],[102.78724252100001,22.643680155],[102.78208812000001,22.635224819],[102.78787234500001,22.626327813],[102.79274090700001,22.626288394],[102.80042327600002,22.622972686],[102.80888937600001,22.624848029],[102.816452354,22.621895502],[102.82037882400002,22.626604372],[102.82491707900002,22.626908839],[102.84146567,22.619233561],[102.84139222000002,22.614168481],[102.84391863600001,22.61135941],[102.84931773600002,22.610156013],[102.85529438000002,22.611047243],[102.86297097200001,22.608292617],[102.86148048100002,22.60441967],[102.86731699300002,22.59955136],[102.86795987500001,22.597359406],[102.87480239800001,22.595405648],[102.87799764400002,22.587852988],[102.87512566200002,22.583356939],[102.87222820400001,22.582644294],[102.87081588600002,22.575867707],[102.882321122,22.568570098],[102.880966064,22.562824119],[102.87773403700001,22.560562446],[102.87767449700002,22.558832756],[102.88687059700001,22.550727713],[102.88837163,22.551715667],[102.89054667600001,22.54959461],[102.892695662,22.55032949],[102.89350332700002,22.548114625],[102.89242462900002,22.547328158],[102.89611623400002,22.544967155],[102.889048588,22.536595298],[102.898892111,22.530198754],[102.90007005000001,22.527411881],[102.90925732600002,22.524838228],[102.90721398900001,22.522514425],[102.90977317300002,22.518365592],[102.909658903,22.511007883],[102.921340088,22.507726333],[102.92308082900001,22.503247081],[102.92223344800001,22.496852005],[102.92385657000001,22.494774917],[102.92376940100002,22.490291389],[102.928629944,22.484631899],[102.93110519400001,22.483948407],[102.93636409200002,22.486018625],[102.950589703,22.48252836],[102.952915231,22.485037585],[102.95599173900001,22.48536274],[102.96379083600002,22.478833266],[102.98714095800001,22.479937221],[102.98761309600002,22.475699105],[102.99306121600002,22.471809203],[102.99073964000002,22.465438088],[102.99143591100001,22.463443923],[102.99557876400002,22.461015842],[102.99822515000001,22.462669929],[103.00401845200001,22.460491689],[103.01028018600002,22.461138844],[103.01359711900001,22.453202872],[103.01941671300001,22.451375206],[103.03057736,22.442965119],[103.03571096400002,22.446256547],[103.04656491000001,22.445058767],[103.05362837000001,22.446853406],[103.05717208000002,22.45177091],[103.06848168200001,22.44722185],[103.078787911,22.451143517],[103.08074894,22.462182719],[103.07859072500001,22.470387436],[103.07093370400001,22.476880111],[103.074844256,22.48496729],[103.071773832,22.490058729],[103.07781659100002,22.499052461],[103.07926171200002,22.506466204],[103.08344150900001,22.51167929],[103.092988122,22.512199665],[103.09906848300001,22.516473424],[103.11058778600001,22.515300515],[103.115093697,22.517799579],[103.11822551400002,22.51760581],[103.122546194,22.522054978],[103.123363046,22.525559443],[103.12984965200002,22.52782967],[103.132725043,22.530472831],[103.13871547500001,22.541608199],[103.14217213300002,22.54093823],[103.14827479700001,22.544503571],[103.15687860000001,22.539633291],[103.15973919500001,22.544768345],[103.16839552000002,22.548294714],[103.17640332900001,22.555338984],[103.18394738,22.559269355],[103.17330726700001,22.56914187],[103.16834451100002,22.578086064],[103.162652692,22.582764087],[103.15797752600001,22.594176308],[103.16049134600001,22.600346797],[103.16457398800001,22.604019057],[103.164071794,22.607171862],[103.16598902100002,22.608431546],[103.16553658900001,22.61128616],[103.16878719400002,22.619052956],[103.17594670000001,22.626810848],[103.17607762300001,22.630827007],[103.18061197800002,22.629369713],[103.184456746,22.631292197],[103.18328948000001,22.640644872],[103.18494996400001,22.641679972],[103.18555107400002,22.645019959],[103.195908087,22.650958166],[103.20284963400002,22.647159342],[103.20875876900001,22.646058693],[103.21354480500001,22.647352332],[103.21807655600001,22.646294573],[103.22789623500002,22.647511588],[103.231869459,22.658615642],[103.23472748300001,22.658516694],[103.23907225,22.660775811],[103.24102782500002,22.663836016],[103.25086896900001,22.669656206],[103.250631249,22.673417007],[103.26243682300002,22.671501195],[103.26439402100002,22.674517733],[103.26806967000002,22.67406202],[103.27619790800001,22.67843352],[103.28335113400001,22.684842438],[103.283734336,22.68649834],[103.28155659100001,22.688732435],[103.28290950300001,22.690729125],[103.2814538,22.699069052],[103.282183541,22.702837702],[103.288116811,22.708661814],[103.28642580800002,22.713997435],[103.28893178900002,22.719484639],[103.28504233000001,22.729840973],[103.286325431,22.732840934],[103.28557949200001,22.737377731],[103.29232087400001,22.745047753],[103.29731060300001,22.748166414],[103.297557788,22.749969547],[103.299004824,22.749699736],[103.30109956600002,22.752337144],[103.300358079,22.755126748],[103.30299562200001,22.756329404],[103.30221298600001,22.758220181],[103.30458807200002,22.760453949],[103.305391025,22.759251216],[103.30781671100002,22.760505994],[103.30991088700002,22.763698586],[103.30917641,22.767146171],[103.311765027,22.770014327],[103.310965089,22.771760316],[103.314454906,22.775590997],[103.31328466200002,22.777742647],[103.315015369,22.777198599],[103.31633335300002,22.779489215],[103.32032733200002,22.780936437],[103.31779742700002,22.787236509],[103.32000514700002,22.78987065],[103.31785042800001,22.80319256],[103.32136373400002,22.809404539],[103.31872600100002,22.812604829],[103.319542131,22.816440435],[103.326338665,22.814672554],[103.33407610600001,22.806099979],[103.34645878900001,22.805434802],[103.347923031,22.803861292],[103.352948014,22.802868247],[103.358814969,22.803221398],[103.36059558,22.801609305],[103.37243479300001,22.798921238],[103.37352825900001,22.796432449],[103.376377607,22.796085328],[103.37972579600002,22.791729771],[103.38585941500001,22.788573004],[103.38562594500002,22.785393386],[103.39027119,22.782054043],[103.39881295,22.781429303],[103.412011915,22.776377335],[103.416562264,22.769440963],[103.41625463400001,22.764797297],[103.42103871700002,22.761040383],[103.426593874,22.760886198],[103.436205127,22.757427057],[103.44124867100001,22.750620039],[103.44069365100002,22.747813735],[103.44216703,22.745277797],[103.44054862000002,22.740705134],[103.42776934900002,22.733138258],[103.430539922,22.727688971],[103.43019330400001,22.722459702],[103.42767953700002,22.717292746],[103.43352295500002,22.711497214],[103.43240151700002,22.702957679],[103.43406601800001,22.699462188],[103.439811857,22.694208905],[103.45160663100002,22.688844455],[103.453637846,22.684807961],[103.46011322800001,22.678890738],[103.45811531200002,22.671888202],[103.45584437200002,22.669148196],[103.45700984500002,22.657743609],[103.464136445,22.654006773],[103.46579507500002,22.646872088],[103.47696922000002,22.640162615],[103.47823849600002,22.631434986],[103.48539885400001,22.628533768],[103.48897720200002,22.618991454],[103.49889154400002,22.615822755],[103.50586577300001,22.610888442],[103.509233465,22.610230059],[103.5068384,22.604353601],[103.511529437,22.600709073],[103.51843840200002,22.597899202],[103.521080077,22.598758651],[103.529882615,22.594762366],[103.53158251500001,22.59535828],[103.540228397,22.608290008],[103.545173349,22.612539024],[103.54671659000002,22.615704038],[103.545178004,22.618295977],[103.55108985500001,22.626965217],[103.553056804,22.633862413],[103.552308285,22.636946093],[103.55946189900001,22.639657323],[103.562793518,22.639230125],[103.56686091200001,22.642446925],[103.57104581700001,22.642040999],[103.57166873500002,22.647543154],[103.57505331000002,22.652807383],[103.57466664600001,22.655657717],[103.577168901,22.657162424],[103.577040308,22.660987684],[103.579761239,22.663953828],[103.578368499,22.670810552],[103.57532651200002,22.672106059],[103.573606433,22.676019989],[103.56770199200001,22.679849647],[103.56869276700002,22.681951126],[103.564814698,22.688057622],[103.56553268300001,22.693287555],[103.562538669,22.700394649],[103.56425532100002,22.705903367],[103.569539078,22.708811773],[103.57232400600002,22.715768627],[103.57476173500001,22.717394013],[103.574926208,22.722209011],[103.57847183500002,22.724663691],[103.58180948400002,22.723747535],[103.58042203500001,22.727731359],[103.583144474,22.732143199],[103.586698045,22.732809567],[103.58828151300001,22.735050547],[103.59165162900001,22.735303328],[103.59129930300001,22.739841512],[103.594299313,22.740024066],[103.59680617900001,22.742990618],[103.59878057000002,22.749325092],[103.60393133500001,22.749136862],[103.606382019,22.756917426],[103.60971822300002,22.756516499],[103.60887293400002,22.763907094],[103.61337921600001,22.767464772],[103.61521428600001,22.771872924],[103.62053859500001,22.774814164],[103.61772779700001,22.782713893],[103.61934501300001,22.78605511],[103.623423338,22.785621969],[103.63096080800001,22.791459135],[103.630753303,22.787641334],[103.63802151400002,22.786496418],[103.63533442200001,22.791336335],[103.63936886700002,22.792690917],[103.63842965300002,22.795989088],[103.64086865400002,22.797854111],[103.64235639400002,22.796483375],[103.640401433,22.794035365],[103.64099889200001,22.79286826],[103.645845047,22.794727245],[103.65041459900002,22.791398199],[103.65876195700001,22.789874525],[103.66358007900001,22.785527665],[103.66747157800002,22.769685787],[103.68015540700002,22.764238222],[103.682356026,22.761852371],[103.685031144,22.753002567],[103.694594038,22.746658506],[103.700244823,22.746273752],[103.70389806000001,22.744436419],[103.72550346100002,22.725294641],[103.73534758400001,22.714601887],[103.73958524600002,22.712413406],[103.74002499600002,22.709942351],[103.73724153600001,22.707682656],[103.737682649,22.702543393],[103.744319806,22.698980644],[103.74873942300002,22.694604154],[103.750112779,22.688805124],[103.756351191,22.688157198],[103.76650376900001,22.691114786],[103.76807464600002,22.690472715],[103.77268390700002,22.681486615],[103.77820453400001,22.67823079],[103.78226350100002,22.669636786],[103.79390864100002,22.661559241],[103.80297175600002,22.650856363],[103.805497955,22.645642124],[103.81182951600002,22.64092342],[103.822660796,22.618656988],[103.840000717,22.606024428],[103.84766289800001,22.594202026],[103.862404089,22.585154455],[103.86797192700001,22.578258891],[103.87404282500002,22.566677248],[103.88255667300001,22.564010499],[103.886245685,22.570081047],[103.88995028300002,22.569578458],[103.91467114100001,22.544341283],[103.914057725,22.534962039],[103.92022456900001,22.534780834],[103.925871748,22.539669206],[103.92884992300002,22.536953467],[103.93221549600001,22.52785482],[103.934894991,22.526442051],[103.94526836400001,22.525655658],[103.95114795200001,22.513999951],[103.96083162200001,22.506680853],[103.964193907,22.505536135],[103.965726075,22.509933863],[103.96871059700001,22.511683373],[103.97152828700001,22.510734606],[103.97213128900002,22.506767628],[103.97708119700002,22.506694198],[103.98015146300001,22.508284824],[103.98321770500002,22.512890883],[103.98804306800001,22.514439966],[103.99029961700002,22.519645627],[103.99614414900002,22.518618932],[103.99955832,22.519770259],[104.00552807000001,22.51702373],[104.00633150700001,22.519776351],[104.01254917800001,22.523788534],[104.00970431300001,22.529143555],[104.00897499700001,22.534831266],[104.00500788600002,22.538352076],[104.00930678800002,22.544168695],[104.014936133,22.543922756],[104.01193511200002,22.547553865],[104.01462193300002,22.551256076],[104.010369718,22.557192275],[104.01238019400002,22.56022169],[104.009851816,22.562191917],[104.01629711500001,22.564826601],[104.01442309300002,22.56611453],[104.01512829500001,22.567536119],[104.012975445,22.570457598],[104.00863313600001,22.572207665],[104.00552528700001,22.575882393],[104.01022114500002,22.579351541],[104.01394986900002,22.578781392],[104.013585766,22.583147267],[104.015332014,22.58584322],[104.01327434500001,22.58775929],[104.014058391,22.592405042],[104.01960951600002,22.595541597],[104.02084761000002,22.605641485],[104.02691206900002,22.615606782],[104.025530193,22.616873505],[104.02473908300001,22.626537816],[104.027950947,22.633693728],[104.02842283200002,22.638691986],[104.03144847700001,22.642554581],[104.03011896400001,22.651630422],[104.03266652600001,22.654831553],[104.02791634200001,22.656908956],[104.02471817500002,22.663078725],[104.02212730100001,22.663877898],[104.022004496,22.667819765],[104.02426311900001,22.670432602],[104.02167014500002,22.671474145],[104.02398245300002,22.679924108],[104.02887112000002,22.686363294],[104.02842988400002,22.693557851],[104.03322136500002,22.697754988],[104.03592942800002,22.703681995],[104.035585722,22.708053136],[104.03970248200001,22.717703957],[104.039270412,22.723666025],[104.04555367300001,22.730465591],[104.04701961300002,22.735300183],[104.05267796200002,22.739049213],[104.052426789,22.741063461],[104.05594046000002,22.743475872],[104.05879222700001,22.748220651],[104.06062021500001,22.74858841],[104.06606280100002,22.757122914],[104.07011813000001,22.75734969],[104.07655364500002,22.762754218],[104.07878289000001,22.761338919],[104.07874855300001,22.766097568],[104.08307518600002,22.766826904],[104.08397037000002,22.769672958],[104.08835197000002,22.770202069],[104.094818322,22.789114254],[104.10040850000001,22.793835913],[104.104825661,22.801437054],[104.109904397,22.803058665],[104.11484313200002,22.811571796],[104.11935105500001,22.811390315],[104.12157638500001,22.81298873],[104.12683155,22.813540057],[104.13124257100002,22.811253004],[104.13398140200002,22.804444606],[104.14086591000002,22.806281584],[104.14890964500002,22.811027079],[104.15214831100002,22.809836419],[104.15393592600002,22.810713905],[104.15524189500002,22.814848621],[104.161840534,22.815546168],[104.16390466700001,22.821650982],[104.16592933800001,22.822378489],[104.17005486700002,22.820183958],[104.17570690900001,22.820229643],[104.17722307600002,22.821052635],[104.177014209,22.822729373],[104.18038586800002,22.823384356],[104.184038916,22.826513093],[104.19456831100001,22.829267462],[104.197053007,22.826087377],[104.20059757700001,22.826515491],[104.209156571,22.82830178],[104.215568169,22.831787845],[104.22020515000001,22.828779904],[104.22947185400001,22.83368066],[104.23404319300002,22.839128698],[104.24096329100001,22.841064994],[104.24142704700002,22.843938066],[104.24371026000001,22.843916416],[104.25032845800001,22.839743739],[104.25194139500002,22.839895193],[104.25618924000001,22.844871378],[104.259125773,22.844640682],[104.26193688600002,22.841617684],[104.26285397500001,22.84378457],[104.264637582,22.842981354],[104.27019330000002,22.838354521],[104.27793933600002,22.839420577],[104.274550861,22.836111631],[104.27088055400002,22.826183163],[104.26700413600001,22.82130733],[104.26726171400001,22.813308642],[104.255003623,22.777614654],[104.25803043300002,22.771443256],[104.25810451500001,22.766534231],[104.26935425300002,22.753347605],[104.26980544500002,22.741483643],[104.27948281400002,22.741592241],[104.30184753000002,22.730323244],[104.32043553400001,22.73153193],[104.33808055000002,22.722775662],[104.34125362000002,22.716662124],[104.34192357600001,22.71133798],[104.35476147000001,22.693473422],[104.35691949100001,22.691018558],[104.35968008400002,22.690840143],[104.370296832,22.693819617],[104.37889102100002,22.692052837],[104.38462612,22.70102922],[104.38768429900001,22.702936059],[104.39985704500002,22.701087074],[104.40380841500001,22.709250737],[104.40369184600002,22.712566629],[104.407786232,22.723241699],[104.41604301900001,22.729052044],[104.42016001000002,22.734704848],[104.43791413900001,22.743769935],[104.45114330400001,22.746990193],[104.471301577,22.756770471],[104.48608553200002,22.76866295],[104.491427307,22.776118264],[104.498476566,22.778319913],[104.49957538100001,22.785524666],[104.50663071200002,22.786209926],[104.51131767900002,22.79134115],[104.51708990000002,22.793395912],[104.52126630700002,22.798430468],[104.52012281200001,22.803638479],[104.52574042300002,22.806213686],[104.52780901900002,22.814510794],[104.538618839,22.8248706],[104.54445085700002,22.824887381],[104.54673839800002,22.829299998],[104.54712101400001,22.837355147],[104.56106879,22.843505826],[104.57098649900001,22.846185995],[104.57833484800001,22.852554156],[104.593664114,22.849146729],[104.599560695,22.844827461],[104.60012818700001,22.838557559],[104.60593517100001,22.828813831],[104.60542092800002,22.825810059],[104.60212713500002,22.825559728],[104.60302174600001,22.82362484],[104.59907843500001,22.821992693],[104.59862646900001,22.815647504],[104.59977918700001,22.814827163],[104.61161422600001,22.81778624],[104.61389191300002,22.814740228],[104.618247058,22.818803614],[104.61792041600002,22.823354907],[104.622112799,22.820992002],[104.62348191900001,22.827323948],[104.62520428600001,22.828927074],[104.61917542600001,22.833031595],[104.62090681300002,22.840812923],[104.62475034500001,22.846035212],[104.62795416700001,22.839080555],[104.63226545300002,22.834068577],[104.63820374100001,22.832755598],[104.64587234500002,22.834952186],[104.65554686800002,22.833030948],[104.666925309,22.824621938],[104.67246925500001,22.816768761],[104.69532435500001,22.821978277],[104.703603057,22.826068394],[104.71225805400002,22.821772851],[104.72055002600001,22.81960824],[104.72536011100001,22.818953308],[104.72996156700002,22.820287761],[104.73512161900001,22.823849798],[104.73654696000001,22.827547607],[104.732786439,22.840759707],[104.72643082200001,22.846339485],[104.725606464,22.849180721],[104.735006475,22.85687174],[104.75675489100001,22.856480075],[104.76456031600001,22.870278699],[104.76607335100002,22.883262345],[104.77051928300001,22.887295893],[104.77081764000002,22.892507903],[104.777353657,22.902087387],[104.78154741000002,22.904367304],[104.792041808,22.903954997],[104.795516364,22.908128729],[104.80779403400001,22.913829344],[104.81249608200001,22.919425507],[104.82134857100002,22.922609997],[104.830152988,22.923661918],[104.84060046200001,22.920735362],[104.84350860300002,22.929408342],[104.849545712,22.933299079],[104.862485817,22.946718562],[104.85735963400002,22.952115079],[104.851355362,22.964095965],[104.85186424600002,22.967033812],[104.84571374500001,22.971386629],[104.83792724900002,22.972989748],[104.83479567,22.979192889],[104.83151481800002,22.981558256],[104.83723985600001,22.991039609],[104.831751703,22.997050752],[104.83317992900001,23.001979467],[104.83020266800001,23.006903505],[104.83137137100002,23.014532406],[104.82982412200002,23.022774349],[104.826484332,23.030303616],[104.821969062,23.035225782],[104.82148186,23.054981259],[104.81707240500002,23.056681739],[104.81512143700002,23.059332579],[104.81711107000001,23.066014991],[104.814439328,23.070939035],[104.818327683,23.075965451],[104.81658194700002,23.078237484],[104.80899523,23.07898651],[104.80740300500001,23.08130604],[104.80801164400002,23.085854877],[104.803835074,23.102857796],[104.803515208,23.111290378],[104.79996942600002,23.116923648],[104.80232064600001,23.121853736],[104.79811097400001,23.125448983],[104.79687575200002,23.128574274],[104.80374439500001,23.130004253],[104.809590936,23.129063838],[104.81866138900001,23.132817262],[104.82973424700002,23.134914162],[104.83968758700001,23.130092213],[104.84988860400001,23.132423705],[104.85583663500002,23.132334515],[104.86096702600001,23.129496551],[104.863228559,23.124097605],[104.865895355,23.123436622],[104.87173875,23.125147081],[104.87445175700002,23.129934239],[104.879064632,23.131927663],[104.87936831400002,23.136381233],[104.88305408700002,23.143490431],[104.88176681700001,23.149506239],[104.884325791,23.155477488],[104.88293212200001,23.1658518],[104.88928848200001,23.169930754],[104.89420712700002,23.176471999],[104.90005226900001,23.179413114],[104.90748932600002,23.180033605],[104.915693845,23.183922995],[104.92174654700001,23.18421034],[104.93893346800002,23.177348447],[104.94621915800002,23.172045036],[104.951861234,23.171667811],[104.958987375,23.182314298],[104.96082735700001,23.205041013],[104.972802748,23.203918946],[104.98537488500001,23.208859901],[104.989925303,23.202285294],[104.99687143900002,23.20299121],[105.000900303,23.206839978],[105.002428586,23.214665684],[105.005103247,23.217648423],[105.00857676200002,23.218931183],[105.02108149100002,23.219186496],[105.02959219300001,23.222167926],[105.03494370400001,23.230313327],[105.04845994400002,23.239065489],[105.054404771,23.249551316],[105.061006399,23.250575215],[105.063823256,23.25625094],[105.06952208500002,23.257467302],[105.08116736900001,23.266923047],[105.08756307400002,23.270255155],[105.09173240100002,23.269611368],[105.093190145,23.26717295],[105.098644567,23.265918867],[105.09996215200002,23.262133449],[105.10267125700001,23.26065634],[105.105586322,23.256164291],[105.10339264100001,23.249911626],[105.11304818,23.246376963],[105.12643044100001,23.253326506],[105.12775573600001,23.258585291],[105.13685849,23.258064461],[105.14120467100001,23.26097918],[105.15653303300002,23.265615241],[105.16481286000001,23.27375311],[105.169236464,23.282055132],[105.17445155700001,23.283909597],[105.17330926100001,23.28740679],[105.17490924300002,23.28843133],[105.18206598800002,23.286691256],[105.185249851,23.277001729],[105.19877322700002,23.280801811],[105.20161145500002,23.273293179],[105.209982191,23.270876806],[105.21261525400001,23.265934131],[105.22593085800001,23.270373564],[105.22948106000001,23.273832276],[105.23018453600001,23.278770368],[105.23592346,23.281680395],[105.237532267,23.28745103],[105.24751332800001,23.291252124],[105.25162928200001,23.299263616],[105.251821356,23.3089812],[105.258747706,23.313876953],[105.25931443800002,23.319328261],[105.251622421,23.332554471],[105.256713755,23.340756662],[105.26238474700001,23.342831935],[105.27440833000001,23.339988989],[105.28432146100002,23.34224843],[105.28904911300002,23.357987075],[105.293574641,23.360416073],[105.298142921,23.366340725],[105.30014138400001,23.373617273],[105.30237252300002,23.376050391],[105.297926239,23.378303973],[105.29068876900001,23.376457356],[105.288049897,23.378322473],[105.28652776100002,23.382059015],[105.299837839,23.386095091],[105.30847000900002,23.381975551],[105.312164308,23.381759602],[105.32517444100002,23.39220557],[105.331819863,23.383847045],[105.34890056000002,23.369971683],[105.351839827,23.363762168],[105.35096953400001,23.353945298],[105.353325065,23.343842916],[105.36934164100002,23.32462426],[105.372771987,23.318465649],[105.38090191900001,23.313011782],[105.38573067900002,23.316406164],[105.38802427600001,23.316208048],[105.411885769,23.287635369],[105.42559944400001,23.294333834],[105.43010892200002,23.30249977],[105.43942032400001,23.301511867],[105.445340326,23.294535599],[105.44715368100002,23.2859673],[105.45054869700002,23.28281448],[105.45247285900001,23.276330454],[105.46144797200002,23.269088167],[105.46825848400002,23.259157853],[105.48204907800002,23.258314338],[105.48376886000001,23.253498252],[105.47815253200001,23.247133226],[105.482721253,23.242372569],[105.48910224,23.239273934],[105.49162321900002,23.235193015],[105.49147098000002,23.222076087],[105.49619772000001,23.213433852],[105.50041934600002,23.209187021],[105.501187436,23.200942088],[105.510963185,23.196228156],[105.51748731500001,23.194988077],[105.52153766200001,23.191671373],[105.54275983500001,23.192657973],[105.544967475,23.18899408],[105.55128387,23.188074115],[105.553325705,23.186367107],[105.55794345400001,23.177819712],[105.55906467400001,23.171882445],[105.56537100100002,23.168781029],[105.569539528,23.161036783],[105.576690417,23.160754193],[105.581887883,23.158361695],[105.58452429700002,23.149852898],[105.59079048500001,23.145884724],[105.59126383000002,23.142996501],[105.58548291500001,23.13878463],[105.58250759300002,23.133054804],[105.567427058,23.121082761],[105.56644214900001,23.116859513],[105.56642431700001,23.112609937],[105.57216548500001,23.104011101],[105.57030979800001,23.100426911],[105.57170685500002,23.092294923],[105.56519634500002,23.087971352],[105.56508856600001,23.086648749],[105.569669779,23.082001789],[105.56923773100002,23.076522369],[105.57447569300001,23.070171956],[105.57824949200001,23.068173754],[105.58407621600001,23.068152325],[105.591555358,23.071998906],[105.59371583600002,23.075109287],[105.60491399500002,23.076011834],[105.60787519300001,23.075244464],[105.61398137000002,23.06917292],[105.61969937100001,23.06773306],[105.628660906,23.071383205],[105.63340083000001,23.07939661],[105.64598008300001,23.080385156],[105.64935008400002,23.07961534],[105.65397137900001,23.073359448],[105.66418885700001,23.07227734],[105.67020647200002,23.069511427],[105.67707710700002,23.063623276],[105.69066043500001,23.061296513],[105.706970706,23.062547367],[105.71197334400001,23.061390966],[105.71068122100002,23.068389559],[105.71211585000002,23.069044628],[105.71719728600002,23.063446306],[105.73502275300001,23.061285458],[105.736121448,23.056555471],[105.730677686,23.051666825],[105.730766134,23.049114954],[105.73352513300001,23.039557944],[105.73810858000002,23.036701672],[105.740126654,23.031967357],[105.74380043300002,23.031005115],[105.748974106,23.033343149],[105.75265310200001,23.033325689],[105.762654663,23.030915355],[105.76548670200002,23.025704303],[105.78135711300001,23.022224834],[105.79263962800002,23.003174832],[105.80117663500002,22.995477526],[105.80621858900001,22.992900586],[105.806736103,22.994031888],[105.81573601900001,22.995592237],[105.820834974,22.994053924],[105.82564806300002,22.99591892],[105.83760031300001,22.98744597],[105.84081375500001,22.97845169],[105.84616017700002,22.975777336],[105.85066231300002,22.976981724],[105.85622747200001,22.968541568],[105.855485733,22.96429315],[105.85813630200002,22.955396216],[105.86465411600001,22.952431348],[105.86350206700001,22.939869545],[105.86920441600002,22.937287068],[105.87325883100002,22.932539886],[105.87213767700001,22.924891823],[105.87859061400002,22.927974651],[105.88614182100001,22.927176699],[105.89059745800002,22.937073911],[105.89643859600001,22.940159414],[105.90071220400002,22.945521539],[105.90878181600002,22.945759006],[105.913493416,22.947810865],[105.920795405,22.955328325],[105.92326489000001,22.950494637],[105.92867497400002,22.950085116],[105.93191905600001,22.946569698],[105.93873778800001,22.943127662],[105.93932057600001,22.938777475],[105.94074562400002,22.938107522],[105.95703981100002,22.938955088],[105.95844914300001,22.950569445],[105.976606322,22.947529387],[105.98388826000001,22.944744094],[105.99323982800001,22.938732657],[105.99642476100001,22.941358526],[106.00091587500002,22.941046787],[106.00368533000001,22.949628281],[106.00145782500002,22.959186225],[106.00720442300002,22.962835091],[106.00938145500001,22.967168001],[106.002153332,22.977324738],[106.00373633900001,22.991110746],[106.01997095500002,22.989967623],[106.02902653100001,22.991893458],[106.03432994900001,22.990725033],[106.040272142,22.992953895],[106.04381054100001,22.98811152],[106.04678818,22.990076172],[106.04917198600002,22.994501564],[106.0559491,22.99237769],[106.05878734100001,22.989524044],[106.07117366000001,22.992747952],[106.07723597700002,22.997147974],[106.08720986500002,22.998780723],[106.09464747100002,22.996272653],[106.09961559100002,22.991608213],[106.10283106000001,22.991302393],[106.10534178400002,22.985993297],[106.11170350300002,22.98944503],[106.11933507300002,22.985800601],[106.12959720500001,22.98769993],[106.13305965300002,22.989635623],[106.132554679,22.992661629],[106.13672423000001,22.994592177],[106.13989917600001,22.993834194],[106.14530324400002,22.995428902],[106.150747988,22.9913869],[106.160496172,22.989450746],[106.161881922,22.986171052],[106.166985675,22.983681439],[106.17273035200002,22.983802476],[106.175715441,22.981573429],[106.182481758,22.982340508],[106.18764712900001,22.986960889],[106.19338833600001,22.986672487],[106.19792267600002,22.98982605],[106.207589147,22.978799936],[106.212770294,22.970259729],[106.218671194,22.968171109],[106.22074601700001,22.963087455],[106.223578157,22.963637782],[106.22524633800002,22.962480587],[106.225680679,22.956755661],[106.23466884800001,22.954233873],[106.23853187600001,22.951588239],[106.23804404900001,22.946524369],[106.24412329800002,22.939937934],[106.247906362,22.938273488],[106.24917339000001,22.9271474],[106.253275475,22.921802227],[106.259619002,22.92011729],[106.26514950100001,22.911736185],[106.27060932000002,22.910057956],[106.271997073,22.90734953],[106.27172373200001,22.901711905],[106.27741424500002,22.896435156],[106.27540910700002,22.889748952],[106.27849295100002,22.884329534],[106.27475192500002,22.880844923],[106.27418863100002,22.877253061],[106.281776934,22.87204269],[106.28412909600002,22.868672606],[106.289054962,22.866752767],[106.29225997800002,22.869587528],[106.292118213,22.873266855],[106.29609555300001,22.873724831],[106.30370539800002,22.870883692],[106.31157761000001,22.863217487],[106.32104129100001,22.869596355],[106.32383099300002,22.87504938],[106.32587177500001,22.87609495],[106.33635605600001,22.864809536],[106.34281775500001,22.862057844],[106.34717013,22.855809181],[106.352990176,22.855187661],[106.364515511,22.864570498],[106.36351658100001,22.870627363],[106.36557393200002,22.877720563],[106.373057029,22.884358348],[106.38506388800002,22.884254195],[106.38905599600001,22.881767379],[106.39197935500002,22.882722552],[106.39617852,22.878926039],[106.40307960400001,22.880336442],[106.40656118200002,22.875483454],[106.40880391200001,22.874646306],[106.410910311,22.881983546],[106.40971231700001,22.885672218],[106.41113926800001,22.887048982],[106.42209540800002,22.892018793],[106.42684761200002,22.890504974],[106.43015883100001,22.886306875],[106.43548952700002,22.889446344],[106.442690038,22.88987156],[106.44519413200001,22.892872968],[106.44896662,22.903055052],[106.45568316,22.903565777],[106.46143094000001,22.89607542],[106.46354467000002,22.895565563],[106.46549489300001,22.896283239],[106.46704774800001,22.901091038],[106.473007469,22.901035898],[106.47342334500001,22.906834958],[106.476454677,22.909503971],[106.4799777,22.90865382],[106.48424557400001,22.903219784],[106.49581636200001,22.907524753],[106.498792336,22.905126524],[106.50082849400002,22.905597607],[106.50244393700001,22.907952512],[106.50196818200001,22.912860885],[106.50515692800002,22.913729682],[106.50167171200002,22.918012714],[106.503714451,22.923060594],[106.501548252,22.926840737],[106.501755537,22.933622413],[106.50370197500001,22.933930853],[106.50817427100002,22.931027858],[106.51407630000001,22.945519571],[106.52571053000001,22.947206147],[106.53401253800001,22.939280122],[106.53567403100001,22.941715908],[106.54450471500002,22.941548474],[106.543017606,22.935024643],[106.546209059,22.928291759],[106.54973760700001,22.927930484],[106.55396459700002,22.922985377],[106.56331536700002,22.922076326],[106.56733496100001,22.918358851],[106.56919027300002,22.918422333],[106.57433458500002,22.924174126],[106.580180632,22.925668818],[106.583083279,22.924659224],[106.590186373,22.931698533],[106.598938431,22.932427843],[106.60645291500002,22.925568647],[106.607280033,22.920820008],[106.610265776,22.919400425],[106.61228767000001,22.91488488],[106.61074705700001,22.911549759],[106.611862963,22.908841401],[106.61484355800002,22.907013133],[106.61529336200002,22.903984665],[106.61791006400001,22.901261004],[106.62503595500002,22.899063341],[106.633060483,22.887130691],[106.63957531800001,22.8855925],[106.64092192600002,22.880102944],[106.63871019800001,22.876039411],[106.64610023400002,22.873919867],[106.648067269,22.868669072],[106.650081545,22.867340492],[106.65286023700001,22.870825882],[106.658399177,22.868970247],[106.66698949700002,22.87484643],[106.66850658900002,22.883411779],[106.667012753,22.887595464],[106.67147858300001,22.891798373],[106.67818372500001,22.891400768],[106.67945556700002,22.887137627],[106.68086194800001,22.886632393],[106.68594613200001,22.890828244],[106.69112223200001,22.889984385],[106.69456576400002,22.892188616],[106.70004015700002,22.887878307],[106.71164835000002,22.887351484],[106.71448411700001,22.885654629],[106.71488426400002,22.88042806],[106.71986138900002,22.876177195],[106.72053926200002,22.873295139],[106.71633549300002,22.869890873],[106.711348533,22.868392172],[106.71022159300001,22.86518465],[106.71871218500002,22.858883651],[106.745161816,22.843992144],[106.74485590600001,22.839404849],[106.75246875300002,22.834805803],[106.75556345900002,22.831262103],[106.77046073000001,22.825682414],[106.76697007000001,22.813186985],[106.76744348100002,22.810023174],[106.77563863000002,22.815848112],[106.78053368400002,22.815542845],[106.78489035800001,22.813388407],[106.78789857100001,22.815761209],[106.79541471400002,22.81306955],[106.80067717300001,22.818073927],[106.80938745000002,22.819730057],[106.820708687,22.818247403],[106.82529262000001,22.811759877],[106.82883335200002,22.811949239],[106.83055685200002,22.808537394],[106.83750590100001,22.803685534],[106.840961356,22.799851122],[106.84072417400002,22.79605932],[106.834196731,22.788315576],[106.82485580300002,22.785950506],[106.82349918700001,22.78194149],[106.82502262300001,22.777497127],[106.82192875400001,22.773507951],[106.81520398500001,22.769445111],[106.80555287800001,22.76696732],[106.79697996500002,22.768616399],[106.79482877500001,22.760706463],[106.78959873900001,22.75697064],[106.788473734,22.75157877],[106.78007692700001,22.750005238],[106.77893916500001,22.745993299],[106.77444138400001,22.743628558],[106.77015721900001,22.743388616],[106.766643349,22.740322837],[106.77127579700002,22.736304417],[106.76543520400001,22.730792075],[106.77166358500001,22.720661587],[106.77052118600001,22.713832393],[106.77967856700002,22.709648577],[106.78193088800002,22.706346275],[106.77464129000002,22.701425305],[106.76949319600001,22.701424824],[106.76518685,22.699345092],[106.76081503200001,22.694563761],[106.755965502,22.69363958],[106.75555385000001,22.690539383],[106.76219541200001,22.683681907],[106.75898660300001,22.672793188],[106.75341049300002,22.668312203],[106.743933644,22.669163116],[106.73911357700001,22.663120992],[106.74140770500001,22.655736547],[106.73491522000002,22.652242293],[106.733488504,22.644783244],[106.73433181900002,22.640346958],[106.73066506600001,22.634694435],[106.73086690100001,22.628540154],[106.72662071700002,22.618639122],[106.73248732800002,22.60943393],[106.730683108,22.59651675],[106.73527544100001,22.592039991],[106.73408869600001,22.588833006],[106.72375991200002,22.585551847],[106.710667252,22.576722346],[106.69880363700001,22.582080455],[106.69681651200001,22.58175654],[106.69207769200001,22.579391637],[106.68425205900002,22.570331739],[106.68164204100002,22.569726657],[106.67669839900002,22.570870695],[106.67457494400001,22.574630197],[106.66844152400002,22.577338906],[106.662708422,22.574696018],[106.65508423000001,22.574544671],[106.64980622300001,22.57626643],[106.646043688,22.582974834],[106.64107234700002,22.584463201],[106.636547152,22.589626667],[106.63070603000001,22.604118237],[106.61050296000002,22.601792328],[106.605525158,22.587392041],[106.610107706,22.584491005],[106.61133307700001,22.581924154],[106.60934868100001,22.578412663],[106.60324096600002,22.575468315],[106.605235313,22.562374858],[106.60182349800002,22.550913161],[106.59231646700002,22.548480089],[106.59255632100002,22.533573663],[106.584570041,22.518324723],[106.58333497000001,22.498726233],[106.58479359600001,22.495330695],[106.58381278800002,22.487375901],[106.58580314400001,22.473831709],[106.58428994700002,22.472418976],[106.58089082300002,22.472377212],[106.57826502700001,22.46917207],[106.57656248500001,22.468888122],[106.575020531,22.470701749],[106.56681993500001,22.465949318],[106.56435806400002,22.461775597],[106.56656818200001,22.457326627],[106.56206852100001,22.453632703],[106.56010626200002,22.447039104],[106.56644866600001,22.443930084],[106.569166019,22.433222704],[106.564331296,22.423788498],[106.56086950600002,22.422787344],[106.56484072300002,22.418746233],[106.56565103800001,22.414481142],[106.56853848700001,22.411501983],[106.571065157,22.405154883],[106.57418793900001,22.403654972],[106.577168487,22.398137641],[106.58534180200002,22.394529815],[106.585999455,22.386534731],[106.588490246,22.382456687],[106.58577465200001,22.376360533],[106.57858064100002,22.371223883],[106.57159191200002,22.369697588],[106.57491340700001,22.359963629],[106.56890835900002,22.358224079],[106.55988992400002,22.349711974],[106.57132057900002,22.342257303],[106.57566310700001,22.347116844],[106.57969617600001,22.340683366],[106.58238134000001,22.339334182],[106.58849752400002,22.344498306],[106.59092881300002,22.341675895],[106.60345810800001,22.337973541],[106.610583618,22.338818843],[106.61221015600002,22.340634366],[106.62024611800001,22.333413677],[106.632873494,22.337978692],[106.635751983,22.340798361],[106.65029107500001,22.339280085],[106.652276139,22.340561029],[106.656290143,22.335681201],[106.659957884,22.334870991],[106.65705471600002,22.328073173],[106.66075393400001,22.320188135],[106.66867289500001,22.311088325],[106.666373481,22.301138852],[106.67230856400002,22.297550776],[106.66717238100001,22.292070508],[106.667151798,22.289829726],[106.67060412300002,22.286365913],[106.680743055,22.290315277],[106.691754083,22.277189326],[106.691704615,22.273915241],[106.68610262800001,22.269367752],[106.685110484,22.265314426],[106.68717040700001,22.26437084],[106.69054976200002,22.258660376],[106.68961208600001,22.252361642],[106.69284820000001,22.247549097],[106.69240133200002,22.243122981],[106.70250918200001,22.228535398],[106.70320906,22.221362405],[106.69919282300002,22.218234451],[106.69909570700001,22.211095064],[106.697449528,22.207761055],[106.68951078500001,22.20364024],[106.68092832,22.204845991],[106.67917527400002,22.194192803],[106.67395068700002,22.186829531],[106.670060395,22.186315491],[106.67864785200001,22.175691798],[106.678610376,22.17073826],[106.68347131000002,22.169027628],[106.68650106100002,22.164809107],[106.69484837300001,22.161907497],[106.70232247000001,22.163865095],[106.706302844,22.159910089],[106.70578285300002,22.155408619],[106.70073525100001,22.15578633],[106.69773215900001,22.153867565],[106.695012997,22.142606755],[106.69139591100001,22.140070633],[106.69447569400002,22.132731688],[106.69282208800001,22.119011378],[106.69581746000001,22.116466758],[106.69564860900002,22.11016111],[106.703209428,22.104039072],[106.709350193,22.103758121],[106.713115799,22.095658265],[106.711416862,22.093725913],[106.712464312,22.091808124],[106.70855011800002,22.085630469],[106.70713581100001,22.072514306],[106.711233794,22.06887464],[106.71126361700001,22.065559041],[106.70952553700002,22.06419051],[106.70706465600001,22.06464955],[106.70705078200001,22.059622621],[106.69755133800001,22.053199476],[106.69962914900002,22.049905945],[106.69720489500001,22.043668987],[106.705380513,22.03868696],[106.70565695400002,22.032638693],[106.70833125700001,22.028688889],[106.708200704,22.02556999],[106.70566472000002,22.021631137],[106.70060181100001,22.018390215],[106.69895246900002,22.014658661],[106.68590019900002,22.006204014],[106.68333391700001,21.99611829],[106.68502807300001,21.98107098],[106.69041033200001,21.977069437],[106.69167992400001,21.973283461],[106.69797205000002,21.972166946],[106.698520948,21.969217148],[106.70234634200001,21.967196896],[106.705857508,21.969980846],[106.70784299000002,21.976170147],[106.71280028500001,21.973322739],[106.719167698,21.974060178],[106.72309424600002,21.979325743],[106.72365179900001,21.982622728],[106.72814663400001,21.986546302],[106.72899950400002,21.992289301],[106.73699233900001,22.002974195],[106.73749388200001,22.008269439],[106.75121326400001,22.010433861],[106.75620066400002,22.013234598],[106.76668934400001,22.013257754],[106.774510735,22.009639592],[106.77824833900002,22.005657745],[106.77984366900002,22.005096758],[106.78365589500001,22.007093932],[106.78869780600002,21.992733145],[106.79547749200002,21.99255287],[106.79750288100001,21.990461107],[106.80232884000002,21.989028519],[106.806475853,21.981241874],[106.80468510900002,21.977065911],[106.81221844600002,21.973477621],[106.82346081700001,21.974658931],[106.82475620800001,21.973449298],[106.827846989,21.975378902],[106.83221884100001,21.974613206],[106.83255442500001,21.981883764],[106.83458569000001,21.983447443],[106.83992335,21.983904146],[106.846091486,21.979346153],[106.85215732800002,21.982305609],[106.856867614,21.981056333],[106.861012697,21.984425345],[106.86247101900001,21.980993628],[106.86718375900001,21.982878924],[106.86911712700001,21.980360303],[106.874770781,21.980109881],[106.87823812200001,21.981557616],[106.88467349100002,21.98007606],[106.88951089600002,21.976301998],[106.891800185,21.977019357],[106.89621463400002,21.975746658],[106.903264798,21.97125608],[106.91248699700002,21.975796806],[106.91558777700001,21.975388816],[106.91861961300002,21.973042659],[106.92361231600002,21.962891642],[106.921805571,21.953563857],[106.92408400600002,21.947136334],[106.92618052400002,21.94626185],[106.92937627700002,21.941337424],[106.92914156400002,21.931327239],[106.93354296400001,21.930266241],[106.95305402900001,21.933196071],[106.95309613500001,21.924802896],[106.960545124,21.919588269],[106.96612288800002,21.923346167],[106.97145163300002,21.922459088],[106.97967675200002,21.92708771],[106.98443712800001,21.935529046],[106.98404576500002,21.939145878],[106.98875124100002,21.942568181],[106.988002152,21.947092234],[106.99404752900001,21.953605596],[106.999759507,21.944399944],[107.006192104,21.946347755],[107.02409158200001,21.944532506],[107.02270213100002,21.939975926],[107.02972296000002,21.936217174],[107.03341225100002,21.937506906],[107.03959751900001,21.930486274],[107.04559297400002,21.929009606],[107.05161373000001,21.930570461],[107.05751786200001,21.930229493],[107.059493756,21.931907361],[107.061281813,21.929247596],[107.061573758,21.917192362],[107.06516551400001,21.911739154],[107.06320236600001,21.905955052],[107.05867834000001,21.902606581],[107.06255434000002,21.89327723],[107.05819758800001,21.891562431],[107.054363832,21.883865262],[107.04760785300002,21.879576107],[107.039087086,21.878279778],[107.031768866,21.86962343],[107.02333539900002,21.864318889],[107.028107946,21.858818542],[107.04002423300001,21.854798914],[107.02139177200002,21.827607338],[107.02429330100001,21.820643825],[107.029334634,21.817910626],[107.03923471700001,21.817553113],[107.04770288400002,21.815343013],[107.05010417500002,21.813170134],[107.06161723600002,21.809421469],[107.07519262400001,21.808192481],[107.07849136300001,21.810193079],[107.08511527200001,21.80946661],[107.09101286500001,21.799673168],[107.09580938900001,21.798755186],[107.10185699100002,21.793774726],[107.10518401800002,21.79492981],[107.11321919600002,21.792848232],[107.11378658800001,21.789160133],[107.12107175800001,21.782965746],[107.121662604,21.779970632],[107.12920537,21.775726478],[107.13419550000002,21.775183064],[107.135636997,21.771269392],[107.13461544600001,21.768874971],[107.13779789500002,21.766690946],[107.13991368300002,21.762718149],[107.144915206,21.762980985],[107.14821120600001,21.760278609],[107.160058524,21.756783786],[107.16368324000001,21.749904477],[107.16689431000002,21.749685853],[107.16892613800002,21.752772731],[107.17218513800002,21.752150167],[107.175662134,21.74807081],[107.18541350100001,21.746303561],[107.18999868700001,21.741415173],[107.19271749,21.734585155],[107.20395251600002,21.729242561],[107.209250269,21.721571223],[107.213806114,21.721926305],[107.21636951900001,21.71826189],[107.22241591500001,21.717210248],[107.22336053200002,21.714537888],[107.23140279700002,21.711593658],[107.23253185700001,21.709511286],[107.23124320100001,21.707373193],[107.23249806500002,21.706448786],[107.23744905600002,21.707062624],[107.24055777500001,21.70466339],[107.244620448,21.705465524],[107.247989193,21.704172002],[107.24966101000001,21.716174154],[107.254194929,21.718251324],[107.25820297300001,21.724496514],[107.26254198900001,21.725063996],[107.26433358800001,21.729081302],[107.27364136500002,21.730739619],[107.27956741100002,21.734010606],[107.28254210300001,21.732121071],[107.28737484100002,21.732054357],[107.28780023000002,21.736654283],[107.292903863,21.738839512],[107.29626300100001,21.742145301],[107.30139674800002,21.741979996],[107.30540381100002,21.737475174],[107.30618501500001,21.732795876],[107.30830768100002,21.730134528],[107.313134329,21.729691239],[107.31405617900002,21.725417195],[107.322624873,21.724952623],[107.31989532700001,21.714870967],[107.32379119300002,21.709803294],[107.324139299,21.7053494],[107.32688206000002,21.704778272],[107.33485274800002,21.698525196],[107.338366922,21.687541142],[107.34424634200002,21.687959413],[107.34449597600002,21.685762722],[107.34844310200002,21.682918427],[107.34908603800001,21.680152301],[107.345216035,21.677387219],[107.346734499,21.674796581],[107.35780295300002,21.669669142],[107.35658301100001,21.666500657],[107.36020189100002,21.663555082],[107.358641622,21.660151227],[107.35928745400001,21.653597713],[107.36113750800001,21.650255233],[107.36051122600001,21.646442963],[107.36402505800001,21.639892608],[107.36206049600001,21.634737667],[107.354255023,21.63034651],[107.35578122600002,21.622989785],[107.359572362,21.620498284],[107.36034560800002,21.616007284],[107.35916533200002,21.614245155],[107.36103739500001,21.610836579],[107.35707916500002,21.605907615],[107.36243884900001,21.599047517],[107.369504512,21.601882226],[107.383127279,21.596034936],[107.38490881400001,21.599113048],[107.391323452,21.603721533],[107.39429868700002,21.608702481],[107.39797414000002,21.610201774],[107.39517244500001,21.616952953],[107.40758617100002,21.622573946],[107.40853877700002,21.627029304],[107.41726415900001,21.632592039],[107.41619518300001,21.637185056],[107.41740916200001,21.639866547],[107.42641947500002,21.645428168],[107.430885607,21.649907497],[107.43383437500002,21.651225502],[107.43786042700002,21.650833775],[107.44038998300002,21.654240737],[107.44477296200002,21.654544003],[107.466628858,21.665155883],[107.47792091300002,21.662124363],[107.487071459,21.650232795],[107.48941754300002,21.641012384],[107.49817747300001,21.634838424],[107.49334945800001,21.623919716],[107.49760972000001,21.614011274],[107.49514825300001,21.609913191],[107.49486047200001,21.605246982],[107.48854137,21.601098011],[107.49829236200002,21.59548051],[107.503084053,21.595635054],[107.50611863600001,21.597783795],[107.51276576900001,21.597734328],[107.52433204700002,21.59013096],[107.530590584,21.590592292],[107.537405669,21.593894812],[107.54246045500001,21.58951876],[107.54458715000001,21.59076578],[107.55807627300001,21.613189691],[107.56857518600002,21.612293933],[107.57426047000001,21.617508791],[107.58139162200001,21.617323534],[107.58944041500001,21.608185797],[107.59835119800002,21.606047157],[107.65463722800001,21.608189071],[107.66168996600001,21.609191744],[107.667579111,21.613457908],[107.67864019800001,21.609626947],[107.68705761400001,21.61228408],[107.694049012,21.616326514],[107.69954936700002,21.616594234],[107.71276852800001,21.620997197],[107.71671433700001,21.623057933],[107.72276544300001,21.629700993],[107.73215128800001,21.630823199],[107.75051977400001,21.643265559],[107.75902357500001,21.64221875],[107.771198909,21.645138881],[107.77294963000001,21.648168562],[107.77955263400001,21.648495738],[107.780891081,21.653968498],[107.78434129900002,21.65590181],[107.78796997700002,21.656437189],[107.78987354600001,21.654920282],[107.79249095300001,21.655604377],[107.796803726,21.653790038],[107.803614934,21.655604377],[107.80507235300001,21.658876136],[107.81509583300002,21.657924352],[107.82196652700001,21.653581836],[107.82779620600002,21.652927484],[107.83368537200002,21.643588099],[107.84332218900002,21.642071193],[107.84510678500001,21.643260923],[107.84507704200001,21.648852657],[107.852929263,21.650964428],[107.85745023900002,21.654890539],[107.85974047000002,21.653641322],[107.86042456500002,21.649566495],[107.86756294800001,21.649507009],[107.87119162600001,21.64760344],[107.87142957200001,21.642071193],[107.87841923900001,21.639364556],[107.87833000900001,21.630679523],[107.88784785300001,21.626307264],[107.88528993300001,21.620656044],[107.88954321900002,21.618127867],[107.89073295000001,21.615629433],[107.889245787,21.613428431],[107.88305918800002,21.611852038],[107.88288072800002,21.608907455],[107.88508173000001,21.606557737],[107.89251754500002,21.606022359],[107.89293395100002,21.601798815],[107.89043551700001,21.600192679],[107.89052474700001,21.598199881],[107.89733595400001,21.595790676],[107.89923952300002,21.592518918],[107.89918003600002,21.588087171],[107.90257076800002,21.586956927],[107.90316563300001,21.590585605],[107.90480151300001,21.591299444],[107.91535323300002,21.586352544],[107.92407633700002,21.58959337],[107.92526130800002,21.58857972],[107.92396212300001,21.585067635],[107.93121472000001,21.576972709],[107.94270037800001,21.570006837],[107.94252905700002,21.564124809],[107.95210876700001,21.539625879],[107.954949843,21.536984677],[107.96188835200002,21.537741346],[107.96735635300001,21.536270839],[107.970911268,21.540910788],[107.97563687700001,21.539911414],[107.97939166700002,21.544908282],[107.98658715700002,21.543880355],[107.991855283,21.546407343],[108.00554670200002,21.548777286],[108.01044839200001,21.546559628],[108.021565234,21.548348983],[108.02957331000002,21.547886178],[108.044772117,21.542829823],[108.048321228,21.537544476],[108.04917783400002,21.528621497],[108.04716395600002,21.524416316],[108.04081079500001,21.526415063],[108.03802682500002,21.531126396],[108.00919965500002,21.53870498],[108.03031737200001,21.529782001],[108.035195267,21.525439484],[108.03709883600001,21.521989266],[108.028175857,21.517051884],[108.031566589,21.516932911],[108.03753903600001,21.519681189],[108.04010885400001,21.517825209],[108.03718211700001,21.515648002],[108.02557034700001,21.514006174],[108.01871749900002,21.516123895],[108.01288782000002,21.520763844],[108.00846202200002,21.522334288],[108.01172188400001,21.519383756],[108.009342423,21.518360588],[108.01195983,21.518360588],[108.01376822000002,21.51640943],[108.01055594800002,21.516004922],[108.00891412000001,21.514006174],[108.012435722,21.515909743],[108.01843196400002,21.511936043],[108.014910362,21.506391899],[108.018860267,21.511008053],[108.02685525600002,21.509104485],[108.03618274300001,21.509651761],[108.03832425800002,21.513244747],[108.03875256100001,21.511650508],[108.04010885400001,21.512197784],[108.04543884600001,21.509532788],[108.04665237200001,21.509937296],[108.04584335500002,21.512031222],[108.05012638500001,21.510389394],[108.054481988,21.511692545],[108.052540348,21.509846083],[108.04374586000002,21.507466622],[108.03948186600002,21.503354914],[108.03246840400001,21.501330587],[108.03534755200002,21.500378803],[108.03322983200002,21.498832153],[108.02766189300002,21.499712554],[108.028589883,21.496714433],[108.02466377200001,21.494620507],[108.019928645,21.497618628],[108.02173703500002,21.494620507],[108.018429585,21.492788322],[108.015598026,21.492835911],[108.01390860900001,21.49473948],[108.01528869600001,21.490277991],[108.01926239600002,21.489219131],[108.01740641600001,21.488600471],[108.02837573200001,21.486339983],[108.04664999200001,21.495072605],[108.063033341,21.495417633],[108.08008703300001,21.48936039],[108.08693988000002,21.484577674],[108.08565497100001,21.482864462],[108.078445205,21.482007856],[108.062181922,21.485105699],[108.048297767,21.484463244],[108.038982177,21.483142643],[108.01845932600001,21.476039952],[108.00087477600002,21.464863839],[107.98991735800001,21.454513184],[107.97748029600001,21.43656628],[107.97398724700001,21.438053443],[107.96931160600002,21.433496775],[107.96550446900001,21.435245679],[107.96784823800002,21.440706542],[107.967717367,21.445679616],[107.96534883200002,21.446353058],[107.960943522,21.444093196],[107.96014045400001,21.450160821],[107.96005122500002,21.446294197],[107.95704715500001,21.442368087],[107.95666049300002,21.445937278],[107.95404308600001,21.440464518],[107.95071184000001,21.442635776],[107.95285335500002,21.43939376],[107.95208003000002,21.436359948],[107.94744008100001,21.442249114],[107.94669650000002,21.439631706],[107.951931314,21.434248176],[107.95264515200002,21.4297272],[107.94964108300002,21.432582553],[107.948094433,21.432166148],[107.948451352,21.430113862],[107.925971579,21.442039623],[107.918216017,21.443715459],[107.91678834100001,21.442882647],[107.91857293600002,21.441335998],[107.92624669800001,21.43889705],[107.934336865,21.432710452],[107.95176852800002,21.425048293],[107.956622629,21.416862947],[107.956622629,21.412865452],[107.95195888500001,21.401824753],[107.92664142000001,21.40020672],[107.92035964300001,21.403823501],[107.91455375800001,21.412770274],[107.91312608100002,21.416006341],[107.91569589900001,21.420765263],[107.913030903,21.418005088],[107.90408413000002,21.426666326],[107.89494699900001,21.430949356],[107.89504217800001,21.437897382],[107.89275789500002,21.434661315],[107.884287014,21.438182917],[107.884382193,21.440943092],[107.88828450900002,21.45388736],[107.89418557200001,21.46426181],[107.89913485100001,21.46854484],[107.90598769800002,21.471495372],[107.91752571,21.473800406],[107.93022144200002,21.482474095],[107.92496023400001,21.489084116],[107.92043925900002,21.490868711],[107.913300876,21.498364014],[107.89853949600001,21.509197738],[107.88955805600001,21.505323001],[107.88584609700001,21.500968587],[107.88170583500002,21.49896984],[107.88156306700002,21.4956148],[107.889867386,21.49093202],[107.889315351,21.489180737],[107.88585085600002,21.487772096],[107.889619922,21.488495452],[107.890571707,21.48691549],[107.88861103100001,21.483127388],[107.88508942800001,21.481299962],[107.888147036,21.481866274],[107.88857533900001,21.479796143],[107.88286284800002,21.469128186],[107.88380511400001,21.47343977],[107.877680382,21.475238642],[107.87738057000001,21.480835135],[107.87640974900002,21.479650163],[107.87529616200001,21.48059243],[107.87715214100001,21.485417977],[107.87399697600002,21.481777401],[107.86575928200001,21.484704138],[107.86066247700002,21.489344087],[107.853971166,21.504406645],[107.85045931000002,21.504598201],[107.84810364400002,21.502599454],[107.847889492,21.495461071],[107.846033513,21.490749738],[107.83967276800001,21.478111591],[107.83729330700001,21.476148536],[107.83420000800001,21.477040834],[107.82961954500001,21.481918729],[107.81760326700001,21.483465378],[107.79838912000001,21.474601886],[107.78900214600002,21.472281912],[107.790287055,21.468569952],[107.78743571200002,21.461844527],[107.787664141,21.458018353],[107.78195343400002,21.453278467],[107.780297329,21.446939583],[107.76470710100001,21.440029628],[107.76584924200002,21.437745346],[107.76185174800001,21.433005459],[107.76327942400002,21.430549856],[107.760024322,21.429122179],[107.76196596200002,21.421983796],[107.75779714600002,21.418328944],[107.758767966,21.415702019],[107.75454204400002,21.409077599],[107.75437072200002,21.40382375],[107.75208644000001,21.40382375],[107.749002658,21.400682861],[107.73615356900001,21.397256437],[107.71953541300002,21.398969649],[107.71799352300002,21.397827508],[107.718279058,21.39388712],[107.716032847,21.39000384],[107.709275177,21.387072344],[107.704402041,21.388461949],[107.69939565500002,21.393791942],[107.69526491100001,21.392097766],[107.695069795,21.388614235],[107.690215695,21.386020622],[107.68162584,21.392112042],[107.673767671,21.390303652],[107.67088257400002,21.387448299],[107.67391638700002,21.387418556],[107.67526474800002,21.379059509],[107.67063907600001,21.37508105],[107.668354793,21.369712986],[107.66294865800002,21.367352561],[107.65973876500001,21.368044984],[107.648995499,21.360192763],[107.647128195,21.348145034],[107.644034896,21.343624058],[107.63232794800001,21.333106841],[107.62818768600002,21.322732391],[107.622667336,21.325492566],[107.619574037,21.320828822],[107.622667336,21.318925253],[107.62257215800001,21.315165705],[107.61605243500001,21.303791881],[107.60910440900001,21.296463141],[107.60673684500001,21.295660073],[107.60569583100002,21.291644733],[107.580936746,21.284471054],[107.56856354900002,21.284946947],[107.51145782000002,21.294159935],[107.50374269900001,21.299223931],[107.49596186100001,21.299866385],[107.489760986,21.294757682],[107.48552554600002,21.296613662],[107.48366956600002,21.296328127],[107.48004759900002,21.264721528],[107.48694803600002,21.256631361],[107.50227081300001,21.244286717],[107.50574482600001,21.240051276],[107.50480493900001,21.239289849],[107.50839792500001,21.237755096],[107.50793393,21.235518403],[107.51228834400001,21.23557789],[107.513977761,21.233912267],[107.51245490600002,21.231592292],[107.510444262,21.232448898],[107.51115810000002,21.230331178],[107.50886192000002,21.228498993],[107.5146916,21.231830239],[107.51801094800001,21.23160419],[107.51801094800001,21.226976138],[107.512502495,21.225572256],[107.51686880600002,21.224465807],[107.51441796200001,21.22136061],[107.517368493,21.223133309],[107.51771351500001,21.221241637],[107.51887945100002,21.221705632],[107.51751126100001,21.225607948],[107.52144926900002,21.227178392],[107.52681495300001,21.222990541],[107.52689823500002,21.222038757],[107.52397149700002,21.222681211],[107.53103849700001,21.215697493],[107.530717269,21.213579773],[107.53229961100001,21.212330556],[107.52751689400002,21.211414463],[107.52969410100002,21.210593549],[107.52943236000002,21.208582905],[107.532930168,21.210593549],[107.532692222,21.206286725],[107.535583267,21.205311146],[107.53295396300001,21.20440695],[107.534167488,21.201908516],[107.53126454500001,21.200992424],[107.527295605,21.203013538],[107.52579178500001,21.204688679],[107.52748596100001,21.205925998],[107.52301257500001,21.205526249],[107.51431326500001,21.207524996],[107.53041745700001,21.200177221],[107.52954181600002,21.198292687],[107.531692848,21.199035079],[107.53287306100002,21.197512224],[107.53412941700002,21.198216545],[107.53738451900001,21.196503333],[107.53656598500001,21.194009658],[107.53407230900001,21.194523621],[107.53599491400001,21.192601017],[107.53411038100002,21.191763446],[107.53451013000002,21.18993602],[107.53945940900002,21.193686051],[107.54151050500002,21.193110221],[107.54229572700001,21.191872902],[107.54124876400002,21.189255495],[107.541677067,21.187566077],[107.54158188800001,21.189184111],[107.543628225,21.190231074],[107.543271306,21.193181605],[107.546721524,21.192396383],[107.54270023500001,21.197202894],[107.547839871,21.197512224],[107.548729789,21.194318988],[107.55225139200002,21.197136269],[107.55326028300001,21.200600765],[107.55501156600002,21.198373589],[107.55565878000002,21.199668016],[107.557486206,21.199020803],[107.55982759500002,21.200372336],[107.56306366200002,21.198868517],[107.562435485,21.202047477],[107.56555733700002,21.203570332],[107.56905990400001,21.202542405],[107.56502433800001,21.198049982],[107.568698226,21.198735267],[107.57212465,21.200772086],[107.57182007900002,21.204350795],[107.57686453600002,21.206102079],[107.58379352700001,21.205930757],[107.58533598000001,21.209145149],[107.58670655000002,21.208759677],[107.59413046800002,21.214584597],[107.59661462500002,21.218824797],[107.60152583300001,21.218168065],[107.60079771800001,21.212828555],[107.60325332200001,21.217739762],[107.60550905100001,21.219053225],[107.61077717700002,21.218653475],[107.609977678,21.214398999],[107.60799320800001,21.214156294],[107.608792707,21.211001129],[107.605637541,21.204233942],[107.596714563,21.200322108],[107.596271983,21.19868028],[107.59804230200001,21.19925135],[107.59281700600002,21.19104221],[107.59290266600001,21.188500946],[107.58697780800001,21.185588485],[107.58390830400002,21.178964066],[107.58103867400001,21.181219795],[107.58153836000001,21.177036702],[107.57441425400002,21.17616582],[107.572386953,21.172882163],[107.57043103600002,21.173567448],[107.57332922000002,21.171083291],[107.57087599600001,21.167846748],[107.568758275,21.168874675],[107.56617894000001,21.163758834],[107.56364243400002,21.163849254],[107.56229565900001,21.165971733],[107.56062527800002,21.164268039],[107.55831720000002,21.165476805],[107.560520581,21.164120512],[107.56253360500001,21.164867663],[107.564698915,21.160613187],[107.56143905300002,21.158023143],[107.560511063,21.159236668],[107.56017199000001,21.157202229],[107.55929753800001,21.158380062],[107.55779252900001,21.157344997],[107.55901795200002,21.156149318],[107.55458620600001,21.154091084],[107.55289084000002,21.153823395],[107.55124901200001,21.156202856],[107.55186767100001,21.153746062],[107.550606557,21.152812124],[107.55185006300002,21.151655468],[107.550070227,21.151446075],[107.549137478,21.149285525],[107.547500409,21.150770308],[107.547500409,21.148362294],[107.54511143,21.148438436],[107.54525419700002,21.146192225],[107.54367423500001,21.147191599],[107.54081888200001,21.143260729],[107.54065707900001,21.146753778],[107.53947686600002,21.145868619],[107.53860122400002,21.147857848],[107.53629790600002,21.148619276],[107.539448313,21.153768429],[107.54178018400002,21.154786838],[107.53985758000002,21.155319838],[107.54097116800001,21.157166299],[107.53660247700002,21.159469618],[107.53370905300001,21.159402993],[107.534184945,21.16493286],[107.53230041200001,21.162448703],[107.53323316,21.156690407],[107.53012082500001,21.158241816],[107.53106309200001,21.156918835],[107.52994950400002,21.155081892],[107.52445770800001,21.153473376],[107.52368676300001,21.149894667],[107.51947987600002,21.149019025],[107.51886121600002,21.149989845],[107.517757146,21.148495544],[107.51453059700002,21.149647203],[107.51561563100002,21.148495544],[107.51263654600001,21.146620528],[107.51768980700001,21.14656937],[107.51884146600001,21.143980516],[107.51745186100001,21.139697486],[107.51472071600001,21.137560017],[107.51156079200001,21.139339853],[107.51241739800001,21.136294143],[107.51014263300002,21.133134219],[107.508486528,21.134419128],[107.50750619000002,21.131592328],[107.50191921600002,21.131249686],[107.504868498,21.128915157],[107.50367995700002,21.125799253],[107.50638857700001,21.121343712],[107.484997223,21.107723677],[107.48503529400001,21.10559168],[107.478858213,21.103507273],[107.47447048700002,21.098995815],[107.473471114,21.100042777],[107.47286673,21.097346848],[107.47482264700001,21.098032133],[107.47372809500001,21.094903142],[107.47053181100001,21.09421198],[107.471688229,21.090000334],[107.466305888,21.089429264],[107.467262431,21.087616114],[107.460195432,21.08463227],[107.455898126,21.079249929],[107.452200443,21.078279109],[107.45705454400002,21.083894637],[107.453913655,21.08741624],[107.44907899400002,21.08523794],[107.44395125600002,21.078825293],[107.43719953500002,21.075357229],[107.43607524,21.076570754],[107.43393967400002,21.074018782],[107.435168665,21.072230617],[107.43134963000001,21.07274815],[107.431956393,21.071623854],[107.425377183,21.067239697],[107.42876196700001,21.063170819],[107.43051681900002,21.065068439],[107.43165301200001,21.064425985],[107.427596031,21.058304821],[107.42754983000002,21.05985038],[107.42494432,21.061944306],[107.42042334400001,21.058196655],[107.419019462,21.059094901],[107.42059187900001,21.061693029],[107.41918364500002,21.063169728],[107.41762271800002,21.057430469],[107.41233079700001,21.052319386],[107.41039867500001,21.052719136],[107.41178828000001,21.051300977],[107.40613468,21.049192775],[107.39567694900002,21.048321892],[107.38486586800002,21.040796846],[107.38151677700002,21.04179622],[107.38092191200002,21.044395781],[107.372775232,21.041974085],[107.37210422400001,21.037548287],[107.36723108800001,21.035987361],[107.37243496900001,21.026010281],[107.372555528,21.023875111],[107.37150856600002,21.024255825],[107.36564557400001,21.017022263],[107.36853899800002,21.014833159],[107.36355164800001,21.008627525],[107.36161000800001,21.008627525],[107.35679397900002,21.001412999],[107.347535496,20.995466726],[107.343668872,20.994717196],[107.34498947300001,20.996097283],[107.34421614800002,20.999214377],[107.34310969900001,20.995252575],[107.34078972400002,20.993967666],[107.337779706,20.999178685],[107.33921928,20.995609494],[107.33800575500001,20.99355126],[107.33581665100002,20.995859337],[107.336066494,20.992325838],[107.327904943,20.991980816],[107.32836893800001,20.997405987],[107.32585860600001,20.997536857],[107.326227423,20.990291398],[107.30386207600002,20.995661842],[107.30233922,20.99090292],[107.29921498800002,20.992390083],[107.29418480800001,20.991562031],[107.29330916600001,20.994265098],[107.29538405600002,20.994740991],[107.29316639800001,21.000347001],[107.29082500900002,21.000318447],[107.29043477700002,20.996168667],[107.28789351300001,20.995749882],[107.28487635600001,20.996397095],[107.28476214200002,20.998576682],[107.275310923,20.998081754],[107.273055194,21.001565285],[107.27334072900001,20.999673613],[107.271784562,21.000979937],[107.265816874,21.000544496],[107.26616665400002,20.996625524],[107.26239758800001,20.995875993],[107.25977066300001,20.996061591],[107.25963146500001,20.997989252],[107.249666282,20.997903592],[107.24845751600002,20.99641167],[107.24952827300001,20.992295202],[107.248064905,20.992021564],[107.24760091000002,20.993603906],[107.243529652,20.992202403],[107.23781894600002,20.993615803],[107.22276445300001,20.988726923],[107.21882485800002,20.989700915],[107.20967583100001,20.984477999],[107.208474203,20.981479878],[107.21047295000001,20.984537485],[107.21836086400002,20.988439801],[107.22308409400001,20.986250697],[107.22292467000001,20.983906928],[107.224333311,20.98672421],[107.226037005,20.984792087],[107.23125278300002,20.987038299],[107.22803575200001,20.981946252],[107.22803575200001,20.979186077],[107.22668659800001,20.978536484],[107.22683650400002,20.98023542],[107.224859172,20.981013503],[107.22425240900002,20.976944625],[107.225580148,20.975624024],[107.22328158900001,20.976687643],[107.22163143300001,20.981533118],[107.22294608500002,20.976280458],[107.22143750700002,20.975952092],[107.22170876500002,20.974267434],[107.21776699000002,20.973911903],[107.21724350800001,20.97154196],[107.21413117300001,20.971846531],[107.21521263800001,20.970047658],[107.21367193700002,20.970291553],[107.21296642700001,20.967451666],[107.20934012900001,20.965605204],[107.207622158,20.9662429],[107.20667513200002,20.964729563],[107.20334388700002,20.964410715],[107.20545843500001,20.96603668],[107.20299807200001,20.966403117],[107.20204628700002,20.96422829],[107.203231259,20.962039186],[107.200433013,20.963010006],[107.19627371500002,20.956228542],[107.19150051600002,20.953791974],[107.18942562600002,20.950351273],[107.18719845100001,20.9516457],[107.186379916,20.950579701],[107.18446207100001,20.952007378],[107.18077866500002,20.951673302],[107.16875425700002,20.94710896],[107.15954098400002,20.946361809],[107.158539231,20.944765191],[107.15367561300002,20.945060244],[107.154851066,20.943979969],[107.15352332700002,20.944132254],[107.15270479300001,20.941138892],[107.156435787,20.9443702],[107.15943866700002,20.943289925],[107.15726384000001,20.941086544],[107.158648686,20.939149663],[107.15670466700001,20.938094372],[107.145726793,20.939591338],[107.14602184600001,20.941951763],[107.14190061900001,20.942713191],[107.14019692500001,20.942675119],[107.13905478400001,20.939077374],[107.13455284400001,20.937716323],[107.13359154200002,20.939867355],[107.13171313900001,20.940021657],[107.12816256300002,20.936470913],[107.11476619800001,20.937665402],[107.10780389500002,20.940425577],[107.10129844900001,20.94712138],[107.09649193700001,20.949067779],[107.084756436,20.950076671],[107.08178210900002,20.948387254],[107.080202147,20.945265401],[107.07652588000002,20.945265401],[107.06792412800002,20.954588129],[107.06708233200001,20.958229553],[107.06377910700002,20.960185811],[107.05742594700001,20.956634465],[107.05116201500002,20.956021754],[107.04123966300001,20.949317623],[107.031644487,20.946277861],[107.02020284800001,20.947882808],[107.01460635600002,20.952565587],[107.00985219300001,20.952280052],[107.00776778500001,20.95400754],[107.00313259500001,20.954435843],[106.99923027900002,20.952579864],[106.993631407,20.955254378],[106.99114487000001,20.952732149],[106.98711168400001,20.957038974],[106.98018745300001,20.954302594],[106.979104798,20.95007905],[106.97480987100002,20.949841104],[106.973358399,20.952208668],[106.96701713600001,20.950828581],[106.95439409500001,20.952196771],[106.93841601500002,20.950531148],[106.93516805000002,20.951887441],[106.93202716200001,20.955777859],[106.92695904500002,20.956311145],[106.92442491900002,20.960380023],[106.91885698000002,20.957881589],[106.91744120100002,20.953079837],[106.91022429600001,20.954914401],[106.908461115,20.95385792],[106.90524884300001,20.957465183],[106.904011523,20.952825234],[106.91415992400002,20.947638009],[106.91756255400001,20.941487103],[106.92340413,20.937882219],[106.92566461800001,20.938393803],[106.92548615900002,20.934408206],[106.92998334,20.930458301],[106.93225572500002,20.924937951],[106.93192260100001,20.920250413],[106.92865084200001,20.918108898],[106.92675917000001,20.92044077],[106.92567175700002,20.919013093],[106.92785134300001,20.915224991],[106.933238443,20.916395686],[106.93529429700001,20.913302387],[106.94072898600001,20.913987672],[106.939577327,20.910190052],[106.92989292100002,20.908191305],[106.919922979,20.911118042],[106.91656793900002,20.908762375],[106.90947714500001,20.907191931],[106.906597997,20.90940483],[106.89757984,20.902670955],[106.89543832500001,20.904836265],[106.888756799,20.904172395],[106.88404546600002,20.90110289],[106.88019668800001,20.892060939],[106.87677621300001,20.890990181],[106.87540802200002,20.893339899],[106.87305830500001,20.892596317],[106.874783414,20.891287614],[106.87573519800002,20.88724253],[106.87082756,20.879895944],[106.86942962700002,20.871210911],[106.86496813700002,20.869366829],[106.85525398800002,20.870356288],[106.85340076800001,20.869223765],[106.858438426,20.863911041],[106.86854637600001,20.857172407],[106.87376467700001,20.834004037],[106.87709744000001,20.82695492],[106.89156456300002,20.814962436],[106.89571672200002,20.808958104],[106.90431133500002,20.805156201],[106.90395441600002,20.80118726],[106.88938497600002,20.794291582],[106.88201102700002,20.793299347],[106.881549411,20.795954588],[106.87965536000002,20.796259159],[106.85956319200001,20.790253399],[106.852738897,20.791214701],[106.849045974,20.793413323],[106.84793238600001,20.798448263],[106.770864943,20.803147734],[106.76824111700002,20.794951839],[106.75634381200001,20.777819719],[106.75634381200001,20.774012582],[106.75872327300002,20.770562363],[106.769859151,20.762686347],[106.782993775,20.746506013],[106.785563593,20.741747091],[106.79070322900002,20.722425867],[106.794700724,20.722140332],[106.79850786100002,20.723853544],[106.80145839300002,20.723092116],[106.80202946400001,20.721188547],[106.79915507500002,20.715268448],[106.80115382200002,20.71349813],[106.796014186,20.709843277],[106.79149796900002,20.701286736],[106.793353949,20.70043013],[106.79354430600002,20.69738442],[106.79633560300002,20.697290948],[106.79827724400002,20.695482558],[106.795583641,20.68837843],[106.79674487100002,20.684665528],[106.79883879600001,20.683666154],[106.80388325400001,20.684451376],[106.810236415,20.676194647],[106.809879496,20.672839607],[106.80554887600002,20.6702222],[106.79948125100002,20.673696213],[106.79910053700002,20.676813307],[106.803121826,20.677574734],[106.80286008600001,20.679216562],[106.79983817000002,20.681381872],[106.79479371300002,20.682262272],[106.79197386100002,20.687343094],[106.786596279,20.688723182],[106.78585864700001,20.692458935],[106.789166097,20.694576656],[106.78481168400002,20.696575403],[106.78478788900001,20.701477093],[106.78017173500001,20.703285483],[106.775103483,20.702904769],[106.77326283700002,20.705080367],[106.77369388900001,20.708052797],[106.76938706400001,20.710063441],[106.76750729000001,20.71439406],[106.74392088300002,20.704751295],[106.72187755600001,20.689514416],[106.71325201000002,20.685980916],[106.703258274,20.674440531],[106.70742233100002,20.667302148],[106.70539978900001,20.659925818],[106.69409734900002,20.638272723],[106.693264538,20.631015367],[106.66482997900002,20.615191952],[106.65387548800001,20.611915275],[106.63508671600002,20.601629024],[106.61236286300002,20.585210743],[106.59579685800001,20.563094644],[106.593060477,20.556551127],[106.58758771700002,20.522167915],[106.58984820500001,20.512412125],[106.60150756400002,20.499444062],[106.60531470200002,20.477434048],[106.603768052,20.462443444],[106.60460086300002,20.459588091],[106.61518946500001,20.451735869],[106.62565909300001,20.449237435],[106.62910931200001,20.444716459],[106.61649583200001,20.431273844],[106.60258327900002,20.406679784],[106.60243456200001,20.397013223],[106.60496274000002,20.391808152],[106.61061396,20.386454365],[106.62085753900001,20.37190991],[106.62406981200002,20.358275598],[106.62385566000002,20.3441416],[106.62278490300001,20.336075227],[106.60281527600002,20.264881754],[106.58592110300002,20.233353895],[106.58443156000001,20.219598231],[106.57702667800001,20.213525847],[106.55389831700002,20.202009255],[106.531705084,20.196043947],[106.50233063800002,20.190832927],[106.493157816,20.190940003],[106.48591235700002,20.193081518],[106.47963058000002,20.196507942],[106.47356295400002,20.2024328],[106.47324172700002,20.206573062],[106.48360428,20.208131609],[106.481018727,20.216877979],[106.44293372300001,20.213197624],[106.42551606900001,20.206516097],[106.41369490600002,20.20588792],[106.38013308500001,20.189144128],[106.36248534900001,20.17833788],[106.34008279000001,20.154134326],[106.32443058600002,20.141237938],[106.32328379600001,20.137858812],[106.311291312,20.12396276],[106.29315981900001,20.106449927],[106.27512350500001,20.085843795],[106.270935653,20.08308362],[106.25551674600001,20.063714807],[106.24680791900002,20.055719818],[106.19898075300001,20.000325966],[106.18851112400002,19.994900795],[106.18198243400002,19.98513004],[106.179183637,19.971820023],[106.15452528300001,19.947708945],[106.14685152100002,19.936703938],[106.14357976200002,19.929327609],[106.12174820700001,19.90362943],[106.113800808,19.896598122],[106.101213459,19.88941215],[106.09436061100001,19.888650723],[106.09188597200001,19.890935005],[106.09735873200002,19.907496054],[106.10503824700001,19.919927689],[106.09426543300002,19.922010766],[106.08105942400002,19.91594314],[106.06749649600002,19.917013898],[106.04396362700001,19.93704896],[106.033541588,19.951182958],[106.026199134,19.95559443],[106.00384878900002,19.95311695],[105.99325013,19.949726397],[105.96842759300002,19.934554954],[105.95820386000001,19.925537429],[105.95405089000002,19.91955959],[105.95017236800001,19.906924652],[105.95005339500001,19.897145068],[105.94857812900001,19.896145694],[105.949648887,19.886723028],[105.95938088200002,19.888650392],[105.96023748800002,19.890054274],[105.96625752500002,19.889840122],[105.95682177200001,19.880818396],[105.949069488,19.86985384],[105.93919666100001,19.848397037],[105.93263217200001,19.827851594],[105.93137581600001,19.819285534],[105.932079764,19.805382997],[105.93480224000001,19.800782846],[105.93999898300001,19.801125488],[105.94119823100002,19.797927492],[105.93548752500001,19.792502321],[105.93214200300001,19.778151792],[105.920149519,19.764148664],[105.90923017300001,19.747851735],[105.90073906600001,19.732144913],[105.89862784700001,19.722491653],[105.89396410400002,19.720135987],[105.89320267600002,19.721730226],[105.88677813100001,19.723728973],[105.88506491900002,19.727916824],[105.88087706800002,19.728916198],[105.876885307,19.727707311],[105.86426843000001,19.716947509],[105.85534545100002,19.704264982],[105.842102163,19.675827425],[105.83194898200001,19.644355865],[105.82441245800001,19.61227502],[105.81960594700001,19.583059997],[105.81262936700001,19.559707967],[105.80729937500001,19.521874537],[105.806871072,19.483945929],[105.809997292,19.44124629],[105.81124928000001,19.435057919],[105.81446155200001,19.430049154],[105.812819724,19.425373513],[105.81061872300002,19.425623356],[105.805479087,19.430227614],[105.797674455,19.425266437],[105.79345091200001,19.415819977],[105.79320106800002,19.403791802],[105.789155985,19.401690738],[105.78553920400002,19.401747845],[105.78457076300002,19.394948535],[105.78629587200001,19.379749728],[105.79034928400002,19.362501253],[105.800704699,19.340191426],[105.80993700700002,19.332329687],[105.814714965,19.330959118],[105.81644721300002,19.33739318],[105.81774163900002,19.335641897],[105.820292422,19.33531829],[105.82364270300002,19.337678716],[105.82383306000001,19.339391928],[105.82185334800002,19.339982034],[105.82263381100002,19.341333568],[105.82387113100002,19.342285352],[105.82539604800002,19.340382106],[105.82632317800001,19.331793385],[105.82411859500002,19.3232687],[105.82550820000002,19.318471706],[105.828344518,19.315425996],[105.82823030400002,19.304766011],[105.82735466200002,19.303928441],[105.82560337900001,19.306612473],[105.82290031100001,19.305127689],[105.82257670400001,19.307545221],[105.81953099400002,19.310895503],[105.811459862,19.304975404],[105.80612987,19.294467704],[105.80563494200001,19.286986678],[105.80354101600001,19.286396572],[105.802722482,19.284264575],[105.802417911,19.278763261],[105.80361715900001,19.27735462],[105.80571108500001,19.277583048],[105.806358298,19.273166769],[105.80454990800001,19.27307159],[105.80188491100002,19.275926944],[105.798058738,19.272310163],[105.79221478200002,19.271796199],[105.790787105,19.275565266],[105.787703324,19.276022122],[105.781554796,19.272253056],[105.77553681,19.259459737],[105.77138973900001,19.233458324],[105.76781103000002,19.231231148],[105.76668792400001,19.227842796],[105.76124371700001,19.227709546],[105.75823607900001,19.224473479],[105.75848354300001,19.231859326],[105.75488579700001,19.23210679],[105.74751898600002,19.228832651],[105.741846351,19.221561019],[105.740152175,19.222322446],[105.738134392,19.219981056],[105.734803147,19.208692893],[105.73111082400001,19.185603039],[105.73059626000001,19.17400987],[105.73160515100001,19.168927341],[105.73345161300001,19.168203985],[105.73305186300001,19.16544381],[105.73097697300001,19.163692527],[105.73204297200002,19.157544],[105.729853868,19.148920833],[105.72962543900002,19.136966421],[105.73103408000001,19.115741629],[105.73491736100002,19.107727604],[105.73824860600001,19.106261856],[105.738210535,19.104320216],[105.73683996500002,19.104186966],[105.73680189400001,19.102759289],[105.73040590300002,19.101426791],[105.72536144500002,19.102911575],[105.71824209800002,19.097315083],[105.712549238,19.097113304],[105.71112156100001,19.09505745],[105.70478267700001,19.092302034],[105.704639909,19.090503162],[105.702955251,19.090874358],[105.70027121900002,19.086048811],[105.69875788200001,19.088033281],[105.69590252800002,19.087490764],[105.69217629200001,19.0821227],[105.690120438,19.08446409],[105.68787898600002,19.084349876],[105.68742212900001,19.088661459],[105.68359595600002,19.093172917],[105.67375926400001,19.097533676],[105.66340385,19.092736682],[105.65213314600001,19.083254287],[105.640484881,19.066810075],[105.625294402,19.035306012],[105.62076390900002,19.018040643],[105.61901262500001,18.992875463],[105.61611920100002,18.980292873],[105.618194091,18.97770402],[105.62152533600002,18.951111163],[105.62592258,18.931142727],[105.63709652900002,18.897164023],[105.64994561800002,18.891948245],[105.65107090500001,18.887205828],[105.65510647100001,18.885283224],[105.65723846800002,18.885492616],[105.65990346400001,18.889413968],[105.66184510500001,18.889280718],[105.66435781500002,18.886120794],[105.666889562,18.886501508],[105.66513827900002,18.884160118],[105.66749870400001,18.880219731],[105.674484802,18.881228622],[105.67739726200001,18.875860558],[105.680043222,18.874090239],[105.68425010900002,18.876983664],[105.69079838600001,18.874090239],[105.695081416,18.864134574],[105.70147740700001,18.863411218],[105.70241015600001,18.856101514],[105.70467540300001,18.853722053],[105.70774014900002,18.854159874],[105.70675029300001,18.85143777],[105.708006648,18.849248666],[105.71291785600002,18.846831134],[105.717219921,18.84989588],[105.71864759800002,18.84949613],[105.719942025,18.847078598],[105.716058744,18.84645042],[105.71510696000001,18.843614103],[105.716839207,18.837674968],[105.72020852400001,18.834686365],[105.71841917000002,18.833658438],[105.71692248900001,18.829384926],[105.717764818,18.822620118],[105.71957320800001,18.82018355],[105.72341841700002,18.821040156],[105.7203156,18.817518554],[105.72713751500001,18.80420309],[105.73370482700001,18.794923192],[105.761836623,18.763959289],[105.76771208400001,18.760423387],[105.775707073,18.762022385],[105.77719185600002,18.760537601],[105.78827222600002,18.718564594],[105.79900596200001,18.669133541],[105.80709612900002,18.64432766],[105.82012367800002,18.612264423],[105.83728554100001,18.578208388],[105.85346587500001,18.550398437],[105.88204915100002,18.507776342],[105.91631810100002,18.464582272],[105.92195266400002,18.452037753],[105.92792987000001,18.450248399],[105.929681154,18.451599932],[105.932463636,18.456945689],[105.93163082500001,18.460729032],[105.933819929,18.461704611],[105.93652061700001,18.466439738],[105.9396853,18.466665787],[105.939161819,18.469901854],[105.94242120400001,18.471824459],[105.94337298900001,18.467503358],[105.94025113600001,18.466551573],[105.93910899500001,18.464038862],[105.94598801600002,18.450251076],[105.96794449300002,18.416474627],[105.998532464,18.377320596],[106.042683363,18.327363812],[106.07105843500001,18.299732321],[106.100101472,18.275734966],[106.11171549300002,18.271427393],[106.115130019,18.267786818],[106.12212268400002,18.26602278],[106.128147479,18.267164922],[106.131945099,18.266408253],[106.13380107800002,18.267664609],[106.14005430200001,18.265880013],[106.145165384,18.267421903],[106.14542236600002,18.268649705],[106.14580783900001,18.267321966],[106.149191432,18.266608128],[106.15268924000002,18.268464107],[106.160779407,18.267738174],[106.18573757400002,18.253128283],[106.208865935,18.233811818],[106.21406267800002,18.234311505],[106.22147231900001,18.224846009],[106.22896762100001,18.223261288],[106.23534933600001,18.21636561],[106.24438652900001,18.217950331],[106.24402961000001,18.216251396],[106.25233868700002,18.215380514],[106.275409941,18.188102373],[106.304415571,18.158025985],[106.35574411400002,18.113125503],[106.363490878,18.108460998],[106.36922062,18.107899445],[106.37476000500001,18.104644342],[106.37989012300001,18.107014286],[106.37987584600002,18.103744906],[106.38805643300002,18.10001867],[106.40153370000002,18.098976466],[106.40737289800002,18.101360686],[106.40871491400002,18.107099946],[106.40701597800002,18.107913722],[106.407558496,18.110683414],[106.405888114,18.111154548],[106.40648833300001,18.112778034],[106.40842759400002,18.112694753],[106.41119966600002,18.120689742],[106.41572064200001,18.124235139],[106.421205299,18.125603329],[106.42264487300001,18.120891996],[106.43513704300001,18.122283981],[106.43332865300002,18.11685881],[106.420705612,18.102665325],[106.42356096600001,18.095907656],[106.42080079100002,18.091565139],[106.42859352600001,18.07937754],[106.43822082500002,18.051723444],[106.457024462,18.015934635],[106.46945125100001,17.998019009],[106.47327028600002,17.997495528],[106.478528894,17.988881879],[106.48260967000002,17.989429155],[106.48137235000002,17.986502418],[106.482098086,17.983861216],[106.49305550400001,17.966955146],[106.49542306700002,17.964896912],[106.505535777,17.963397852],[106.51059213100001,17.960221271],[106.50497660300002,17.958116638],[106.50458804000002,17.953236936],[106.509754561,17.942526409],[106.51562707100001,17.941822089],[106.504925413,17.931612015],[106.501493073,17.9238524],[106.49681029300001,17.921625224],[106.49490672400002,17.923052901],[106.48921505400001,17.922120152],[106.48573152300001,17.923090972],[106.48287617000001,17.921434867],[106.48043960200002,17.915324411],[106.46899915300001,17.902151715],[106.46785701200001,17.89427094],[106.46387010200002,17.890419377],[106.46130397600001,17.883594299],[106.452141663,17.871574638],[106.447062513,17.859959185],[106.44438006000001,17.84403576],[106.44540863000002,17.823682019],[106.44868543100002,17.806755648],[106.45936746800001,17.770675614],[106.46777559400002,17.749640422],[106.487173476,17.714057702],[106.48819044400001,17.707044612],[106.49091997900001,17.702999287],[106.49479260900002,17.702532684],[106.50076505700001,17.684900878],[106.51325722700001,17.662010463],[106.51616016900002,17.660368635],[106.529203973,17.637508228],[106.54105937800001,17.622281192],[106.54488740200001,17.622056933],[106.54732872900001,17.619358624],[106.549984207,17.611963259],[106.56787299500002,17.578726948],[106.595292815,17.535678012],[106.62561537600001,17.496185825],[106.62907860500002,17.486082594],[106.63309777600001,17.482332438],[106.64579464700002,17.462424158],[106.65888367200002,17.446110028],[106.68586500300002,17.415610423],[106.748543499,17.3537458],[106.79646226900002,17.31239457],[106.860262094,17.261900452],[106.96165475600002,17.18593187],[107.02870796700002,17.137700196],[107.07291359400001,17.10947265],[107.093572074,17.099735895],[107.09558509800002,17.100364073],[107.11174639700002,17.086315735],[107.11680037300002,17.085002273],[107.11448753700002,17.081561572],[107.11688001800002,17.07577342],[107.11285998500001,17.073523753],[107.112017656,17.070211543],[107.11438759900001,17.063258758],[107.11330256500001,17.061816805],[107.11490156300002,17.058033462],[107.11365948400001,17.050966463],[107.11574389200001,17.044441981],[107.11111822,17.041815056],[107.10951922200002,17.037532026],[107.11098972900001,17.029322885],[107.11348816300001,17.026024952],[107.11077557700001,17.024525892],[107.110804131,17.020257139],[107.112381714,17.012752319],[107.11723581400001,17.002080436],[107.14072109400001,16.966031602],[107.17541363600002,16.924557597],[107.19047562400002,16.910816209],[107.19415189100002,16.903713518],[107.20118319800001,16.902035998],[107.21756578700001,16.882298369],[107.238624017,16.862703508],[107.29627248800001,16.812238482],[107.34854229500002,16.770510972],[107.40944760500001,16.726767354],[107.50064163800002,16.654248521],[107.53669047200002,16.627598558],[107.58328197800002,16.595230076],[107.59668263200001,16.587236951],[107.611435291,16.580812406],[107.61455833300002,16.57783808],[107.61773142500002,16.57054227],[107.62205363500001,16.567071019],[107.62907304500001,16.570967386],[107.65066773800001,16.561661977],[107.68855957100001,16.539855933],[107.71431723600001,16.521831516],[107.78733694600001,16.464694709],[107.890471114,16.374218084],[107.90114061700001,16.36677513],[107.90512859300001,16.367574629],[107.91940535900001,16.355277574],[107.92390730000001,16.354535182],[107.93957367100002,16.344151214],[107.94468475300002,16.343675322],[107.94588400200001,16.347149335],[107.95174699300001,16.343256537],[107.95518293500001,16.344332053],[107.95551606,16.337602938],[107.96647228800002,16.325125044],[107.97527143600001,16.319625032],[107.97629936300001,16.317412133],[108.00079115500002,16.313147663],[108.01052790900002,16.314111345],[108.019764977,16.319229565],[108.02555420600001,16.32644647],[108.02027180200001,16.331593245],[108.01821594800002,16.331893057],[108.016188647,16.338067758],[108.01883698700001,16.343036073],[108.02336272200002,16.343492929],[108.02898062900002,16.335697815],[108.03431300100002,16.335812029],[108.034063158,16.330515349],[108.03724687700002,16.3272888],[108.04049246200002,16.316409904],[108.04226278100002,16.316038708],[108.04155846000002,16.314173211],[108.03744199300002,16.312222053],[108.03865551800001,16.307253738],[108.09071574500001,16.226807929],[108.09254277500001,16.226981231],[108.093120984,16.228608783],[108.09600489000002,16.225275158],[108.102258114,16.222833831],[108.10648403700002,16.218108221],[108.10971058600002,16.219214671],[108.118907203,16.212273783],[108.12242642500001,16.213765705],[108.12441089600001,16.216499706],[108.12643819700001,16.215221935],[108.13373362400002,16.217413419],[108.13595366100002,16.214465267],[108.138052346,16.21489357],[108.1408149,16.213230326],[108.14304207600001,16.214044102],[108.14502654600001,16.219469273],[108.148538631,16.221039717],[108.15525584900001,16.21542181],[108.15943180300002,16.215578854],[108.16143055000002,16.21277347],[108.16878308500002,16.208918743],[108.17114589000002,16.208775975],[108.175043447,16.212131015],[108.18183442800002,16.212723501],[108.18246498600001,16.215495573],[108.19458300900001,16.210087098],[108.193231785,16.204016652],[108.19430254200002,16.199459984],[108.18617668300001,16.201137504],[108.18413629500002,16.199358857],[108.179026403,16.200399871],[108.173309748,16.193790918],[108.164573556,16.193991983],[108.16192521600001,16.191186598],[108.15572196200002,16.190230055],[108.152759533,16.182339762],[108.15262390300002,16.175465499],[108.15395164300001,16.172174705],[108.15075364700002,16.167698939],[108.15152459200002,16.165493178],[108.153616139,16.164843585],[108.15335915700001,16.1614243],[108.14851933300001,16.160846091],[108.14566398,16.164729371],[108.14038157600001,16.163937011],[108.13664820200002,16.157733756],[108.13907525200001,16.1446491],[108.13627700600001,16.141393997],[108.13346567300002,16.140443402],[108.12983461600001,16.140914536],[108.127241003,16.142937078],[108.124290471,16.138939583],[108.12318878100001,16.133597693],[108.12488590800001,16.124909155],[108.12978759700002,16.11910327],[108.134082524,16.117675593],[108.13154126,16.116976032],[108.13138421600001,16.113192689],[108.14074977400001,16.101427682],[108.15031520700002,16.092433319],[108.16326423400001,16.083567448],[108.177997857,16.076243467],[108.19463028900002,16.073088301],[108.20406723200001,16.075029942],[108.21130555200001,16.081383102],[108.21250480000002,16.084338393],[108.21181951600002,16.086023051],[108.20856441300002,16.087379344],[108.20727389900001,16.086639354],[108.20706892200002,16.088864723],[108.211923022,16.089435793],[108.21614656500002,16.093540364],[108.22629694900002,16.099152025],[108.22553552200002,16.100889031],[108.22379851500001,16.100639188],[108.22282293600001,16.107991723],[108.224250613,16.108991096],[108.22739150200002,16.109562167],[108.22865261600002,16.101453915],[108.22579250400001,16.100897122],[108.226625315,16.099074454],[108.23880815500002,16.104061805],[108.23714729200002,16.105993927],[108.23630377300002,16.104929118],[108.23757559500001,16.106917158],[108.23973043500001,16.103441063],[108.23477163800001,16.101861101],[108.23595958400001,16.097776399],[108.234591394,16.094653356],[108.236792395,16.092725993],[108.24243766600001,16.103962998],[108.24061737900001,16.110577899],[108.24193203100002,16.112695619],[108.238945807,16.111874705],[108.23265808200001,16.115931686],[108.23178957800002,16.115069132],[108.23026077500002,16.117055982],[108.22548995500001,16.11658009],[108.22156384500002,16.12090476],[108.21885125900002,16.119203445],[108.21765646700001,16.115968107],[108.21263372700001,16.121520089],[108.215024463,16.124884798],[108.218812659,16.123354081],[108.22096032300001,16.123966758],[108.22150559300002,16.13096151],[108.22473961400001,16.134822703],[108.22728138500001,16.134125479],[108.22859850600001,16.135709133],[108.229645935,16.141303353],[108.23185604500001,16.142916125],[108.230487073,16.149745219],[108.23188828,16.150010174],[108.23463131000001,16.14746166],[108.23762642000001,16.14993228],[108.23968960900001,16.149192696],[108.24173235300002,16.150408385],[108.24575701700002,16.154832597],[108.249084922,16.155566637],[108.25895134200002,16.152651913],[108.26275000400001,16.14518571],[108.26765355200001,16.140276928],[108.26967160600002,16.139899722],[108.26868881100002,16.138658663],[108.271344905,16.134756405],[108.27507115200001,16.133208527],[108.28170865800001,16.137387101],[108.28694151900001,16.137143055],[108.29296864000001,16.134006116],[108.29992939600001,16.125115929],[108.305089023,16.123142584],[108.31044281100002,16.125362621],[108.30984695600002,16.131796938],[108.31268718500002,16.135566763],[108.313036441,16.142024584],[108.31695925000001,16.144623004],[108.32397036400002,16.140768253],[108.33109689500002,16.127803529],[108.33801154800001,16.121122205],[108.338325573,16.117686162],[108.33206845100001,16.118436131],[108.32634811800001,16.115432118],[108.320697296,16.116655685],[108.31613310700001,16.112762113],[108.31162088200001,16.112403759],[108.30920281600001,16.106013253],[108.309936223,16.098176961],[108.30607435800002,16.095742773],[108.30067774100002,16.099133505],[108.29972119700001,16.104058989],[108.29527510000001,16.10563963],[108.28619628800001,16.103729952],[108.27967505600002,16.097030136],[108.27324456300002,16.098767142],[108.26753980500001,16.094948107],[108.263724339,16.101284136],[108.26149716400002,16.102112188],[108.25791369600002,16.101027154],[108.25330230000002,16.096387205],[108.24753448700001,16.079512068],[108.24692058600002,16.060909442],[108.25216816000001,16.042352209],[108.27050104400001,16.002222415],[108.29557878400001,15.957292015],[108.30413294600001,15.945680245],[108.32554809500002,15.925026524],[108.34515485400001,15.911130471],[108.38022810900002,15.889869987],[108.38965077400002,15.881993971],[108.396255464,15.871910956],[108.40439560000002,15.867052096],[108.40506660800001,15.84884922],[108.413604114,15.81578423],[108.425411,15.788815419],[108.44736866600002,15.750910605],[108.50163227400002,15.665131035],[108.52974164000001,15.623387464],[108.57851464200002,15.558964747],[108.60667175600001,15.526834409],[108.61762917400002,15.515627147],[108.62708753200002,15.508952759],[108.63508799700001,15.504247944],[108.650542596,15.498358778],[108.66788886700002,15.499536611],[108.67271917300002,15.502725089],[108.67543175800002,15.508102671],[108.67349249800002,15.515181567],[108.679024745,15.511564786],[108.68237668800002,15.50586993],[108.67896525800002,15.505949258],[108.677311533,15.504283636],[108.67385821700002,15.492116645],[108.67427700200001,15.487262545],[108.67702765900002,15.48140907],[108.681491528,15.478639378],[108.683448163,15.48311833],[108.68682699700001,15.485926094],[108.68974183700001,15.485473996],[108.68965855600001,15.483808374],[108.69239937400002,15.482420738],[108.69209750300001,15.478847197],[108.69016862900001,15.476638648],[108.69328723400001,15.473648075],[108.69508372700001,15.474706935],[108.69447934400002,15.472446447],[108.70166935700001,15.45804316],[108.69760047900002,15.452499016],[108.69793360400001,15.448501521],[108.69600148100001,15.445298767],[108.69800022900002,15.439074097],[108.72712483100001,15.409207102],[108.74888262300001,15.392474733],[108.76475838600001,15.387335097],[108.77155412700002,15.38784906],[108.778578296,15.391789448],[108.78720146300002,15.392017876],[108.790970529,15.390647306],[108.79517486200001,15.39187346],[108.80500934900002,15.399137223],[108.807912291,15.405171536],[108.80711279200001,15.408578925],[108.80604679400001,15.407427265],[108.80256326300001,15.40859796],[108.80229676300002,15.411814992],[108.79874660800002,15.412062456],[108.79556526800002,15.41542047],[108.79662888700001,15.421438127],[108.795301148,15.423115647],[108.796885869,15.4231442],[108.79867760300002,15.425735433],[108.79917729000002,15.420745704],[108.80999194000002,15.412393795],[108.81426783200001,15.412222474],[108.82016413600002,15.418432867],[108.824211599,15.419546455],[108.82658154200001,15.418454283],[108.828323308,15.416334183],[108.82620320800001,15.412957728],[108.82261260100002,15.412122537],[108.822491249,15.406485594],[108.82387133600001,15.40623575],[108.82403789900002,15.402916402],[108.82748811700002,15.400358482],[108.826536333,15.39908547],[108.827569019,15.398119409],[108.82965342700001,15.397576892],[108.83153796000002,15.399432871],[108.83242311900001,15.393093987],[108.827611849,15.382586287],[108.82796480200001,15.377107975],[108.84352647700001,15.35532044],[108.85112885500001,15.348538976],[108.85419836000001,15.348667467],[108.856075755,15.346311801],[108.860330231,15.345826391],[108.86159372500002,15.349488381],[108.86593386200002,15.353685751],[108.86848940300001,15.351672727],[108.87145183200002,15.351651311],[108.87038821300001,15.34830341],[108.866355026,15.346897148],[108.864230168,15.344100092],[108.86378996700002,15.340102597],[108.86553649200002,15.334720852],[108.87021213300001,15.330416407],[108.88354663200002,15.327967941],[108.88247587500001,15.32634039],[108.88411056400001,15.324819914],[108.88013448500001,15.324455857],[108.88078407800002,15.318728494],[108.876282138,15.314835696],[108.869550642,15.301903325],[108.870483391,15.29760126],[108.87612509300001,15.287814537],[108.89508154500001,15.261719979],[108.90818642700002,15.249727496],[108.92083921000001,15.244153608],[108.92459281,15.245747847],[108.92607402500002,15.248894685],[108.93327784300001,15.245831128],[108.93624622100002,15.248127308],[108.937679846,15.247169575],[108.93660908800001,15.246580659],[108.937382413,15.244373709],[108.93998197400002,15.24251178],[108.94199261900002,15.242904391],[108.93997007700001,15.239525557],[108.941637413,15.235063306],[108.94409301700001,15.235101377],[108.94064755700002,15.23076124],[108.94175353100002,15.226859876],[108.936621033,15.224161567],[108.93777745100002,15.221927254],[108.93528615600002,15.216152302],[108.92790506800002,15.210248859],[108.92100225100002,15.214510474],[108.91454677300001,15.21178837],[108.91785898300002,15.208695071],[108.91839198200002,15.205658879],[108.922232829,15.205296705],[108.922030575,15.202679298],[108.917485804,15.200454502],[108.91647691300001,15.204085559],[108.91423546100002,15.205713111],[108.91125161700002,15.206298458],[108.90602513000002,15.20483271],[108.89964817500001,15.199597896],[108.895757756,15.189818311],[108.895668526,15.170306731],[108.89891054200001,15.153055638],[108.89778029800001,15.143151132],[108.89949714900001,15.14036426],[108.89752415900001,15.126413557],[108.90435797100001,15.094985636],[108.90156567400001,15.087874617],[108.91460512000002,15.035336118],[108.932241685,14.979532364],[108.95348551300002,14.924785725],[108.98101111800001,14.865261129],[108.99789881900001,14.831085596],[109.00062092200001,14.829372385],[109.002267509,14.82157727],[109.04863237700002,14.745735639],[109.07098027500001,14.711966328],[109.073169379,14.710729009],[109.07415923500001,14.706712478],[109.07655773200001,14.705912979],[109.07785215900002,14.70233427],[109.07749048100001,14.697308848],[109.07461609200001,14.696585492],[109.07421634200001,14.693482675],[109.08034583400001,14.679339159],[109.08283950900001,14.679110731],[109.08318215100002,14.668070032],[109.07583342400001,14.664777809],[109.07332071300002,14.666676619],[109.067824158,14.663735605],[109.06550418400002,14.653492026],[109.06758383300001,14.637285517],[109.070546262,14.63404945],[109.069189969,14.629112068],[109.07115302400001,14.621926096],[109.074496167,14.618452083],[109.073663355,14.617500299],[109.071962041,14.618475878],[109.07050581100002,14.616596103],[109.07042015000002,14.612555779],[109.07336116400002,14.606916456],[109.07221902300002,14.602604873],[109.07989992300001,14.58253174],[109.08195577700002,14.581632303],[109.08250331300002,14.577770913],[109.07879585300002,14.578930663],[109.07535515200001,14.577124653],[109.07155991200001,14.578290588],[109.06920424600001,14.575173495],[109.06697944900002,14.569022588],[109.06877594300002,14.557327537],[109.07986423100002,14.527096485],[109.09846804700001,14.488012648],[109.11935892100001,14.452236262],[109.12092341700001,14.451712781],[109.122291607,14.445770077],[109.12466511900001,14.445258493],[109.12216073700002,14.439672708],[109.12339210800002,14.438863691],[109.11874026100001,14.436728125],[109.11941840800002,14.429518358],[109.11641433800001,14.428459498],[109.11541305700001,14.42461993],[109.11631321100002,14.419024935],[109.123274324,14.401623144],[109.12811384400001,14.395038371],[109.12578703500002,14.390144624],[109.122969753,14.389021518],[109.12438791200002,14.385052577],[109.12070450600001,14.379998602],[109.12309136000002,14.371649966],[109.13240193700001,14.353443817],[109.148686968,14.327726603],[109.18093104400002,14.283621865],[109.183015452,14.281737332],[109.18601357300001,14.281765886],[109.18455734200002,14.278682104],[109.18095959700001,14.278496506],[109.17911401200001,14.276897798],[109.17847544000001,14.272414604],[109.187655336,14.255383999],[109.19457578500001,14.248367176],[109.19439112700002,14.242788334],[109.19806161800001,14.23424979],[109.19381293,14.226871125],[109.189779744,14.229697925],[109.18686014500001,14.229405251],[109.182227335,14.2242442],[109.18147066600001,14.213051216],[109.18540605600002,14.199097689],[109.197181756,14.174794901],[109.21250359800001,14.150115755],[109.22111060800002,14.13874221],[109.22342114900002,14.137799533],[109.22633443500001,14.139145433],[109.22745252000001,14.137911152],[109.225018876,14.1338231],[109.225088749,14.130948279],[109.22044671300002,14.126402192],[109.21584959400002,14.126130933],[109.21032448600002,14.128101127],[109.20628416100001,14.122047778],[109.204999252,14.112696496],[109.20972486200002,14.095678591],[109.219805692,14.073252981],[109.24751466100001,14.025408261],[109.252517089,14.022139762],[109.25207926800002,14.018503946],[109.25368778300002,14.017799626],[109.25090857300002,14.01204133],[109.24696818600002,14.009947404],[109.246720722,14.00789155],[109.25139398300001,13.995727745],[109.25581978000001,13.992653482],[109.256999993,13.989017665],[109.25459197900001,13.984544278],[109.25025184200001,13.985086796],[109.24911921800002,13.979338018],[109.25489655000001,13.965717983],[109.25919861500002,13.96502318],[109.25950318600002,13.963395629],[109.25305572700002,13.958999146],[109.249880646,13.959931134],[109.24595057200001,13.958238226],[109.24243769200001,13.954934266],[109.24221878100002,13.947862508],[109.24426511800002,13.93915368],[109.25903720100001,13.911470338],[109.27128664700001,13.895445592],[109.281303958,13.88787192],[109.28742425900002,13.886476753],[109.29094855600002,13.888287149],[109.29039652100002,13.891846823],[109.29376094500002,13.896678417],[109.29379612800001,13.8926616],[109.29192668300001,13.889798942],[109.29249806100002,13.886388339],[109.29640275700001,13.885403243],[109.29778389400002,13.879848438],[109.298030308,13.876922844],[109.294853728,13.878107815],[109.29203656000001,13.872845744],[109.29501047500001,13.855810298],[109.29204834300002,13.852109824],[109.293361806,13.848405003],[109.29564608800001,13.847562674],[109.299615029,13.841866245],[109.29617908800002,13.835939899],[109.29804458500001,13.833303457],[109.298234942,13.82980089],[109.29941515500002,13.830143532],[109.29920576200001,13.826802769],[109.29777808500002,13.826022306],[109.29802554900002,13.823252613],[109.296997622,13.823814166],[109.29596017700001,13.821244348],[109.29353312700002,13.821158688],[109.290087667,13.817665639],[109.28566187000001,13.804426318],[109.286784976,13.803131891],[109.28653751200001,13.798353933],[109.28958322200002,13.794813295],[109.28920250800002,13.790901462],[109.29117270200001,13.790016302],[109.29082054100002,13.787218056],[109.29410419800001,13.780565083],[109.29286687800001,13.779089817],[109.29394239400001,13.771504095],[109.29214352200002,13.771932398],[109.29119173700002,13.770637972],[109.29300012800002,13.766764209],[109.29002104300001,13.764356195],[109.28849818800002,13.760025576],[109.28922154400001,13.754647994],[109.28718472500002,13.754086441],[109.28112185800002,13.762262269],[109.27489718800001,13.761529395],[109.26743519900002,13.757084562],[109.255109591,13.758464649],[109.25048391800001,13.761453252],[109.251622108,13.762696937],[109.24977927800002,13.769549669],[109.24060367000001,13.771243229],[109.22962270100001,13.766500482],[109.22251806700001,13.760419279],[109.21690823000002,13.752263844],[109.21436038200001,13.745537723],[109.21949082000002,13.733729628],[109.217956068,13.714444097],[109.22192976800001,13.712076533],[109.22158474600002,13.708662007],[109.22709319800002,13.690447233],[109.22949645400001,13.687615674],[109.23263734200002,13.688043977],[109.23134053600002,13.684879294],[109.233791312,13.680988478],[109.23402231300001,13.671330009],[109.230388751,13.665284432],[109.23173314700001,13.663606912],[109.230745671,13.661715241],[109.23305374800002,13.653006414],[109.23063859500002,13.653541792],[109.228651745,13.652292575],[109.23007942200002,13.646248744],[109.226296079,13.645011425],[109.22624848900001,13.639836097],[109.23809820500001,13.616493585],[109.24756846000001,13.602133289],[109.25922781900002,13.588570362],[109.27637599400002,13.574583143],[109.281952861,13.572230603],[109.28655949800002,13.572116389],[109.28862011100001,13.57334895],[109.28859155700002,13.576661159],[109.28907696700001,13.574790903],[109.29662937700002,13.571435863],[109.29851391000001,13.567509752],[109.292403454,13.568994536],[109.29047609100002,13.56813793],[109.28822036200002,13.564697229],[109.29030476900002,13.562627098],[109.28979080600001,13.5604142],[109.28593607900001,13.559115014],[109.285122303,13.556402428],[109.28026820300002,13.556887838],[109.27816951800001,13.55189097],[109.27978279300001,13.550620338],[109.27627070800001,13.546451522],[109.27929738300001,13.532631613],[109.285122303,13.532146203],[109.28732092500002,13.528605565],[109.29598430500002,13.526229875],[109.29849463600002,13.522767759],[109.30052907500001,13.522482224],[109.30013646400002,13.519341335],[109.30218874900001,13.5190558],[109.30049933200002,13.516176652],[109.30119532400002,13.508026998],[109.30253377100001,13.506896754],[109.30026757300001,13.506580286],[109.29884941400002,13.511258306],[109.29724089800001,13.512200573],[109.29152305300002,13.509102514],[109.288013348,13.502309153],[109.28885805700001,13.492148855],[109.29572280200001,13.477253429],[109.30424127200001,13.46727159],[109.30940470300001,13.464654183],[109.315044025,13.464428134],[109.31991002300002,13.467461947],[109.318791677,13.470852679],[109.32193256500001,13.473089372],[109.32226569,13.475718676],[109.32533519400002,13.472887118],[109.327095995,13.473244037],[109.32700081700001,13.471043035],[109.330046527,13.469270337],[109.32903525600001,13.466664827],[109.33037965200002,13.462952868],[109.32656061700001,13.461763138],[109.32507345400002,13.464987307],[109.32190877,13.464963513],[109.31835147600002,13.462286619],[109.31609098800001,13.457979795],[109.31587683700002,13.451448174],[109.31982674200002,13.444274099],[109.31895823900001,13.442822628],[109.31413983000002,13.442382428],[109.31040407600001,13.437980425],[109.31206969900002,13.431639161],[109.31096325000001,13.430842042],[109.31193882900001,13.426428142],[109.30997577300002,13.421383684],[109.311070326,13.42030103],[109.30948798400001,13.41795726],[109.31175799000002,13.415263711],[109.31107270500002,13.413264963],[109.30251378400001,13.41592758],[109.30221397200002,13.414307167],[109.30443400900002,13.412179929],[109.30176425400002,13.41332207],[109.29963701500002,13.412187068],[109.30030802300001,13.406469223],[109.29836638300002,13.40462752],[109.296974399,13.405755384],[109.295846534,13.404691765],[109.292648538,13.408539354],[109.29274847600001,13.411102033],[109.29456162500001,13.412915183],[109.29164202600002,13.416934092],[109.28835837000001,13.416919815],[109.290599823,13.413700405],[109.28908648500001,13.415292264],[109.28751604100002,13.414043047],[109.286174025,13.415534969],[109.27959243600002,13.414257199],[109.272875217,13.415692014],[109.26851113,13.412207149],[109.265305996,13.415588363],[109.26543924600001,13.419700071],[109.266628976,13.420566195],[109.26730474300001,13.41930984],[109.26729522500001,13.42063282],[109.26054707400002,13.424202012],[109.258643505,13.428113846],[109.26181294700001,13.432701446],[109.265448763,13.434814408],[109.27223498600002,13.433015535],[109.277089087,13.434490801],[109.277403176,13.438983223],[109.28000154700001,13.4429712],[109.28314243500002,13.442542897],[109.284056149,13.44822505],[109.28486516500001,13.446169196],[109.28733028700002,13.445169822],[109.29082333600002,13.446949659],[109.29284111900002,13.451023296],[109.29273642200002,13.455363433],[109.28662596600002,13.462863494],[109.284056149,13.463748654],[109.28174331200002,13.461416782],[109.27884037000001,13.462787351],[109.26929508300002,13.477284138],[109.264164965,13.479853956],[109.25136346500001,13.482128721],[109.24502458100001,13.491877373],[109.24180754900001,13.492048694],[109.242193022,13.487180317],[109.23895219600001,13.48809403],[109.23374117700001,13.486337987],[109.22940104000001,13.4809842],[109.229286826,13.478956899],[109.23261331200001,13.477357901],[109.23352702500001,13.472232542],[109.22516084000002,13.46010205],[109.22448269400002,13.450286774],[109.22235307600002,13.445194727],[109.22276948200002,13.441018773],[109.22486340700002,13.439127101],[109.22404249300001,13.438567928],[109.22548444700001,13.438834428],[109.22721431500001,13.436681016],[109.22699302500001,13.432240941],[109.23239678100002,13.429899552],[109.23610160200002,13.431527103],[109.23874994200001,13.429692539],[109.23831450100002,13.427872251],[109.23492376900002,13.427272627],[109.23309634300001,13.423524976],[109.229098848,13.426130485],[109.225800915,13.424902684],[109.22519415300002,13.420912327],[109.229412937,13.420305565],[109.22934869100001,13.417243199],[109.22560817900002,13.420191351],[109.22223886200001,13.419977199],[109.21945489300002,13.418056974],[109.22004737800002,13.415037438],[109.23112614900002,13.413695422],[109.230362342,13.412153532],[109.23177574200001,13.41167526],[109.22990548500002,13.409583714],[109.22974130300001,13.404815274],[109.22660755200002,13.40063932],[109.22793529200001,13.39710582],[109.220725525,13.396770316],[109.21834685700001,13.393937171],[109.22034560400002,13.391605299],[109.22412894700001,13.39032039],[109.23842950800001,13.394627215],[109.23855324000002,13.391198412],[109.24502775300002,13.388064661],[109.24425680800002,13.38613016],[109.245948605,13.377290462],[109.24947020700002,13.367049262],[109.255942341,13.359929915],[109.25976851400002,13.357816953],[109.26753025200001,13.358113466],[109.27028566800001,13.360340641],[109.26970032100002,13.364609394],[109.27561090200001,13.366108455],[109.283291802,13.363295932],[109.28755341700001,13.365680152],[109.29430632700002,13.364609394],[109.29464897000001,13.358463246],[109.296761931,13.355986228],[109.295055857,13.353823298],[109.29131534500002,13.35323795],[109.29065147500002,13.350318351],[109.29479173700001,13.342537514],[109.298889169,13.340981346],[109.29797545600002,13.336776839],[109.299381718,13.334899444],[109.29707602000002,13.333100572],[109.288895433,13.336405643],[109.28570953900001,13.334103176],[109.282599583,13.325296791],[109.28362275100001,13.316754526],[109.286811229,13.307998585],[109.297936399,13.287221131],[109.305445978,13.278702661],[109.30894081100001,13.277267846],[109.30926917700002,13.273612994],[109.31341657700001,13.265917817],[109.31497274500002,13.257644431],[109.31732841100002,13.255174551],[109.30974031,13.250684508],[109.30316585900002,13.249934978],[109.30187381200001,13.245601979],[109.30251626600001,13.239098912],[109.30486479400001,13.230668482],[109.307648764,13.230026027],[109.305521526,13.22709929],[109.308926534,13.226599603],[109.30919779300001,13.225207619],[109.30255909700001,13.226849447],[109.29879716900001,13.224679378],[109.29711964900001,13.219732479],[109.29326492200002,13.217119831],[109.29401445200001,13.208639432],[109.29854018700001,13.195112196],[109.30310161400001,13.189437181],[109.307741563,13.187995228],[109.30508608400001,13.186667489],[109.30208082500002,13.18750268],[109.300546073,13.18586799],[109.29333630600001,13.167158288],[109.292493977,13.151760796],[109.29494958,13.14075103],[109.30018439500002,13.128320726],[109.30825552600001,13.1154526],[109.331525862,13.087342838],[109.34202166400001,13.064454802],[109.361514209,13.030459443],[109.37709492000002,13.00685519],[109.40733369800002,12.96931155],[109.42554062700002,12.951172768],[109.42489817200001,12.950161498],[109.42711107100001,12.947787985],[109.43185809600001,12.946479282],[109.43201276100001,12.943153985],[109.42896110200002,12.940381913],[109.42916930500002,12.937514662],[109.442535927,12.919008404],[109.44484400400002,12.918508718],[109.44534964000002,12.916295819],[109.44888908800002,12.916896633],[109.45163141700002,12.913969896],[109.45480799700002,12.914368455],[109.45601557400002,12.913214417],[109.45313047700002,12.907622683],[109.45360042100002,12.904838714],[109.45139347100002,12.89942544],[109.453772932,12.897147106],[109.45859728900001,12.897664639],[109.458960157,12.895172154],[109.45417149100001,12.888444228],[109.459013694,12.881817429],[109.457800169,12.880538469],[109.45470687000001,12.880865644],[109.45163736500001,12.878307724],[109.45132803500002,12.869836843],[109.45331488500001,12.86720159],[109.45376103400001,12.862502154],[109.452708123,12.859849055],[109.45030486700001,12.858349995],[109.43830048600002,12.857011548],[109.43284557200002,12.853150872],[109.428687464,12.847237912],[109.420603245,12.847892264],[109.419990534,12.849831524],[109.424963607,12.857035342],[109.43424945400001,12.864352185],[109.43800900200002,12.869485872],[109.43698583400001,12.874423254],[109.43795546500002,12.879973347],[109.43627794500001,12.881401023],[109.42989504000002,12.881299896],[109.422845887,12.876433898],[109.41969905000002,12.877415426],[109.419163671,12.874833711],[109.420698424,12.874643354],[109.42141226200002,12.872727888],[109.414678387,12.871329954],[109.41354814300001,12.86918844],[109.409735057,12.86945018],[109.400770438,12.866398521],[109.40314989900001,12.85916496],[109.40056818300002,12.854227578],[109.39276355100002,12.850836847],[109.39091352000001,12.843912615],[109.37709155800002,12.836587181],[109.37155217300001,12.836806091],[109.36865874800002,12.835502147],[109.36607941200002,12.837186805],[109.36388079000001,12.835806718],[109.35929319000002,12.8281163],[109.357399139,12.819160009],[109.36096833000002,12.817618118],[109.36210095400001,12.815514674],[109.36610796600002,12.814686622],[109.36550834200001,12.813468338],[109.36263395300001,12.814343979],[109.35989281400002,12.812868714],[109.35915042200001,12.799800714],[109.36764985700002,12.769572041],[109.37998498300001,12.741218384],[109.39748829800001,12.709999855],[109.402389987,12.702728223],[109.406568321,12.699968048],[109.410603887,12.700253583],[109.41387802500002,12.703384954],[109.41736155600002,12.704079756],[109.41418259600002,12.696455963],[109.411669885,12.696436928],[109.41045160100002,12.693343628],[109.41608616500001,12.682493286],[109.426308329,12.668692412],[109.42978234200001,12.667569307],[109.43574051300001,12.668264109],[109.43643531500001,12.670196232],[109.44038522100001,12.671928479],[109.44055654200001,12.667331361],[109.44247914600001,12.663952526],[109.44735228300001,12.667635932],[109.45355791700001,12.668168931],[109.45429079100002,12.664485525],[109.457679143,12.659802746],[109.45991583700001,12.658993729],[109.45726987600001,12.652512078],[109.460544014,12.650941633],[109.46164808400002,12.648743011],[109.45662266300002,12.647724602],[109.453805381,12.650570437],[109.450236189,12.648819154],[109.44697156900001,12.64994226],[109.44548678500001,12.647876887],[109.44240300400001,12.647324853],[109.43888140100002,12.648029173],[109.43544546000001,12.642470752],[109.43417958600001,12.634494799],[109.43704445700001,12.63100175],[109.43271383800001,12.624624795],[109.43570244100002,12.622949654],[109.43492197800002,12.621902691],[109.436463869,12.619618409],[109.43486487100002,12.616839198],[109.43791058100001,12.612099312],[109.43505522800001,12.613108203],[109.43361803400002,12.61219449],[109.43331346300002,12.607644961],[109.43558822700001,12.606379088],[109.434674514,12.604132876],[109.432047589,12.603856859],[109.430124985,12.601363184],[109.42955391400001,12.596394869],[109.43311358800001,12.5950243],[109.437710707,12.59709919],[109.43616881600002,12.590303449],[109.43854827700001,12.588723487],[109.43568340600001,12.585392241],[109.44063268500001,12.578739268],[109.43938584700001,12.573456865],[109.44061364900001,12.568916853],[109.43239975000002,12.562368577],[109.43224746400001,12.566328],[109.42789780900002,12.575693558],[109.42493776000002,12.573466383],[109.42050244500001,12.577130753],[109.41870357200001,12.57586488],[109.41598146900002,12.576864253],[109.41481077400002,12.584592743],[109.412526491,12.584221547],[109.412926241,12.588495059],[109.41521052300001,12.590217788],[109.41355441800002,12.594262872],[109.41528666600001,12.59925974],[109.414468131,12.603361931],[109.41077044900001,12.605137009],[109.40779374300001,12.602024674],[109.40546663,12.603216784],[109.40322517800001,12.60773538],[109.39937759000001,12.605758048],[109.397678655,12.606907328],[109.39761440900001,12.61272511],[109.39511597500001,12.62080576],[109.39038322700002,12.626652095],[109.39065448600002,12.630478269],[109.39595830400002,12.631834561],[109.39676494200002,12.633269376],[109.39770007000001,12.632262864],[109.399584603,12.632998118],[109.40041979400002,12.631634687],[109.40204734500001,12.632969564],[109.40132636800001,12.634946896],[109.40313237900001,12.633504943],[109.40429593600001,12.634875513],[109.407636699,12.632990979],[109.40917859000001,12.633940384],[109.409535509,12.638930114],[109.40527389400002,12.64005084],[109.40968298800001,12.6422246],[109.40535236900001,12.644984775],[109.41223413500002,12.649059071],[109.41151993200002,12.653398549],[109.409721059,12.654045763],[109.408191545,12.658343154],[109.406389814,12.671396792],[109.40443865600001,12.668912635],[109.402612419,12.669852919],[109.40092062300002,12.675085354],[109.39693740500002,12.677498127],[109.39635205700002,12.684308144],[109.394110605,12.684222484],[109.39104823900001,12.678790174],[109.39470309100001,12.672101509],[109.39321830700001,12.668824992],[109.388078672,12.670866569],[109.37996233000001,12.669938579],[109.375515117,12.672001572],[109.37396608800002,12.674464314],[109.36808406100002,12.672465567],[109.36639940200001,12.66600533],[109.370725262,12.658117417],[109.36990434800002,12.655533322],[109.36477185100001,12.653306147],[109.36811975300002,12.646724558],[109.364165088,12.641984671],[109.36064586600001,12.646488991],[109.36195932800001,12.650550731],[109.35440691900001,12.652884982],[109.35319339400002,12.661201199],[109.349602787,12.662050666],[109.344313245,12.659866321],[109.33824562,12.651500136],[109.336882189,12.656132947],[109.33302746200002,12.661436765],[109.32870874000001,12.662928687],[109.33029346100001,12.664220735],[109.335126146,12.662429],[109.340051631,12.665534197],[109.34377072800001,12.665527059],[109.34746127200002,12.675506518],[109.34676171100001,12.679018603],[109.35294355,12.692267441],[109.35703384400001,12.694787291],[109.35761205300001,12.688648281],[109.359046868,12.687713153],[109.36849094900002,12.689697624],[109.37126778000001,12.697942456],[109.36825252700001,12.702146964],[109.365718401,12.702753726],[109.36618239600001,12.704930933],[109.36985866300002,12.708393049],[109.37258076600001,12.707764871],[109.373703872,12.70428134],[109.375950083,12.705042768],[109.37886254300001,12.708050406],[109.37821533000002,12.709877832],[109.379662042,12.711495866],[109.37869915400002,12.716291273],[109.37488011900001,12.71767136],[109.37203666300002,12.725059587],[109.36054386600001,12.744702037],[109.35295715300002,12.764627594],[109.35520098500001,12.786206529],[109.352524091,12.796735644],[109.35041231900001,12.799115105],[109.34294676000002,12.798966389],[109.33527299900001,12.796348982],[109.33179303700001,12.793672088],[109.329235116,12.786950111],[109.329734803,12.778050927],[109.32549936300002,12.772245042],[109.32759328800002,12.770888749],[109.32426204300002,12.764178669],[109.319449583,12.765999948],[109.31497619600002,12.765440775],[109.31269191400001,12.761883481],[109.304387595,12.760753237],[109.30224608000002,12.75597052],[109.294774572,12.749275312],[109.29156230000001,12.742279696],[109.28777895700001,12.739329165],[109.28844520600002,12.738329791],[109.27088478400002,12.723220214],[109.26931434,12.717914016],[109.26531684500002,12.712227104],[109.258440203,12.709538313],[109.25539449300001,12.702542698],[109.25118284700001,12.702257162],[109.24787539600001,12.703970374],[109.241284289,12.702304752],[109.227483415,12.6932628],[109.22406650900001,12.685039382],[109.21045770500001,12.667865927],[109.21021975900001,12.661952966],[109.21543077900002,12.655230989],[109.21422915100001,12.652101998],[109.21550216300001,12.651328673],[109.21499057900002,12.649674947],[109.21321788000002,12.649341823],[109.21142138700002,12.646557853],[109.207300161,12.64983913],[109.20344543400002,12.649667809],[109.20098983000001,12.64599868],[109.197101791,12.644121285],[109.19060586200001,12.631367374],[109.191533852,12.624728678],[109.19281876100001,12.625061803],[109.19655451500002,12.619850783],[109.20183691800001,12.621064308],[109.203907049,12.61637677],[109.20221763200001,12.606858926],[109.19950504600001,12.604979152],[109.20274111300002,12.602385539],[109.20197968600002,12.597293493],[109.19929089500002,12.592439392],[109.20000473300001,12.583326057],[109.19560273000002,12.576639771],[109.19457004400002,12.572033135],[109.20075664300002,12.566036893],[109.20204155200001,12.567026749],[109.20377379900002,12.566074964],[109.207323955,12.568987425],[109.211340485,12.568939835],[109.21566594900001,12.575787845],[109.21960633600001,12.576454094],[109.22329926000002,12.586485902],[109.23175110500001,12.593338749],[109.23380696000001,12.593491035],[109.234187673,12.588779702],[109.24336287500002,12.586266991],[109.24556149700001,12.580699052],[109.24367696400002,12.575616524],[109.24564715800001,12.573941383],[109.240783539,12.575311953],[109.236519545,12.573322723],[109.23215085500001,12.561796614],[109.23014259000001,12.545778083],[109.23007596500001,12.535308454],[109.23294083600001,12.525048218],[109.23769024,12.520498689],[109.23909888100002,12.508877401],[109.24376090200002,12.507113983],[109.24599521600001,12.508463137],[109.251548878,12.506714233],[109.27719470900001,12.485811144],[109.28116365000001,12.489808639],[109.28487560900001,12.488847337],[109.287987944,12.484307325],[109.28988199500002,12.483783844],[109.29159520700001,12.479881527],[109.295040667,12.47960551],[109.29681098600001,12.476017283],[109.29557366600001,12.474684785],[109.29754385900002,12.473123858],[109.29289915200002,12.469925863],[109.29437441700001,12.466613653],[109.29302288400001,12.46181666],[109.287683373,12.456446216],[109.29004617800001,12.453312466],[109.28981775000001,12.449286418],[109.28519936500001,12.443170003],[109.28964895700001,12.427679712],[109.2947529,12.422504385],[109.29889316300002,12.424764873],[109.302331484,12.41850689],[109.30714989200001,12.416282094],[109.31035502600001,12.415539702],[109.31456667200001,12.417781155],[109.319435049,12.418195181],[109.32227612600002,12.416796058],[109.32211908100001,12.415339828],[109.32544455300001,12.413406252],[109.32588475300001,12.410860229],[109.32967999300001,12.406981707],[109.33277329300002,12.406565302],[109.337032528,12.408480768],[109.34191042300002,12.399986092],[109.34182714200001,12.396952279],[109.337032528,12.388017403],[109.33008450200002,12.387303565],[109.32643797800002,12.384245957],[109.32768124600001,12.38021872],[109.330548497,12.377940386],[109.327925141,12.372955415],[109.31994799800002,12.377500185],[109.31889568100001,12.383974104],[109.315155169,12.384816433],[109.31489818700001,12.387500465],[109.31132899500001,12.389327891],[109.308516472,12.388571223],[109.307788357,12.385644486],[109.30189205300002,12.379905226],[109.30161365600001,12.368279655],[109.29925085100001,12.363118604],[109.30031447000002,12.353938644],[109.29659537300002,12.351961311],[109.29274064600001,12.346029315],[109.281604768,12.349641337],[109.27879938400001,12.352311092],[109.27917771800001,12.356508461],[109.277343154,12.358564316],[109.27527302300001,12.358885543],[109.27250333,12.356965318],[109.265186487,12.359064003],[109.26448692600002,12.361298316],[109.26130320700001,12.36203357],[109.26031811000001,12.371641833],[109.26334478500002,12.371870262],[109.26480815300002,12.375525114],[109.258612037,12.380536259],[109.25407916300001,12.387353414],[109.24551548300002,12.396136005],[109.243124125,12.404940011],[109.2379369,12.40480914],[109.23628317500001,12.410698306],[109.23377284300001,12.412530491],[109.23098887400002,12.41182855],[109.22565888100002,12.416206759],[109.22512350200002,12.420953783],[109.22345788000001,12.421298805],[109.22135205700002,12.424665742],[109.21827065500001,12.425641321],[109.21467766900001,12.4297102],[109.214296955,12.43213725],[109.211263142,12.432672629],[109.20712288000001,12.438026416],[109.20034141600001,12.440167931],[109.19922306900001,12.438954406],[109.19445225000001,12.441928732],[109.19066295800002,12.447865487],[109.18899733600001,12.448579326],[109.18795632200002,12.447419338],[109.177010801,12.45637206],[109.17662413900001,12.452921842],[109.17475031300002,12.452326977],[109.17092889900002,12.444239189],[109.166459478,12.441231153],[109.16340425000001,12.434178431],[109.16033474500001,12.43215113],[109.15639435800001,12.432251068],[109.151954283,12.429167286],[109.15107864200002,12.42592884],[109.15135228000001,12.424584444],[109.156491916,12.42376353],[109.160203875,12.41934963],[109.15872266,12.412133915],[109.16345778800002,12.406316132],[109.16300569000002,12.404936045],[109.171464674,12.402675557],[109.17273768600002,12.407779501],[109.17796536100002,12.403289458],[109.18316210400002,12.404088957],[109.189522492,12.401223955],[109.192413537,12.397354952],[109.19834553400001,12.398539923],[109.19790295400001,12.395042116],[109.199787487,12.393999912],[109.19967327300002,12.390544934],[109.201193748,12.388995905],[109.196982102,12.380929532],[109.19637534000002,12.376725025],[109.19866676100001,12.366467168],[109.19578285400002,12.359878441],[109.19913789400002,12.355331291],[109.19786726200002,12.347650391],[109.20392061100002,12.343374499],[109.20175054200001,12.341161601],[109.20196469400001,12.3363075],[109.21030232500001,12.331753212],[109.209281536,12.330939436],[109.21197270700002,12.324293602],[109.221309712,12.321588154],[109.222487545,12.317840503],[109.22657070000001,12.316127291],[109.23461565800001,12.307839629],[109.236650097,12.308239378],[109.238727366,12.306483336],[109.239448343,12.307468433],[109.243024673,12.305433994],[109.24144233100002,12.302576261],[109.240500065,12.30297601],[109.24091885000001,12.301443638],[109.23976719100001,12.302290726],[109.23911997700002,12.299568622],[109.23511296500001,12.297255786],[109.23516055400002,12.295085718],[109.22979249,12.293857916],[109.21923720100001,12.295442637],[109.211442087,12.291459419],[109.20755880700001,12.290974009],[109.20294741100001,12.281237255],[109.20278667900001,12.274596595],[109.20473783700001,12.272264724],[109.20684366000002,12.273097535],[109.20637966500001,12.26821964],[109.20049049900001,12.264305427],[109.197171151,12.254644815],[109.19783264100002,12.238178469],[109.200016986,12.230097819],[109.204171525,12.222338397],[109.21053896300002,12.214736019],[109.21685643200001,12.211395256],[109.21761548,12.209638024],[109.21542042700001,12.207496509],[109.215879365,12.197728821],[109.20677792700002,12.18868687],[109.209478615,12.184829525],[109.208122322,12.175264092],[109.205978428,12.174512183],[109.20517892900001,12.171409365],[109.20190479100002,12.173312934],[109.20003929300002,12.171694901],[109.201768498,12.165106909],[109.20089761500002,12.16373634],[109.208963988,12.158768025],[109.21233330500002,12.158568151],[109.22091364100001,12.154342228],[109.22396886900002,12.148660075],[109.22292666500002,12.144876732],[109.223797548,12.141521692],[109.22324075400002,12.140393827],[109.21620230900001,12.139423007],[109.21460331100002,12.137581305],[109.21184789500002,12.123361646],[109.20680819600001,12.118093519],[109.198784654,12.118421885],[109.19644326400001,12.116794333],[109.19482999000002,12.1086423],[109.19515835500002,12.090610744],[109.20464288700002,12.057503876],[109.22703837400002,12.012846151],[109.24200042500001,11.987719043],[109.25299353500002,11.976012095],[109.25477337100001,11.975507649],[109.25985590000002,11.978962627],[109.26267318200001,11.977991807],[109.26551901700002,11.974346472],[109.26780330000001,11.975469578],[109.27036360000001,11.974812847],[109.26962120800002,11.972262065],[109.27164850900002,11.972109779],[109.27245752600001,11.970044407],[109.27084901,11.959974528],[109.27281920400002,11.959146476],[109.270620582,11.958470709],[109.27012565400001,11.956795568],[109.27312377500002,11.952350735],[109.27846328500002,11.95069463],[109.28403122400002,11.9546255],[109.282698726,11.950856433],[109.284173992,11.949961756],[109.28224186900002,11.948876722],[109.28187067300001,11.94482212],[109.27986240800001,11.946221243],[109.27884399900002,11.94482212],[109.27632177000001,11.944860192],[109.27380905900002,11.937350613],[109.274313505,11.935209098],[109.27282872200001,11.935884865],[109.27270499,11.934618991],[109.27058251000001,11.934333456],[109.27082045600001,11.935961007],[109.26826015600001,11.936684364],[109.26486228600001,11.935266205],[109.26091238100001,11.931059318],[109.25813317,11.922721686],[109.259456151,11.912689879],[109.262244879,11.90579896],[109.26174043300001,11.903409981],[109.26752728200002,11.897727828],[109.267194158,11.895986063],[109.26952603,11.89555776],[109.26703235500001,11.892664335],[109.27125827700002,11.889428268],[109.27143911600001,11.887277235],[109.27504637900002,11.888248055],[109.27511300400002,11.885725827],[109.272533668,11.882299403],[109.27776848300002,11.882851438],[109.277283073,11.880586191],[109.28085226400002,11.880195959],[109.28071901400001,11.877521445],[109.27922388000002,11.873881227],[109.27631498900001,11.872385736],[109.27118249100002,11.865379413],[109.27162150200002,11.862192125],[109.26890969100002,11.86130855],[109.26656116200002,11.86329302],[109.262734989,11.861165782],[109.25991532800002,11.865684378],[109.25637469000002,11.865434535],[109.25059973800002,11.860095024],[109.25073536700002,11.855712057],[109.25185609300001,11.855148125],[109.24849391500001,11.852314187],[109.24686636400001,11.85636165],[109.249250584,11.863342989],[109.24750168000001,11.86329302],[109.244910447,11.866505292],[109.239849333,11.869346369],[109.24075590800001,11.872851315],[109.23904269600001,11.876242047],[109.229984088,11.881324576],[109.223516713,11.881360267],[109.221425167,11.878176549],[109.22004745900001,11.881288884],[109.21724921300002,11.882588069],[109.21037019100001,11.882114557],[109.20593487600001,11.880829648],[109.18973664,11.869863996],[109.18939161800002,11.867448843],[109.18300276500001,11.861452601],[109.17996895200001,11.856342709],[109.18052217700001,11.852369009],[109.183478657,11.851518352],[109.178924492,11.847588716],[109.17752061000002,11.841440189],[109.17979537500001,11.836538499],[109.17925285800001,11.834144762],[109.18480652,11.83030907],[109.181789363,11.829181206],[109.18155617600002,11.817321972],[109.185153921,11.81353387],[109.18802831,11.813029425],[109.19196869800001,11.814561798],[109.19546327300002,11.810878792],[109.19367272900001,11.809766394],[109.18881386900001,11.811658066],[109.18586571700001,11.808210227],[109.18564442700001,11.796681738],[109.18782163400002,11.789172159],[109.18972044400002,11.787615992],[109.18917078900002,11.785974164],[109.19201337200002,11.786846474],[109.194411869,11.785418798],[109.20196903700001,11.779808029],[109.20127423400001,11.777780728],[109.203430026,11.775586865],[109.207556011,11.77476833],[109.21223403200001,11.771256246],[109.21241011200001,11.768005902],[109.21481812600001,11.764374845],[109.21125607300002,11.76064385],[109.211912804,11.758835459],[109.21499658600001,11.757046105],[109.216557512,11.758064514],[109.21909877700001,11.754609537],[109.221525827,11.756056249],[109.22226821900001,11.754000395],[109.225542357,11.756874783],[109.22765531800002,11.755894445],[109.227788568,11.752477539],[109.22343891400001,11.750945167],[109.220888131,11.747623439],[109.22537103600001,11.745272532],[109.227788568,11.747604403],[109.23121520100001,11.747553891],[109.23098656400002,11.73782006],[109.23348023900002,11.727502717],[109.22830253200001,11.721011547],[109.22240146900002,11.719945549],[109.22150679100001,11.714682181],[109.21697629700002,11.719821817],[109.21429226500001,11.720040727],[109.21134173400002,11.719031836],[109.21050416400001,11.716462018],[109.20781061400001,11.716776107],[109.20728713200002,11.714910609],[109.20566909900002,11.714653627],[109.20430804700001,11.716376357],[109.204488886,11.71963146],[109.20164305100002,11.720982994],[109.19942539300001,11.726246361],[109.19700786100002,11.725932273],[109.197369539,11.722029956],[109.19605607600002,11.720507101],[109.20041383600001,11.719311123],[109.19895760500002,11.715370736],[109.20157511500001,11.713030829],[109.199956979,11.711106741],[109.20360231300002,11.70683323],[109.198101,11.705148571],[109.19620694900001,11.698933419],[109.19519805700001,11.700104114],[109.19286618500001,11.698781133],[109.19381797000001,11.69438389],[109.19215234700002,11.692423214],[109.187717032,11.691062162],[109.18929699400002,11.683162351],[109.18187307500001,11.676852021],[109.17839906200001,11.677404056],[109.17706656400001,11.676223843],[109.17720933200002,11.671379261],[109.17310714100002,11.663384272],[109.17258366000002,11.652676697],[109.174096997,11.648669685],[109.17198403600001,11.646309259],[109.16794847000001,11.634193044],[109.166273329,11.62149624],[109.15985830200002,11.624522914],[109.15529925500002,11.622552721],[109.150854422,11.617860424],[109.14115573900001,11.593228243],[109.139233134,11.583691364],[109.13231366200002,11.581302385],[109.12839231000001,11.575239518],[109.12952493300001,11.572603075],[109.12755474,11.570299757],[109.13069562800001,11.571175399],[109.12952493300001,11.568091617],[109.13092405600001,11.566635387],[109.13030539700001,11.564693747],[109.12758329300001,11.563085231],[109.12731748800002,11.567258806],[109.12323433200001,11.573083726],[109.1128694,11.578261434],[109.106283052,11.579632003],[109.09207291100002,11.587436635],[109.07958311800002,11.586809354],[109.07139063600002,11.582839516],[109.06500416300001,11.581808734],[109.05295457200002,11.586705665],[109.05104148600002,11.588761519],[109.041366597,11.589016121],[109.033466787,11.586232152],[109.02647117100001,11.576214621],[109.02461519200001,11.569159519],[109.02499590500001,11.562413747],[109.02931462700002,11.553276617],[109.03472790100001,11.549850193],[109.02827450800001,11.535781428],[109.025542705,11.535159401],[109.017490609,11.528720579],[109.012793553,11.516214132],[109.01132304700002,11.498982076],[109.014592426,11.470228669],[109.01259367900002,11.453653344],[109.007910899,11.443131367],[109.012108269,11.437235063],[109.01320758000001,11.424528741],[109.011422984,11.416390984],[109.006226241,11.411793866],[109.005498126,11.40479825],[109.00721133800002,11.400401006],[109.00598353600002,11.394461872],[109.006725928,11.387680408],[109.01139443000001,11.373931882],[109.01527771100001,11.372347161],[109.01539192500002,11.36979162],[109.02073143500002,11.369548915],[109.02040307000001,11.365579974],[109.01913243800001,11.364837582],[109.02064577500002,11.363052986],[109.016448406,11.357570708],[109.00896738000002,11.353815919],[109.007810962,11.355671898],[109.00515548400001,11.355500577],[109.00320242200002,11.352639513],[109.00143210300001,11.353077334],[109.00186040600002,11.350688355],[108.99985214100002,11.347756859],[108.99703485900001,11.350117285],[108.99420805900002,11.349660428],[108.99256147200002,11.347718788],[108.99227593700002,11.343093116],[108.99025815400002,11.342902759],[108.988992281,11.336249786],[108.982211333,11.329930767],[108.97517288700001,11.328317492],[108.97004039,11.321564582],[108.96919806000001,11.32209996],[108.962309521,11.315761076],[108.953215221,11.314804533],[108.95041697500001,11.31292],[108.94799706300002,11.314511859],[108.940551729,11.31106402],[108.93784628200001,11.311392386],[108.934798193,11.30762332],[108.93255674000001,11.306938035],[108.92424766200001,11.310621441],[108.91910088800002,11.30766615],[108.91773745700002,11.309550683],[108.91830852800001,11.313619561],[108.91369713200001,11.319266022],[108.89967734800001,11.326861262],[108.89766432400002,11.331165707],[108.887449298,11.336962074],[108.880260946,11.337618805],[108.87521411000002,11.335955562],[108.87337240700002,11.332664767],[108.86590565800002,11.333461887],[108.862774287,11.332462513],[108.85111492800002,11.33459451],[108.84432870600001,11.331615425],[108.83790416100001,11.322944669],[108.83253609700002,11.322449741],[108.82731080100001,11.319404031],[108.82315150300002,11.319299335],[108.821961772,11.320679422],[108.816046432,11.321635966],[108.80905081700001,11.316424946],[108.797772172,11.314126387],[108.79190442100001,11.314840225],[108.78580824200002,11.312141916],[108.78146810500002,11.306302719],[108.77662828100001,11.28832827],[108.77265934000002,11.289184876],[108.76753398100001,11.286529398],[108.763165291,11.286757826],[108.759139243,11.285115998],[108.75538445300002,11.281304102],[108.75130129800002,11.269040359],[108.751415512,11.257947312],[108.74554776100001,11.243313627],[108.74581902000001,11.231378251],[108.739694287,11.219657026],[108.736167926,11.21593079],[108.733398234,11.208992282],[108.73034300600001,11.18485027],[108.72096317000002,11.176955219],[108.71291107400002,11.175898738],[108.71075528300001,11.1723581],[108.71025559600001,11.167175634],[108.70757156400002,11.164962735],[108.70425935400002,11.164691477],[108.70590118200002,11.168089347],[108.70286023100002,11.173414581],[108.70243192800001,11.178861167],[108.69633574900001,11.182987152],[108.67093738200002,11.191417583],[108.651185476,11.193551959],[108.646559578,11.192298947],[108.64501791300002,11.189939937],[108.63690871000001,11.190211196],[108.62857821700001,11.187491472],[108.62216852800002,11.183245458],[108.62185386100002,11.180610071],[108.61799199500001,11.175877323],[108.615129504,11.176883835],[108.61552925300002,11.18096699],[108.61032537200002,11.183336933],[108.59805689200002,11.18463739],[108.58819638500002,11.183279826],[108.57646802100001,11.177376383],[108.56451123,11.164620093],[108.562341161,11.165419592],[108.56201993400002,11.162764113],[108.54582294300002,11.160315648],[108.53857748400002,11.157581647],[108.53522958300002,11.154376513],[108.532210047,11.156667934],[108.52437924000002,11.153648398],[108.51749070100001,11.148230365],[108.510180997,11.139464431],[108.494607424,11.110960868],[108.479988016,11.074248798],[108.47497687100001,11.053856817],[108.47529096,11.048493512],[108.472859151,11.048774289],[108.459034482,11.040384309],[108.45045890500002,11.043901153],[108.44711338300002,11.047784433],[108.43531601500001,11.04779871],[108.42592699300002,11.041990398],[108.41424826700002,11.026611989],[108.41195446700002,11.027915934],[108.41237801100002,11.031761143],[108.40957976500002,11.033088882],[108.39369924200001,11.032646302],[108.39002535400002,11.030871224],[108.38734132200001,11.034280199],[108.38297263200002,11.034870305],[108.37393068000002,11.032700236],[108.36834370500002,11.026913387],[108.35973957400002,11.021040878],[108.35210626400001,11.009628983],[108.344358518,10.988694898],[108.339517725,10.963621807],[108.34021728700002,10.957925377],[108.33812812,10.952871402],[108.336662372,10.951339029],[108.33115154,10.951300957],[108.32823908000002,10.954522748],[108.32797733900001,10.957587493],[108.32310420300001,10.960347668],[108.31647364200002,10.960399865],[108.30972211400001,10.957330512],[108.303740149,10.950368209],[108.298519612,10.939751054],[108.29445549300002,10.92228581],[108.29550721400001,10.914666776],[108.28923019600002,10.913605536],[108.28434278300001,10.916270533],[108.281737274,10.91584223],[108.28045236500002,10.918435842],[108.28309356600002,10.921410168],[108.28141604600002,10.927989378],[108.28236783100002,10.934925507],[108.28071410500002,10.939446483],[108.27802531400002,10.941326257],[108.27017309300001,10.945121497],[108.25183934600001,10.95076082],[108.22762833000002,10.954912979],[108.213977362,10.952043349],[108.194693021,10.941676038],[108.189059647,10.936530453],[108.17567517900001,10.936006972],[108.165865851,10.930676979],[108.16031575800001,10.930105909],[108.14231513500002,10.93261624],[108.13778226200002,10.930748363],[108.13746103500002,10.934722063],[108.13472465500001,10.934174787],[108.119047301,10.927076652],[108.10536210600002,10.916138472],[108.10633768500001,10.920005097],[108.10101959,10.920457194],[108.101162357,10.919243669],[108.09427381800002,10.918042041],[108.087956349,10.914199212],[108.086956975,10.915293764],[108.08513668700002,10.914211109],[108.078048273,10.906772914],[108.06127307300001,10.880760646],[108.04067170000002,10.838687017],[108.02709449500001,10.798326599],[108.02249737600002,10.773285152],[108.01737201700001,10.75435416],[108.01487358300001,10.735323231],[108.010976026,10.735180463],[108.00837765500002,10.731611271],[108.00620758600002,10.722117222],[108.00148197700001,10.716535007],[107.99989725600001,10.712052102],[107.99637089500001,10.709496561],[107.992787426,10.699517101],[107.98426419700002,10.704671014],[107.97540677200001,10.705830882],[107.96885373700002,10.705074214],[107.96328579800002,10.700933951],[107.95816043900001,10.707158621],[107.93624798300002,10.715579534],[107.91066877700001,10.72085004],[107.89768881700002,10.721504392],[107.88110397400001,10.719089239],[107.865577991,10.712569516],[107.86147342000001,10.711891369],[107.86078956300001,10.713244212],[107.84536113800002,10.704002385],[107.832983182,10.705758428],[107.82260474000002,10.701931132],[107.80610235800002,10.687190402],[107.778388829,10.6544049],[107.77407724500002,10.651221181],[107.768123834,10.649393755],[107.75910091800002,10.64279313],[107.73613911900001,10.63551198],[107.72707337300001,10.63122895],[107.70663380300002,10.632561448],[107.687550525,10.626803153],[107.674820409,10.619736153],[107.66282792600002,10.609004784],[107.63762943300001,10.59798788],[107.613888431,10.591143583],[107.58466263100001,10.576739293],[107.56536520300001,10.565413059],[107.55629945600002,10.556561464],[107.53693223000002,10.531671112],[107.52855176800001,10.523476248],[107.515545634,10.503317454],[107.51303292400002,10.501532859],[107.50219685800002,10.499919584],[107.495329734,10.500661976],[107.48584996100001,10.498520461],[107.47853549800001,10.499772058],[107.47033111600001,10.497925596],[107.45857738600002,10.486896707],[107.444922423,10.468994448],[107.44251321900002,10.468072407],[107.435939958,10.470184179],[107.41717195900002,10.466793447],[107.38873740000001,10.468756502],[107.372586808,10.468072407],[107.35926182700001,10.464146296],[107.344705611,10.455178597],[107.33838205600001,10.454658195],[107.32907241500001,10.451118747],[107.31052119300001,10.437648021],[107.29370767600001,10.422951878],[107.27925245000002,10.404778744],[107.27586171800002,10.403232094],[107.27044844500001,10.395944995],[107.26673053700002,10.394368602],[107.25959512800002,10.382520374],[107.254657746,10.379433023],[107.24738849300002,10.380509729],[107.243307717,10.377422378],[107.23973852600001,10.378457444],[107.230964264,10.389492194],[107.215463901,10.404904739],[107.212888688,10.405647466],[107.20222870300002,10.406132876],[107.17861493200002,10.399965313],[107.16665338100002,10.402930121],[107.16618224800001,10.399268131],[107.16123534800002,10.395085038],[107.15875595000001,10.389655108],[107.15490122300001,10.386276273],[107.14993290900001,10.385000882],[107.13350624200001,10.376378835],[107.11035771300001,10.35905524],[107.097841748,10.34453101],[107.08723887,10.324210413],[107.08386003500001,10.320231954],[107.08020518300002,10.32731323],[107.07365083700002,10.330777914],[107.07189429700001,10.333523374],[107.07146553500002,10.339069618],[107.07427556700002,10.342694066],[107.07322745400002,10.346436381],[107.06182530500001,10.354117782],[107.059930453,10.357257426],[107.06243387,10.367367911],[107.05542153700002,10.373937652],[107.05530627800002,10.378425822],[107.05672626400002,10.384179531],[107.059197409,10.386945738],[107.06348709000001,10.386480907],[107.06661370200001,10.383582724],[107.07426604900002,10.382768948],[107.076566987,10.388615284],[107.07892265400001,10.387806267],[107.08035033000002,10.39189894],[107.09241419800001,10.387830062],[107.09783936900001,10.409435567],[107.097077941,10.414337257],[107.091129289,10.425711081],[107.08068250300002,10.432167034],[107.07641375000001,10.431881499],[107.07225445200001,10.433880246],[107.05137515800001,10.450818519],[107.04598567900001,10.461573682],[107.041571779,10.465963788],[107.04241648700001,10.467712692],[107.04600947300001,10.468069611],[107.048198577,10.4716507],[107.04860308600001,10.475267481],[107.04688019200002,10.477574513],[107.04105305600001,10.47409976],[107.03482838600002,10.476269829],[107.02953170600001,10.475056303],[107.02699044200001,10.475898633],[107.02577691600001,10.462392812],[107.02390666,10.467004207],[107.02427785600001,10.469988051],[107.01916677400001,10.473847537],[107.019261952,10.477502389],[107.01579983600001,10.482147097],[106.99348346700002,10.478006835],[106.989700124,10.474794563],[106.984631872,10.465728816],[106.98177651800002,10.457091373],[106.97975533400002,10.431633268],[106.97223344400001,10.40756453],[106.93555008700001,10.393694255],[106.91403975900002,10.382249048],[106.90830525800001,10.381249674],[106.900619599,10.377275974],[106.882440517,10.375848298],[106.87496901000002,10.377799456],[106.87830025500001,10.381844539],[106.88077489500002,10.388126316],[106.873101133,10.40881573],[106.87131653700001,10.409589055],[106.86395205,10.408777926],[106.86205120800001,10.393657969],[106.84277757400001,10.363319841],[106.83135616100002,10.379381203],[106.81669194500002,10.3925796],[106.78456852700002,10.383207376],[106.78321223400002,10.381922467],[106.78063151100001,10.311841887],[106.78239231200001,10.308129928],[106.78169037100001,10.292520664],[106.774640028,10.281777397],[106.75703201600001,10.266941458],[106.752803714,10.255784165],[106.75765781500002,10.250739708],[106.77421886300002,10.240365258],[106.78088135400002,10.229705273],[106.79220758800001,10.223042782],[106.800657979,10.209716289],[106.79899235600001,10.20626607],[106.79018835,10.200317418],[106.78853002500001,10.191702265],[106.790034677,10.146620914],[106.78863674300001,10.13873895],[106.783312699,10.127942145],[106.78595985000001,10.120922735],[106.789945447,10.118602761],[106.789945447,10.115390489],[106.79190850200001,10.111999757],[106.79083774500002,10.108252106],[106.77908333600001,10.088783083],[106.74807677200002,10.051354571],[106.736227628,10.042651853],[106.72594835600002,10.040557927],[106.71490765700001,10.042175961],[106.70786445200001,10.037607396],[106.699298393,10.027804016],[106.685680071,10.006648415],[106.68026599200002,10.000673965],[106.67511526400001,9.997725436],[106.65548471100001,9.973454934],[106.65076810600002,9.954816006],[106.64247686400002,9.940430208],[106.66056076800001,9.929579866],[106.66341612100001,9.926534156],[106.670803704,9.907868697],[106.678084855,9.89911228],[106.68779305500001,9.883693373],[106.68669850300002,9.877268828],[106.68094020800001,9.869369018],[106.66818629700002,9.842338341],[106.654004709,9.821827387],[106.62772356200001,9.795175044],[106.61972857300002,9.792319691],[106.607010529,9.790439109],[106.59193646900002,9.778233282],[106.58584504900001,9.768334724],[106.58165719700001,9.75634224],[106.579753628,9.728169422],[106.578383338,9.701752383],[106.5798986,9.692302448],[106.57858513700002,9.680766821],[106.5798986,9.670830192],[106.57230336,9.644618049],[106.56288069500002,9.623888185],[106.55814080800002,9.616635588],[106.526217959,9.576546429],[106.50555978700001,9.560554973],[106.48624301400001,9.550962464],[106.447260581,9.53763819],[106.414874413,9.529950872],[106.40830710000002,9.529570158],[106.41011549100001,9.535756756],[106.40545174700001,9.537850682],[106.390318375,9.531188191],[106.37794517800002,9.529760515],[106.33510283000001,9.535803101],[106.30633529900001,9.525731294],[106.28396836600001,9.520972372],[106.249497907,9.494362066],[106.21261626200001,9.484963196],[106.209522559,9.481415616],[106.20869015100001,9.472058585],[106.204073997,9.455212001],[106.18237331200001,9.437556401],[106.17598644200001,9.429977817],[106.17682187100002,9.419962456],[106.18730077900001,9.414765923],[106.18803841200001,9.412434051],[106.18915675900001,9.401940628],[106.186491763,9.386521721],[106.18776715400001,9.378541009],[106.18271317900002,9.370110579],[106.165340197,9.354541388],[106.14929649800001,9.345794395],[106.13173084700001,9.338474851],[106.12891356500002,9.334287],[106.11195276700002,9.333106787],[106.103957778,9.337161389],[106.08575966,9.333030645],[106.05815791300002,9.322123195],[106.05454113200001,9.322256445],[106.01850657500002,9.310416247],[106.015993864,9.307884501],[106.01138722700001,9.308131965],[106.00571459200002,9.305257576],[105.980858742,9.298509424],[105.980758805,9.297195962],[105.974919608,9.297524327],[105.92633577300002,9.281377305],[105.91550724200002,9.279499582],[105.89818199000001,9.271669104],[105.88756959400001,9.268966036],[105.88661781000002,9.267443181],[105.883714867,9.267348003],[105.86475056300002,9.259210246],[105.85485200500001,9.253666102],[105.84557210800001,9.251358025],[105.814424963,9.237485767],[105.80347944200001,9.23398796],[105.79496097200001,9.228872118],[105.78851263300001,9.227301674],[105.763314141,9.21045509],[105.74351702500002,9.20193662],[105.74113756400001,9.19946198],[105.73240494200002,9.198081893],[105.70589774600002,9.187850211],[105.699853916,9.184162046],[105.69411941400001,9.182924726],[105.65800633500001,9.164426797],[105.64624228000001,9.160200874],[105.643539212,9.157516842],[105.63322186900001,9.155232559],[105.614262324,9.146228679],[105.58260597400002,9.136139764],[105.58165419,9.133132125],[105.576933339,9.133836446],[105.542250316,9.11969293],[105.488046194,9.087674902],[105.47591094300002,9.079204021],[105.45739873600002,9.061358064],[105.42736993800001,9.023381866],[105.40714452000002,9.007820191],[105.395961053,8.991687445],[105.388775081,8.968892209],[105.38810883200001,8.957090082],[105.38501553300001,8.947762595],[105.37873375500001,8.933533418],[105.37245197800002,8.923349325],[105.35860351500001,8.883612327],[105.34232800200002,8.851394424],[105.32767052200002,8.829884097],[105.31577321700001,8.821318037],[105.30425662600001,8.804281097],[105.30116332700001,8.802901009],[105.27437059600001,8.774109531],[105.26689908800002,8.767970522],[105.238535913,8.75769125],[105.21853849300001,8.756494398],[105.21555032,8.754074469],[105.21702558600002,8.750933581],[105.21093416500001,8.753455809],[105.203462658,8.749553493]]],[[[104.79943660900001,9.181085574],[104.80268739200001,9.178351188],[104.79824463900002,9.179573896],[104.79795609900002,9.180798806],[104.79943660900001,9.181085574]]],[[[103.19876918800001,9.254900652],[103.19813479800001,9.256803399],[103.19961133900001,9.258514556],[103.19876918800001,9.254900652]]],[[[103.23370693000001,9.297665028],[103.23404109000002,9.294993032],[103.23021124300001,9.295568197],[103.23077830100002,9.297586886],[103.23370693000001,9.297665028]]],[[[103.24037537200002,9.315250066],[103.23998407500001,9.305812285],[103.23411860300001,9.303524073],[103.22872189600001,9.298568171],[103.223019915,9.296732571],[103.21428562900002,9.284838676],[103.20954176100001,9.285903401],[103.205700735,9.284405372],[103.202214448,9.286359498],[103.200438188,9.293826233],[103.20400714000002,9.300005462],[103.20280222200002,9.304990024],[103.19977745400001,9.305673107],[103.19147444100001,9.302632555],[103.188036382,9.303231279],[103.18657845500002,9.30507221],[103.19155282100002,9.311546302],[103.21009740500001,9.319354088],[103.219277501,9.316977504],[103.237290053,9.318697117],[103.239792371,9.317704717],[103.24037537200002,9.315250066]]],[[[103.25466693800001,9.31825456],[103.259404044,9.322973116],[103.262164307,9.323394901],[103.26635637800001,9.319478253],[103.265299323,9.312099239],[103.26281202400001,9.311526966],[103.25991101800001,9.315538838],[103.25570320300001,9.316684845],[103.25466693800001,9.31825456]]],[[[103.273889234,9.329401458],[103.27604272500001,9.321741787],[103.270827527,9.327534643],[103.27256403000001,9.329978323],[103.273889234,9.329401458]]],[[[104.39075883400001,9.633873688],[104.391592298,9.636252421],[104.40270888500001,9.638964158],[104.39719127900001,9.630949263],[104.39227855500002,9.632114899],[104.39075883400001,9.633873688]]],[[[104.36936616100002,9.641240529],[104.368302049,9.638540326],[104.36591279400001,9.637649332],[104.36672313600002,9.640888727],[104.36936616100002,9.641240529]]],[[[104.360638262,9.641205192],[104.36083660100002,9.639085478],[104.35928161200002,9.639044071],[104.35840940800001,9.642848936],[104.360638262,9.641205192]]],[[[104.35655388900001,9.647509633],[104.35420808600001,9.644190214],[104.35434766800002,9.64745731],[104.35655388900001,9.647509633]]],[[[104.35963487300002,9.652719182],[104.35994914100002,9.650985163],[104.35755927900001,9.650383192],[104.35591957200002,9.653964984],[104.35963487300002,9.652719182]]],[[[104.398928139,9.674541149],[104.40158163600002,9.676016675],[104.40621739600002,9.672928857],[104.40183415000001,9.66859174],[104.40193668500001,9.664796174],[104.39617632100001,9.661251217],[104.39891822500002,9.666712459],[104.398928139,9.674541149]]],[[[104.38576517900002,9.680197114],[104.38713336900001,9.679185843],[104.38612209800002,9.676449463],[104.38457544900001,9.677639193],[104.38576517900002,9.680197114]]],[[[104.404027542,9.682814521],[104.404265488,9.681148898],[104.40188602700002,9.679721222],[104.404027542,9.682814521]]],[[[104.36132917700002,9.659740682],[104.35795428700001,9.65722969],[104.35460654100001,9.65837419],[104.347744032,9.667516417],[104.34647147200002,9.672353987],[104.34596813300001,9.685316124],[104.351288922,9.688000144],[104.34907694000002,9.693089738],[104.350509674,9.693701753],[104.353654864,9.691575389],[104.355803879,9.692561019],[104.35584669300002,9.6969442],[104.35335721800001,9.704233294],[104.35442102600001,9.710276872],[104.35848711400001,9.708727681],[104.36319065100001,9.695164234],[104.36240862600002,9.693470487],[104.35886042700001,9.692109892],[104.357909813,9.689332726],[104.35819906200001,9.680939428],[104.36082252700001,9.674801256],[104.36132917700002,9.659740682]]],[[[104.40575265100001,9.686502685],[104.40521727300002,9.683706819],[104.40396805600001,9.683647332],[104.403908569,9.685848334],[104.40575265100001,9.686502685]]],[[[104.388167355,9.688181915],[104.39103673200002,9.689432485],[104.39334604000001,9.692692704],[104.396147296,9.691950344],[104.39361248800002,9.684330751],[104.38746367000002,9.680423162],[104.38612876900001,9.684157168],[104.388167355,9.688181915]]],[[[104.38730824200002,9.700148275],[104.38406393600002,9.6973917],[104.382392554,9.702908137],[104.383546297,9.710800269],[104.38493896500002,9.707943504],[104.38712807000002,9.708779915],[104.38815282000002,9.707442677],[104.38730824200002,9.700148275]]],[[[104.34233005700001,9.711811691],[104.34406368300002,9.715707319],[104.34647877700002,9.702952087],[104.34539021200001,9.700919171],[104.343544336,9.702032511],[104.34371988800001,9.708243572],[104.34233005700001,9.711811691]]],[[[104.36756732200001,9.710650733],[104.36577626000002,9.709114341],[104.364063115,9.710010484],[104.36523463600001,9.712015835],[104.36756732200001,9.710650733]]],[[[104.35124554100001,9.726603702],[104.35302251400002,9.728863432],[104.35520194800002,9.727763974],[104.35575664900001,9.72239406],[104.35361082500002,9.718931912],[104.35224847100001,9.719763196],[104.35124554100001,9.726603702]]],[[[104.34356107700002,9.730234356],[104.34135999800002,9.729788634],[104.34249259,9.732586629],[104.34356107700002,9.730234356]]],[[[104.36069666400002,9.739305047],[104.36225509200001,9.743083442],[104.36646509300002,9.741076275],[104.36518590900002,9.737923792],[104.36166028,9.736434751],[104.36069666400002,9.739305047]]],[[[104.65355901100001,9.818431904],[104.65712820300001,9.818265342],[104.65874623600001,9.813173295],[104.65548637500001,9.803250943],[104.64960910600001,9.796398095],[104.63655456,9.793418298],[104.63466609100001,9.796183944],[104.62919333100001,9.799396216],[104.618057453,9.795922203],[104.61430093300001,9.796185401],[104.61220397900001,9.798492021],[104.60861099300001,9.796493273],[104.60639809400001,9.797730593],[104.60875376100002,9.801513936],[104.61179947100001,9.800538357],[104.613488888,9.801513936],[104.618937854,9.812221511],[104.63359533300002,9.822619755],[104.641399966,9.821287257],[104.64499295200001,9.818170163],[104.65355901100001,9.818431904]]],[[[104.04388391000002,9.823012096],[104.04623957600002,9.822426749],[104.04645372800002,9.821041902],[104.04311296400002,9.817815353],[104.04197082300001,9.819785547],[104.044069508,9.821341715],[104.04388391000002,9.823012096]]],[[[104.09736796700001,9.851920565],[104.09861004600002,9.850806977],[104.09778199300001,9.846538224],[104.09444123000002,9.842926202],[104.09289933900001,9.848979551],[104.094284185,9.850992575],[104.09736796700001,9.851920565]]],[[[103.99426955700001,9.902618955],[103.99256229400001,9.902309625],[103.992603935,9.90414181],[103.99426955700001,9.902618955]]],[[[104.023025978,9.910001601],[104.02343524500002,9.90762214],[104.02060844600001,9.905670982],[104.02141746200002,9.909335352],[104.023025978,9.910001601]]],[[[103.99339205200002,9.911639333],[103.99063187700001,9.908807774],[103.98693419500002,9.909559684],[103.985668321,9.911677404],[103.98968009300002,9.914290053],[103.993468195,9.912572082],[103.99486255900001,9.913428688],[103.99339205200002,9.911639333]]],[[[104.01472998700001,9.910353166],[104.01007338200002,9.911859365],[104.01181514800001,9.913422671],[104.01509880400002,9.912873016],[104.01816830800001,9.914479152],[104.016426543,9.910039078],[104.01472998700001,9.910353166]]],[[[104.024722534,9.91544898],[104.021931426,9.916298448],[104.021210449,9.920688554],[104.02286179500001,9.920150795],[104.022728545,9.91840903],[104.02519366700001,9.918575592],[104.02620017900001,9.916726751],[104.024722534,9.91544898]]],[[[103.999833253,9.917754548],[103.995635883,9.920581347],[104.00147032200002,9.92299888],[104.003231123,9.915298944],[103.999833253,9.917754548]]],[[[103.97951087100002,9.918946658],[103.98181894800001,9.922277903],[103.98184274300002,9.918703953],[103.978568605,9.918794372],[103.97951087100002,9.918946658]]],[[[104.02038683900001,9.933987956],[104.02294713900001,9.932312815],[104.02301376400001,9.930333104],[104.01775991400001,9.9278775],[104.01586586300002,9.931656084],[104.02038683900001,9.933987956]]],[[[104.01958877900002,9.964279914],[104.02306279200002,9.958079356],[104.02133054500001,9.950503152],[104.02582296700001,9.945919993],[104.02254882900002,9.939704841],[104.01854181600001,9.94236032],[104.01780894200002,9.944682674],[104.015372374,9.9459771],[104.01416360800002,9.945234708],[104.01017563200001,9.949184614],[104.01334507400001,9.951811539],[104.01364964500002,9.954923874],[104.01087043400001,9.957227192],[104.01283111,9.960739276],[104.011984022,9.963423308],[104.00977588200001,9.964118111],[104.01032791700001,9.96831548],[104.01308809200002,9.969153051],[104.01598151600001,9.966925875],[104.017475818,9.967287553],[104.01958877900002,9.964279914]]],[[[104.852731509,9.973534537],[104.84921942500002,9.972199659],[104.84555029600001,9.967938044],[104.84081278900001,9.952100352],[104.83585399200001,9.94853116],[104.831380605,9.95179816],[104.82748304800002,9.959243494],[104.827404526,9.964632973],[104.828982109,9.968030843],[104.83337935300001,9.971307361],[104.838019302,9.971592896],[104.83946839300002,9.974769477],[104.84666388300002,9.974605294],[104.84709932500002,9.976061524],[104.851275279,9.977639107],[104.85578673700002,9.977674799],[104.858056743,9.974855137],[104.852731509,9.973534537]]],[[[104.497801766,9.972809013],[104.49842042600001,9.973772694],[104.49976482100001,9.972963678],[104.49880114000001,9.971654974],[104.497801766,9.972809013]]],[[[104.02479104200002,9.969084649],[104.02125754300002,9.973201116],[104.01760507000002,9.973534241],[104.017152973,9.977936244],[104.01441659200002,9.980732111],[104.01357188400002,9.984491659],[104.01872341700002,9.984146637],[104.023196804,9.979649456],[104.02343475,9.974985712],[104.025028989,9.974236182],[104.02686117400002,9.969631925],[104.02479104200002,9.969084649]]],[[[104.03643898000001,9.997491249],[104.041892705,9.993058313],[104.04186415100001,9.991180919],[104.03843058900001,9.993222496],[104.03643898000001,9.997491249]]],[[[104.007324847,9.995658945],[104.007229668,10.001702776],[104.01299748200002,9.996801087],[104.01436805100002,9.992736967],[104.01055139600001,9.990766774],[104.007315329,9.99400284],[104.007324847,9.995658945]]],[[[104.03534680700001,9.998818989],[104.029671793,10.003673089],[104.02873666500001,10.006307152],[104.034654384,10.001952739],[104.03534680700001,9.998818989]]],[[[104.54857707900001,10.009042683],[104.54638879,10.008530705],[104.54766238900001,10.009757785],[104.54857707900001,10.009042683]]],[[[104.559657263,10.029797843],[104.56175118800002,10.024791457],[104.56036158300002,10.01740561],[104.557867908,10.015387827],[104.551053132,10.014264721],[104.54488556900002,10.027627774],[104.545989638,10.033338481],[104.549416062,10.03691719],[104.553527771,10.037488261],[104.55417498400001,10.040153257],[104.55495544800002,10.036022513],[104.559657263,10.029797843]]],[[[104.53955614800002,10.038273799],[104.53736768200001,10.037761753],[104.53864135300002,10.03898887],[104.53955614800002,10.038273799]]],[[[104.508483081,10.086735799],[104.50570341800001,10.083996357],[104.503214334,10.0839463],[104.50468987200001,10.086079524],[104.508483081,10.086735799]]],[[[104.51202450400001,10.089029207],[104.50952932700001,10.088999461],[104.51170901000002,10.090299461],[104.51202450400001,10.089029207]]],[[[104.51292550900001,10.095322701],[104.512054626,10.097678368],[104.51373928500001,10.100348123],[104.51198324300002,10.104117189],[104.51392488300002,10.105830401],[104.516980111,10.103631779],[104.514353186,10.095736728],[104.51351085700001,10.094551756],[104.51292550900001,10.095322701]]],[[[104.49703619200001,10.101709482],[104.49905873400002,10.111736531],[104.500879022,10.112367088],[104.505233435,10.106287565],[104.50115266000002,10.106085311],[104.49703619200001,10.101709482]]],[[[104.50039550500001,10.11989595],[104.50168517300001,10.118734774],[104.49987678300002,10.118739532],[104.50039550500001,10.11989595]]],[[[104.503812253,10.123211234],[104.50306272300001,10.122658009],[104.50290805800002,10.124632962],[104.503812253,10.123211234]]],[[[104.49784432700001,10.1242694],[104.49825478400001,10.120967898],[104.49743624900002,10.124606094],[104.49538991300001,10.124253933],[104.49381946800001,10.126619118],[104.49513293100001,10.129146105],[104.49831427,10.126761885],[104.49784432700001,10.1242694]]],[[[104.542408832,10.128195201],[104.542617035,10.133340785],[104.54460983400001,10.134352056],[104.545859051,10.129182677],[104.54299180000001,10.122401213],[104.540374393,10.126487937],[104.542408832,10.128195201]]],[[[104.554037492,10.133330986],[104.55433436800001,10.134624726],[104.55508214800001,10.133701966],[104.554037492,10.133330986]]],[[[104.49682605600002,10.135858366],[104.496347784,10.134216538],[104.49384221200002,10.135058867],[104.494977215,10.137507333],[104.49682605600002,10.135858366]]],[[[104.54641703400002,10.135031392],[104.54501077300002,10.134788687],[104.54594590100001,10.137308536],[104.54641703400002,10.135031392]]],[[[104.498120483,10.140058115],[104.49891998200002,10.140986105],[104.49735905500002,10.136831566],[104.498120483,10.140058115]]],[[[104.54383149200001,10.13817754],[104.54309714300001,10.139790678],[104.54466164000002,10.139397516],[104.54383149200001,10.13817754]]],[[[104.49347418900001,10.138134717],[104.49278414500002,10.140430897],[104.495306374,10.143226764],[104.49603210900001,10.141971598],[104.49347418900001,10.138134717]]],[[[104.51955292000001,10.142055263],[104.52028817300001,10.143718507],[104.52333626300002,10.138129153],[104.51987414700001,10.137857894],[104.51955292000001,10.142055263]]],[[[104.53266910300002,10.141419947],[104.53271074400001,10.139373611],[104.53138419500002,10.142306297],[104.53266910300002,10.141419947]]],[[[104.549203383,10.139683238],[104.54780426,10.140125818],[104.54958885600001,10.142709913],[104.54898923200001,10.145244039],[104.552337133,10.146022122],[104.552237196,10.141953244],[104.55082379600002,10.139618993],[104.549203383,10.139683238]]],[[[104.55030091000002,10.153567393],[104.55535488500001,10.148677601],[104.55347749,10.148263575],[104.549422888,10.151525816],[104.55030091000002,10.153567393]]],[[[104.50603218300002,10.152837396],[104.507093702,10.151485624],[104.5056595,10.150688462],[104.50418690700002,10.152682339],[104.50603218300002,10.152837396]]],[[[104.59083802200001,10.154101324],[104.58921998800001,10.15195981],[104.58577571900001,10.152626059],[104.58722719,10.154511781],[104.591230633,10.154601011],[104.59268210400002,10.153583792],[104.59083802200001,10.154101324]]],[[[104.52287797800001,10.151960662],[104.52068887400002,10.147558659],[104.51812500500002,10.150217707],[104.522003526,10.156790968],[104.52425211700002,10.157451268],[104.52466257400002,10.160294724],[104.52611999400001,10.158932483],[104.52287797800001,10.151960662]]],[[[104.58152163900002,10.153350604],[104.57470448300002,10.152957993],[104.57154217900002,10.15579907],[104.57740993000002,10.156884104],[104.58225689200002,10.15579907],[104.58152163900002,10.153350604]]],[[[104.52928705700002,10.164589156],[104.531166831,10.161775443],[104.530072279,10.159687466],[104.52928705700002,10.164589156]]],[[[104.57788629800001,10.172092984],[104.57853946000002,10.174926922],[104.578782165,10.171554036],[104.57788629800001,10.172092984]]],[[[104.59078916400001,10.176547613],[104.59107469900002,10.179153123],[104.59367426000001,10.180098958],[104.592597554,10.175970594],[104.59078916400001,10.176547613]]],[[[104.570984969,10.178262034],[104.57176067300001,10.179941934],[104.57216042300001,10.17735308],[104.570984969,10.178262034]]],[[[104.53270182100002,10.183668436],[104.53349894000002,10.180860672],[104.531363374,10.176244517],[104.534760055,10.171681901],[104.531577526,10.169266748],[104.53014984900001,10.170319659],[104.53107783900002,10.174168437],[104.529977338,10.179593609],[104.523737202,10.185286469],[104.52644978700002,10.18837382],[104.53097076300001,10.186845016],[104.53270182100002,10.183668436]]],[[[104.50309632600002,10.18815945],[104.508220047,10.187760654],[104.50898093100001,10.184937427],[104.506475727,10.183457314],[104.50401084900001,10.183860128],[104.50253767100001,10.185976146],[104.50309632600002,10.18815945]]],[[[104.05926634100001,10.405586703],[104.06096170700002,10.403296472],[104.05798738000001,10.403028783],[104.05706533900002,10.400262659],[104.06075350400002,10.396515008],[104.06286527600001,10.390477126],[104.07104467300002,10.382565418],[104.07907515500001,10.370642098],[104.07698123000002,10.364836213],[104.080350546,10.354023942],[104.077571336,10.353167336],[104.07441141200002,10.349379234],[104.07277677000002,10.336946696],[104.07429203400001,10.325426002],[104.08046218100002,10.306374085],[104.07794560900001,10.292743762],[104.074514266,10.284140501],[104.07443158,10.277601648],[104.075719438,10.269198638],[104.08049323800002,10.25547409],[104.08110448900001,10.244927901],[104.07076711900001,10.215542117],[104.066284214,10.210811749],[104.06367156600001,10.211011623],[104.06040218600002,10.208227654],[104.056204817,10.201217762],[104.04921277100001,10.180037486],[104.04352348000002,10.152747447],[104.03609956100001,10.147779133],[104.03219486600001,10.141340311],[104.03052448400001,10.131924784],[104.03346549800001,10.129048016],[104.036994399,10.1201877],[104.03308399100001,10.112681488],[104.026569687,10.106720794],[104.02523177000002,10.100308291],[104.025755251,10.091623258],[104.01985418800001,10.084722821],[104.01816477100002,10.085270097],[104.01704642400001,10.083723448],[104.019592447,10.078702785],[104.02285230900002,10.075895021],[104.026588063,10.076204351],[104.02794435500002,10.078916936],[104.03617729000001,10.071493018],[104.043291879,10.068970789],[104.04309200400002,10.060961524],[104.03879469800002,10.060533221],[104.035553872,10.052937981],[104.03565380900001,10.044914439],[104.03928010800001,10.041131096],[104.037909538,10.039246562],[104.03472581900002,10.040717069],[104.03298405400001,10.039646312],[104.030901917,10.035549602],[104.03072832500001,10.030666226],[104.03945142900001,10.01978733],[104.042335336,10.013248572],[104.045190689,10.011906555],[104.04733220400001,10.013990963],[104.04955855400001,10.012208384],[104.05217202700001,10.008251703],[104.05211967900001,10.005125092],[104.04572725700001,10.007634233],[104.039074284,10.01585765],[104.03363483600002,10.014487081],[104.031322,10.010546694],[104.02738161300002,10.015400794],[104.022327638,10.018213317],[104.01464673800001,10.016271677],[104.01349031900001,10.01056097],[104.010349431,10.010004176],[104.008536282,10.012688208],[104.00925012000002,10.018270424],[104.00673740900001,10.028992275],[104.00307262200002,10.032620065],[104.00332486600001,10.036760026],[104.001021547,10.04323216],[103.999003764,10.046239798],[103.99525373400002,10.046182691],[103.990647097,10.048885759],[103.99114202500002,10.05263579],[103.98961917000001,10.055376929],[103.99057095500001,10.059088888],[103.98421303500001,10.099939474],[103.965310596,10.188474459],[103.96078962100002,10.206982224],[103.95604973400002,10.217613656],[103.95660176900002,10.219241208],[103.95012011700001,10.238733752],[103.94461880400002,10.249051095],[103.93990509100001,10.255730242],[103.93023258200002,10.262832933],[103.92203533900002,10.280250588],[103.91387378800002,10.289149772],[103.90612864200001,10.292576196],[103.89866903200002,10.29004207],[103.892113617,10.290220529],[103.88846114400002,10.291790974],[103.886628959,10.296740252],[103.88104367100001,10.302778871],[103.87054380300002,10.307650081],[103.864226334,10.307483519],[103.861073548,10.305234928],[103.861870668,10.302213013],[103.860431094,10.302462856],[103.85919377400002,10.306246199],[103.85561268500001,10.309018271],[103.85660016100002,10.311897419],[103.85074668700001,10.325793471],[103.842799635,10.354743332],[103.84087703000002,10.358169756],[103.83330082600001,10.362072072],[103.83255843500001,10.364832247],[103.83785035600002,10.370809453],[103.83655592900001,10.37770989],[103.84348016100002,10.377329176],[103.84754903900001,10.374473823],[103.85202242600002,10.377662301],[103.856132944,10.375050842],[103.86774471400001,10.373623166],[103.87331265300001,10.371243705],[103.88849361400001,10.37029192],[103.897583155,10.365961301],[103.916095362,10.362582467],[103.918950715,10.360203006],[103.924994546,10.36053613],[103.93655872600002,10.370577456],[103.94307845000002,10.384235562],[103.94664764100001,10.401605627],[103.95452231400002,10.40571119],[103.96548767400002,10.408464551],[103.967178529,10.410938509],[103.97048984000001,10.419879888],[103.97185446400002,10.435245027],[103.97354582000001,10.440123278],[103.98234793800002,10.448449603],[103.994806742,10.451708589],[104.00679922600001,10.447282792],[104.021218759,10.423678539],[104.02931487500001,10.414658398],[104.03538250100002,10.412427654],[104.03776196200002,10.41558044],[104.040230653,10.415818386],[104.05203872800001,10.403742621],[104.056054068,10.402612377],[104.05926634100001,10.405586703]]],[[[104.52255961000002,10.24600582],[104.52382310300001,10.245420472],[104.52296649800002,10.242072571],[104.52255961000002,10.24600582]]],[[[104.326798198,10.283858002],[104.32400061900002,10.283761396],[104.32488651800001,10.287734397],[104.32906197900002,10.286948823],[104.332338399,10.288385225],[104.33408350900001,10.287345008],[104.333902523,10.286141958],[104.326798198,10.283858002]]],[[[104.31385717,10.29007585],[104.31171565500001,10.290432769],[104.31659355,10.293079919],[104.316831496,10.29144404],[104.31385717,10.29007585]]],[[[104.33874440000001,10.29394456],[104.340696868,10.297527554],[104.34305145300002,10.296298198],[104.34242765000002,10.292074398],[104.339404193,10.289388459],[104.337575166,10.290698166],[104.33874440000001,10.29394456]]],[[[104.34647496,10.297038257],[104.34927021700001,10.30075691],[104.352354008,10.298217042],[104.351760166,10.296518482],[104.346476988,10.296053132],[104.34647496,10.297038257]]],[[[104.31763525200002,10.305452239],[104.32002372100001,10.30671275],[104.32107868700001,10.304035105],[104.31632940000001,10.299993193],[104.31763525200002,10.305452239]]],[[[104.32300300900002,10.314448718],[104.32300785100001,10.312182809],[104.320297738,10.311604131],[104.32300300900002,10.314448718]]],[[[104.335570525,10.321689327],[104.338071424,10.321642382],[104.338154814,10.319506831],[104.32927177700002,10.312664608],[104.32380780600002,10.319711479],[104.32459104700001,10.322734404],[104.32692691200002,10.319835179],[104.32964014200002,10.318981382],[104.333963722,10.322154845],[104.335570525,10.321689327]]],[[[103.84230980500001,10.32157312],[103.842846993,10.32307718],[103.84352512500001,10.321598902],[103.84230980500001,10.32157312]]],[[[103.83452476900001,10.320845714],[103.83223930900002,10.322185982],[103.83252186900002,10.323768963],[103.836328023,10.322304443],[103.83452476900001,10.320845714]]],[[[103.82122734600001,10.358828377],[103.818941547,10.360168601],[103.81922397600002,10.361751587],[103.82303065300002,10.360287285],[103.82122734600001,10.358828377]]],[[[105.84754900400002,18.74646326],[105.84597859000002,18.746470337],[105.847868415,18.747540006],[105.84754900400002,18.74646326]]],[[[105.77969896300002,18.800164307],[105.77517322800001,18.798646211],[105.77327441800001,18.796024045],[105.76973378000001,18.800264244],[105.773431463,18.802862616],[105.776729396,18.80147777],[105.77852826800002,18.806574575],[105.78018437300001,18.804190355],[105.78254003900001,18.803619284],[105.78204035300001,18.801335002],[105.77969896300002,18.800164307]]],[[[105.90288056100002,19.345758475],[105.905426345,19.342110295],[105.90455317700001,19.341025052],[105.90052190900002,19.342339596],[105.89801313400001,19.34518263],[105.89836687000002,19.348870375],[105.90288056100002,19.345758475]]],[[[105.87471791400002,19.357486363],[105.87405166500001,19.356134829],[105.87170552500001,19.357080635],[105.87471791400002,19.357486363]]],[[[105.909627319,19.368457419],[105.90927316400001,19.366846238],[105.90656646700002,19.370493649],[105.90726013800001,19.371600998],[105.909627319,19.368457419]]],[[[106.55644704100001,8.629327497],[106.558017485,8.630190051],[106.55874679000001,8.628993183],[106.55722631400002,8.628084228],[106.55644704100001,8.629327497]]],[[[106.62821567400002,8.637083945],[106.62996695800001,8.639330156],[106.63697685000001,8.637186262],[106.62933878000001,8.632534415],[106.62704498,8.635998911],[106.62821567400002,8.637083945]]],[[[106.620389337,8.637237315],[106.61939591200002,8.634976827],[106.616998605,8.635250465],[106.61776003300001,8.638825605],[106.619300734,8.639033808],[106.620389337,8.637237315]]],[[[106.622304803,8.63845084],[106.62247136600001,8.639694108],[106.62348858500002,8.638415148],[106.622304803,8.63845084]]],[[[106.54291742600002,8.64672909],[106.54030477700002,8.651283378],[106.540761634,8.661412744],[106.54341711200001,8.661691141],[106.54866382400002,8.658136226],[106.55033420600002,8.662326457],[106.54974172000001,8.664546494],[106.55109087400001,8.665074734],[106.55386770500002,8.663625643],[106.55532393500002,8.656851317],[106.55772957,8.65529515],[106.559492751,8.65127624],[106.56513207400002,8.65198294],[106.576275089,8.645444181],[106.573069955,8.641146874],[106.56376150400001,8.638691271],[106.56014234400001,8.634201228],[106.56019231200001,8.630739112],[106.55892881900002,8.630624898],[106.55775098500001,8.634075116],[106.55268273400002,8.636323707],[106.554205589,8.63842953],[106.55338467500002,8.64699559],[106.55202838200002,8.647221638],[106.54867334200001,8.643961777],[106.547000581,8.646393586],[106.54291742600002,8.64672909]]],[[[106.67523355400002,8.64972778],[106.67389629700001,8.650603421],[106.675238313,8.651826464],[106.67523355400002,8.64972778]]],[[[106.67831489600002,8.656567303],[106.67163337,8.658794478],[106.66736937600001,8.667075002],[106.660566893,8.675391219],[106.65960916000002,8.678115701],[106.66275004900001,8.681488587],[106.67266645200002,8.681191155],[106.68144309400002,8.669434238],[106.68621629300002,8.673831482],[106.69121554100002,8.66977807],[106.69286331700002,8.670152835],[106.69656932800001,8.679599295],[106.702321675,8.676952145],[106.70428473000001,8.66977807],[106.70955523600001,8.669986273],[106.71064384000002,8.668094601],[106.705890867,8.663900801],[106.70213726700001,8.664662229],[106.69587333600002,8.660319713],[106.682483712,8.667493787],[106.679856787,8.665228541],[106.67831489600002,8.656567303]]],[[[106.55544339,8.688233275],[106.55812243200002,8.689207621],[106.56029369,8.68801789],[106.56085280300002,8.68631384],[106.55923610200001,8.6835244],[106.55494777100002,8.684039138],[106.55544339,8.688233275]]],[[[106.737408017,8.695348155],[106.74086299500001,8.699003007],[106.74114853000002,8.694786602],[106.74356606200001,8.693520728],[106.74325197300001,8.687895683],[106.74031096000002,8.682594244],[106.73944959500001,8.686391863],[106.73585660900001,8.688366816],[106.73334389800002,8.687695808],[106.737408017,8.695348155]]],[[[106.62534254200001,8.68940783],[106.62375068300001,8.691619539],[106.618496833,8.689506578],[106.60883146200001,8.680926241],[106.60412013000001,8.679512842],[106.598366593,8.670746907],[106.598180995,8.667491805],[106.601807293,8.664093934],[106.60945773600001,8.651838282],[106.613621793,8.640583432],[106.60714965900002,8.639833902],[106.59813150200002,8.644224007],[106.58931559900002,8.645853938],[106.586067635,8.6451401],[106.58428303900001,8.646520187],[106.58216531900001,8.644771283],[106.57682342900002,8.645865835],[106.57726362900002,8.646972285],[106.58057108000001,8.647043668],[106.58060677200001,8.649078108],[106.57381341100002,8.654824506],[106.57163620400001,8.654800711],[106.56848341800001,8.659250303],[106.56975643000001,8.660535212],[106.56641328700002,8.663426257],[106.561164196,8.676734583],[106.56093814700002,8.683087744],[106.562758435,8.682745101],[106.565392498,8.684836648],[106.56864046200002,8.689655056],[106.56890458300002,8.692745976],[106.57460101200002,8.691346853],[106.57900539500001,8.706844282],[106.58355968300002,8.704852674],[106.588605092,8.708685985],[106.58972819800002,8.71157941],[106.58877641300002,8.716678595],[106.592980921,8.72199669],[106.59300947400001,8.724873458],[106.597920682,8.725637265],[106.601668333,8.724081098],[106.60306031800002,8.727221987],[106.61069838700001,8.730334322],[106.61186908200001,8.73488861],[106.620171022,8.731911904],[106.62403288700001,8.73687308],[106.62186995700002,8.741099003],[106.62264804100002,8.743547468],[106.62738078900001,8.744504012],[106.62882988000001,8.746195809],[106.634740461,8.745803198],[106.63359832000002,8.747616347],[106.64137201900002,8.753455544],[106.64593344600002,8.752598938],[106.64861747800002,8.754519163],[106.65261497300001,8.754904636],[106.65606995000002,8.760843771],[106.657983037,8.759558862],[106.663865064,8.76093657],[106.66432192100001,8.757110396],[106.66662048,8.757117535],[106.669697123,8.753948093],[106.66948297200001,8.75020758],[106.66622786900001,8.747309396],[106.66179493300001,8.747038138],[106.659075209,8.753027241],[106.655812968,8.753626865],[106.653143213,8.750578776],[106.65290764600002,8.74689537],[106.654413845,8.745874581],[106.655498879,8.748430122],[106.65696224800001,8.747794806],[106.65724778300002,8.744161369],[106.66063851500002,8.744040017],[106.66324878400002,8.740461308],[106.665390299,8.740044902],[106.66308222100001,8.733311027],[106.660524301,8.730408085],[106.64320182500002,8.731550226],[106.639953861,8.72671992],[106.637443529,8.717951606],[106.63812167600001,8.712716792],[106.64533144200001,8.708243406],[106.65694321200002,8.696988555],[106.65812104500002,8.697297885],[106.65953682500002,8.693229007],[106.65172981300002,8.691030385],[106.644267823,8.696850546],[106.636063442,8.700162756],[106.63148654900002,8.69696476],[106.62714498400001,8.687771951],[106.62534254200001,8.68940783]]],[[[106.539500294,8.71009334],[106.54805683600001,8.708827466],[106.54983667300002,8.709493716],[106.55070279600001,8.712111123],[106.55151181300002,8.711425838],[106.54624844500002,8.704070924],[106.53704469000002,8.705581882],[106.536787708,8.709427091],[106.539500294,8.71009334]]],[[[106.58741312100001,8.734986071],[106.584177054,8.736378056],[106.58796039700002,8.737972295],[106.589245306,8.736259083],[106.58741312100001,8.734986071]]],[[[106.471654561,17.881752631],[106.470362801,17.882892331],[106.47288055100002,17.887133892],[106.47507724800002,17.880239037],[106.46975130300001,17.871343513],[106.46555342900001,17.875302342],[106.471654561,17.881752631]]],[[[106.49528817100001,17.907879081],[106.49585924100002,17.909080709],[106.492646969,17.912435749],[106.494852395,17.914993695],[106.49723932900001,17.912162111],[106.49672774500002,17.909509012],[106.498131627,17.909045017],[106.49581165200001,17.90699868],[106.49528817100001,17.907879081]]],[[[106.53498646400001,17.933600261],[106.53323518000002,17.931506335],[106.52754351000002,17.931944156],[106.527886152,17.935732258],[106.52558283400002,17.93771197],[106.53018947000001,17.937673898],[106.53148389700002,17.935865508],[106.53519585600002,17.936322364],[106.53498646400001,17.933600261]]],[[[106.52099047400002,17.9409986],[106.51837782600002,17.942440554],[106.52156154500001,17.944210873],[106.52427413,17.943397097],[106.52381727400001,17.939999227],[106.52099047400002,17.9409986]]],[[[106.45508241300001,18.102871274],[106.46361332500001,18.107407594],[106.46424150300001,18.101753994],[106.45249119300001,18.099834665],[106.45508241300001,18.102871274]]],[[[106.48964748400002,18.11771066],[106.48936194900001,18.116539965],[106.48774391500001,18.11673984],[106.48964748400002,18.11771066]]],[[[106.12155862700001,18.280501547],[106.12022612900002,18.280394472],[106.12131116300002,18.28194826],[106.122599641,18.280697853],[106.12155862700001,18.280501547]]],[[[105.95445144400001,18.804494945],[105.964387443,18.796725739],[105.96578776600002,18.791333682],[105.96307519500002,18.791132327],[105.95741427100002,18.795648771],[105.95641757800001,18.799207746],[105.952898986,18.803031082],[105.95317251800002,18.804788721],[105.95445144400001,18.804494945]]],[[[105.90754498900002,19.338902932],[105.908959398,19.339092116],[105.90919710000001,19.337760939],[105.90754498900002,19.338902932]]],[[[105.93438970600002,19.35507084],[105.936089148,19.354099747],[105.933759539,19.350683439],[105.93566556000002,19.347371063],[105.934916741,19.346008515],[105.929788174,19.3493342],[105.929344252,19.353037219],[105.93060770200002,19.356510715],[105.93438970600002,19.35507084]]],[[[105.934855831,19.381278839],[105.93568783600001,19.377530366],[105.93799770100001,19.375855933],[105.93357311000001,19.370961261],[105.93312330300002,19.36349766],[105.92917206800001,19.359215234],[105.924781891,19.359251858],[105.918666521,19.367070652],[105.91364884100001,19.369281833],[105.914153581,19.382706086],[105.91602100700001,19.382889851],[105.91843157400001,19.378749065],[105.922126704,19.381308124],[105.92491321100002,19.380273973],[105.927854812,19.38414377],[105.93443139400001,19.379935322],[105.934855831,19.381278839]]],[[[106.81746500400001,20.668343812],[106.817269949,20.665651809],[106.81345250800001,20.667114167],[106.81403541700001,20.668525236],[106.81746500400001,20.668343812]]],[[[106.835790361,20.770218821],[106.83835478200001,20.772934247],[106.83844125200001,20.775779221],[106.84059643700002,20.773265585],[106.84079384800002,20.768141416],[106.83675152100001,20.768629634],[106.835790361,20.770218821]]],[[[106.93043621200002,20.801902678],[106.92769507300001,20.799961037],[106.92240315200002,20.801103179],[106.91424200300001,20.81633701],[106.91936696000002,20.82409829],[106.92917509800002,20.826539617],[106.93571385700001,20.819558278],[106.93348668100002,20.815689275],[106.93434328700002,20.810878004],[106.93020778400002,20.807213635],[106.93043621200002,20.801902678]]],[[[106.93806110500002,20.819796131],[106.93635549600002,20.820837444],[106.93838817500001,20.820198519],[106.93847120600002,20.818404463],[106.93806110500002,20.819796131]]],[[[106.93942190800001,20.822648982],[106.94112242900002,20.824536531],[106.94233394100002,20.821836609],[106.93942190800001,20.822648982]]],[[[106.933723475,20.825081994],[106.93320254100001,20.822939956],[106.93257972,20.824607088],[106.933723475,20.825081994]]],[[[106.93884465500001,20.829788154],[106.93699025900001,20.828699687],[106.93671573800002,20.826200897],[106.93480357700001,20.825813346],[106.93561636800001,20.83050129],[106.93884465500001,20.829788154]]],[[[106.923958198,20.827076076],[106.92007249400001,20.82683693],[106.912783857,20.820907651],[106.908325286,20.826805991],[106.91669255500001,20.838815081],[106.91895347000002,20.839986355],[106.92696434800001,20.838057042],[106.930022516,20.828917301],[106.923958198,20.827076076]]],[[[106.942803718,20.844988579],[106.94526342600001,20.845012031],[106.94430617000002,20.842289221],[106.94678548800002,20.839067917],[106.94267553700001,20.836596089],[106.94411335100001,20.835259481],[106.94238494400001,20.833650419],[106.94152255700001,20.83565188],[106.93969488800002,20.833231202],[106.93561712400002,20.834327808],[106.936176161,20.837973913],[106.933161425,20.835666178],[106.933544386,20.834630702],[106.93032081000001,20.834692707],[106.93210192900001,20.839359549],[106.935785336,20.841595626],[106.935586686,20.843698733],[106.93153817000001,20.839619838],[106.93016277500001,20.841042335],[106.92803539000002,20.840285643],[106.92864211500002,20.839119067],[106.92668638900001,20.840567488],[106.92789841100002,20.842947024],[106.931204696,20.842399109],[106.93141353000001,20.844838147],[106.93414444000001,20.844161573],[106.933354238,20.845946728],[106.936016621,20.844724844],[106.93745867900002,20.846369444],[106.93907566300001,20.84301017],[106.93853980100002,20.846511349],[106.942803718,20.844988579]]],[[[106.947342102,20.851525733],[106.94944455900001,20.850839987],[106.94772769900001,20.850239072],[106.947342102,20.851525733]]],[[[106.89877204400001,20.850601383],[106.89950568800002,20.844939204],[106.88927807400002,20.842275995],[106.88703098700002,20.843610803],[106.88812409200001,20.844938582],[106.88305725500001,20.844838069],[106.87760332200001,20.849252317],[106.876988108,20.853256265],[106.87840219600001,20.85621815],[106.88135957100002,20.853438996],[106.88650291300002,20.855628315],[106.88108792800001,20.854506388],[106.88192705100002,20.857050221],[106.88799780900001,20.85730366],[106.881943661,20.858397365],[106.883036583,20.860983008],[106.892797799,20.859163345],[106.88377095800001,20.86273909],[106.88733573200001,20.867185159],[106.88823956700001,20.87122058],[106.88704264000002,20.87244638],[106.888480795,20.873491656],[106.89076258300001,20.873655811],[106.89339351800001,20.87134168],[106.894232338,20.866263336],[106.89944665700001,20.855368024],[106.89775316100001,20.85540171],[106.89877204400001,20.850601383]]],[[[106.961113003,20.861102515],[106.95900387800002,20.860154414],[106.959582183,20.858423236],[106.95634656100002,20.858348829],[106.95549041800001,20.864048355],[106.95658204700001,20.86494845],[106.958725979,20.862775672],[106.960511003,20.863235895],[106.961113003,20.861102515]]],[[[106.98717823800001,20.864469728],[106.983052236,20.863519978],[106.98209673600002,20.866594004],[106.987340955,20.866226865],[106.98717823800001,20.864469728]]],[[[106.96409333500002,20.875151251],[106.96613759400002,20.875005404],[106.96474323500001,20.873125943],[106.96546925500002,20.871605257],[106.96902774100002,20.871217846],[106.96888674400002,20.873045693],[106.97130214900001,20.871432115],[106.97242988,20.872136634],[106.97227714800002,20.86841263],[106.97610982600001,20.871095442],[106.977003496,20.869152976],[106.97448240500002,20.868643911],[106.97549422500002,20.867780342],[106.97400362200001,20.865845001],[106.97711648,20.865197544],[106.974546169,20.86357231],[106.976505767,20.862921828],[106.974128825,20.862818879],[106.97167333000002,20.860009976],[106.96966719100001,20.861076766],[106.97075654500001,20.862837349],[106.96958589800002,20.863490876],[106.96809596700001,20.861592038],[106.96665794400002,20.862346415],[106.96674115300002,20.858754228],[106.96318887800001,20.859598058],[106.96290035800001,20.860742763],[106.96449275700002,20.861197388],[106.96023788300002,20.864018044],[106.964388041,20.865808951],[106.96295019500002,20.869918034],[106.96530807300002,20.869222469],[106.96194145200002,20.876370353],[106.96078275500001,20.873273345],[106.95848648600001,20.878060826],[106.962530733,20.877007609],[106.96409333500002,20.875151251]]],[[[106.96034653100001,20.867922644],[106.96235111900002,20.867486807],[106.957747472,20.865274554],[106.956604862,20.868932239],[106.95842498800002,20.872088985],[106.95903140300001,20.868073521],[106.96034653100001,20.867922644]]],[[[106.97934801200002,20.87008782],[106.97947765900001,20.868068579],[106.97819489100002,20.870761521],[106.97934801200002,20.87008782]]],[[[106.944822768,20.867687081],[106.94012812800001,20.87012777],[106.942117382,20.870876454],[106.942428931,20.872619156],[106.944822768,20.867687081]]],[[[106.94463758700002,20.870389814],[106.94686989600001,20.874391649],[106.94780965100001,20.870743728],[106.94463758700002,20.870389814]]],[[[106.93679551000001,20.876526799],[106.93604482900001,20.875233339],[106.93758492200001,20.874475519],[106.93621117600001,20.873367731],[106.933981349,20.875460949],[106.93579586500002,20.879142041],[106.938084584,20.879524545],[106.93992508500001,20.876746515],[106.93679551000001,20.876526799]]],[[[106.976876576,20.877867889],[106.97696089100002,20.876003313],[106.97572837000001,20.877396071],[106.976876576,20.877867889]]],[[[106.96291987500001,20.879305071],[106.95967507700001,20.880695347],[106.96261491000001,20.88094246],[106.963985047,20.879675801],[106.96658869500001,20.881254202],[106.96709772500002,20.876500022],[106.96291987500001,20.879305071]]],[[[106.97218492000002,20.87462884],[106.96882107700002,20.87729704],[106.971302868,20.877881128],[106.971290793,20.885284572],[106.97273724400002,20.879447447],[106.974273081,20.878382968],[106.972166815,20.877411722],[106.97218492000002,20.87462884]]],[[[106.968718058,20.879825626],[106.96757410200001,20.88175342],[106.97041420300002,20.880622938],[106.968718058,20.879825626]]],[[[106.95725658700002,20.887361558],[106.95985267600001,20.887833157],[106.961035089,20.886365675],[106.954742816,20.884996285],[106.95386198900002,20.88295076],[106.95001150200001,20.884586629],[106.95486950400002,20.886536531],[106.95403559800002,20.89224907],[106.95620636100001,20.890795325],[106.95536281200002,20.889576715],[106.95725658700002,20.887361558]]],[[[106.94898790500001,20.88803261],[106.947919143,20.887969664],[106.94833472900001,20.889143078],[106.95208693100001,20.890228386],[106.953303759,20.889337035],[106.95259440400001,20.888166901],[106.94898790500001,20.88803261]]],[[[106.96358436300001,20.887339099],[106.96237680300001,20.886876725],[106.966003377,20.896761882],[106.96781495000002,20.886199985],[106.96440410900001,20.884672516],[106.96358436300001,20.887339099]]],[[[106.97372779100002,20.891208087],[106.972854781,20.893875319],[106.971414832,20.894017274],[106.972851423,20.895655161],[106.97562851300002,20.889544123],[106.97372779100002,20.891208087]]],[[[106.97010148800001,20.901816058],[106.97032500200001,20.898491994],[106.96903558500001,20.897905194],[106.967311977,20.898827502],[106.966861207,20.903169332],[106.969635363,20.902936902],[106.97011251300002,20.904711203],[106.97279214800001,20.903376714],[106.97245324900001,20.901964371],[106.97010148800001,20.901816058]]],[[[106.94740507000002,20.908517469],[106.94991540100001,20.906762617],[106.94252717400002,20.909314589],[106.945709704,20.909849967],[106.94740507000002,20.908517469]]],[[[106.94343493900001,20.912142578],[106.94418684800002,20.9115144],[106.94284007400002,20.911271695],[106.94343493900001,20.912142578]]],[[[106.94673316900001,20.912349591],[106.946536864,20.910089103],[106.94375289400001,20.913914087],[106.946162099,20.913925984],[106.94673316900001,20.912349591]]],[[[106.94159026200002,20.914366779],[106.94326064300002,20.914419127],[106.94279902800001,20.913119942],[106.94159026200002,20.914366779]]],[[[106.94834793100001,20.915227847],[106.94744135600001,20.913346883],[106.94675607200001,20.913546758],[106.94644912100001,20.914824528],[106.947516309,20.914239181],[106.94732000400002,20.915234985],[106.94896897000001,20.916694784],[106.94983985300001,20.915806056],[106.94834793100001,20.915227847]]],[[[106.93666200100002,20.915652243],[106.93802781200002,20.915918743],[106.93805160700002,20.914771843],[106.93666200100002,20.915652243]]],[[[106.94948364800001,20.918034619],[106.951143322,20.918974506],[106.949138626,20.916999554],[106.94948364800001,20.918034619]]],[[[106.94959649400002,20.941850357],[106.95027863000001,20.939105838],[106.94102701300001,20.936286535],[106.934055995,20.940447744],[106.92822913700002,20.941979656],[106.927311392,20.944045274],[106.92864264,20.944775658],[106.92557269500001,20.948075898],[106.92758850900002,20.953888717],[106.93194715300001,20.954471213],[106.93426710400001,20.951001751],[106.94202449100001,20.945103025],[106.94959649400002,20.941850357]]],[[[106.957449519,20.947438632],[106.95828924800001,20.944483962],[106.95331732000001,20.942985385],[106.94365827900002,20.947142172],[106.94523466100001,20.949287788],[106.94835260600001,20.949667389],[106.95088130600001,20.947897314],[106.95471321200002,20.948837518],[106.957449519,20.947438632]]],[[[106.923631756,20.954587185],[106.922470579,20.952683617],[106.92197565100001,20.958775037],[106.923631756,20.954587185]]],[[[107.04653788700001,20.699965019],[107.04628946400001,20.699052348],[107.04579595300001,20.701013528],[107.04653788700001,20.699965019]]],[[[107.04469120400002,20.706699907],[107.04661622300002,20.706966346],[107.04719657100001,20.705748186],[107.04469120400002,20.706699907]]],[[[107.040407177,20.706183035],[107.04266102200002,20.702643883],[107.03674405800001,20.706954222],[107.03570241800001,20.710205281],[107.040407177,20.706183035]]],[[[107.02176470700002,20.707531287],[107.022852624,20.707768634],[107.02271035800001,20.705971366],[107.02116299500001,20.706373132],[107.02176470700002,20.707531287]]],[[[107.051933438,20.712497625],[107.05353575600002,20.710391642],[107.05164993100001,20.710953119],[107.05108729800001,20.713267929],[107.051933438,20.712497625]]],[[[107.02565192500002,20.710123578],[107.02284881900002,20.70865668],[107.02058035400002,20.710765532],[107.01918857000001,20.709311254],[107.01689222200001,20.714580232],[107.02130284600001,20.715686206],[107.023421651,20.711321896],[107.02565192500002,20.710123578]]],[[[107.01664096800002,20.717287549],[107.01808375700001,20.716236347],[107.01577727900002,20.716401358],[107.01664096800002,20.717287549]]],[[[107.02835554500001,20.719005944],[107.02695753400002,20.719747881],[107.02915399900002,20.720758348],[107.03111854200002,20.718817946],[107.02835554500001,20.719005944]]],[[[107.01058407600001,20.722522567],[107.01357217300001,20.721198865],[107.01507744000001,20.718398217],[107.01115073400001,20.719228593],[107.01058407600001,20.722522567]]],[[[107.063640301,20.718011789],[107.06333173400002,20.723805438],[107.06638942700002,20.720945597],[107.065678524,20.718757385],[107.063640301,20.718011789]]],[[[107.00732098000002,20.725033619],[107.00962397900001,20.725121679],[107.01065301400001,20.723469094],[107.00732098000002,20.725033619]]],[[[107.06234803000001,20.736593929],[107.062111584,20.734673434],[107.06101417100001,20.737393702],[107.06234803000001,20.736593929]]],[[[107.013181936,20.738060955],[107.012364689,20.740023876],[107.01666868200002,20.743434061],[107.013181936,20.738060955]]],[[[107.061376906,20.743031571],[107.05859384900002,20.742571179],[107.06059145000002,20.744648278],[107.06405439800001,20.743657795],[107.06337809800002,20.742329881],[107.061376906,20.743031571]]],[[[107.062701208,20.755285875],[107.064253313,20.754502328],[107.06234833,20.753628827],[107.062701208,20.755285875]]],[[[107.05693219000001,20.758325457],[107.06114400100002,20.758251768],[107.05952491600002,20.756363661],[107.061651824,20.758011534],[107.064179973,20.756628528],[107.06237267300001,20.757161856],[107.060999523,20.755409596],[107.05782730000001,20.756496694],[107.05612910300002,20.754895651],[107.054236576,20.757987585],[107.05497260700001,20.760640745],[107.05779105300002,20.759948014],[107.05585559700002,20.758844009],[107.05693219000001,20.758325457]]],[[[107.05983883400002,20.762741732],[107.05785156800002,20.760668945],[107.05566682900002,20.763151097],[107.057257114,20.764775103],[107.060632597,20.763956005],[107.05983883400002,20.762741732]]],[[[107.05226685500001,20.764960231],[107.05415922600001,20.763857109],[107.05068080400001,20.76345288],[107.05226685500001,20.764960231]]],[[[107.05498348400002,20.770945421],[107.05625241800001,20.769011415],[107.053281925,20.770752495],[107.05498348400002,20.770945421]]],[[[107.06657639100001,20.769594678],[107.06511999700001,20.768907344],[107.06113920700001,20.774880997],[107.063997377,20.773628103],[107.06657639100001,20.769594678]]],[[[107.06255053900001,20.775518065],[107.06059002200001,20.775099878],[107.06028036,20.77660785],[107.06231349500001,20.776762494],[107.06255053900001,20.775518065]]],[[[106.95404085800001,20.874266788],[106.95424966600001,20.873354716],[106.95527325000002,20.874973931],[106.956125295,20.874181735],[106.95424641400001,20.869225497],[106.954568078,20.865417825],[106.95113425500001,20.861921847],[106.952798827,20.860389689],[106.95471733600002,20.86145193],[106.954850747,20.854709746],[106.95964985200001,20.855262943],[106.95906008800002,20.846879163],[106.96225362100002,20.850415681],[106.959962509,20.853864042],[106.960682493,20.855265202],[106.963789063,20.853631633],[106.96452941000001,20.855829168],[106.971251957,20.856265672],[106.97617050800001,20.849850132],[106.97665867900001,20.854982456],[106.978607628,20.854526317],[106.97998763000001,20.858106894],[106.980477919,20.854961869],[106.981973926,20.857433474],[106.98282789000001,20.856806023],[106.97891675600002,20.845986179],[106.981708788,20.846378111],[106.98172930100002,20.844883597],[106.98233337100001,20.847379615],[106.98378835900002,20.846721725],[106.98656072000001,20.84867878],[106.98465469100002,20.850864371],[106.98775337500001,20.851709916],[106.98517088900002,20.853540546],[106.98541617200001,20.857709347],[106.98737113400001,20.856951257],[106.98813747800001,20.858809018],[106.997099141,20.855711438],[106.99061529700002,20.85969467],[106.990546476,20.861321665],[106.99312343000001,20.860594017],[106.99416083000001,20.86171798],[106.99859950100002,20.860002253],[107.000861276,20.857023055],[107.00249566600002,20.858000563],[107.00501151700001,20.854849213],[107.000102182,20.847846113],[107.00010631300002,20.844365409],[107.00391105000001,20.84717896],[107.00354526600002,20.84954735],[107.00571551800002,20.852332473],[107.01061547700002,20.840200834],[107.016289111,20.839344645],[107.01297854300002,20.841343427],[107.01092123600002,20.845169883],[107.01330326300001,20.84715337],[107.00838501400001,20.851318905],[107.00833993700002,20.85488667],[107.011650857,20.856074486],[107.01376501100002,20.854813529],[107.01280170900002,20.856018604],[107.00889456100002,20.857333476],[107.007878278,20.86168812],[107.00915731300002,20.86037597],[107.01114901500002,20.861363007],[107.01133210000002,20.85990859],[107.01489402500002,20.859683379],[107.01547785900001,20.861880765],[107.016572949,20.859132558],[107.02068688500002,20.858158111],[107.017976224,20.861146361],[107.01899747300001,20.861848749],[107.021228481,20.860177364],[107.02281592300001,20.86212321],[107.02210690400001,20.858423335],[107.02429161200001,20.856282552],[107.02609621200001,20.856543286],[107.02397472900002,20.860788812],[107.024944857,20.862535157],[107.027345777,20.859743078],[107.027903375,20.862204029],[107.031164122,20.859453449],[107.03495625,20.861861765],[107.03456642700002,20.860183805],[107.03622642700002,20.858787025],[107.036469245,20.860861512],[107.03730096800001,20.859371099],[107.03682271000001,20.853534839],[107.03929297300002,20.854807327],[107.04039394700001,20.849577384],[107.043130012,20.850559865],[107.04364920700002,20.84701466],[107.04648905000002,20.847911333],[107.0454334,20.845028852],[107.04642225500001,20.84002109],[107.04407758500001,20.837492426],[107.04339306000001,20.827597626],[107.040800763,20.827799729],[107.037596657,20.832237605],[107.03686618700002,20.830051434],[107.043602235,20.825259324],[107.04603937600001,20.820699584],[107.04505272800002,20.816573316],[107.04677464500001,20.814136411],[107.05211216900001,20.813206646],[107.04679040700002,20.81886815],[107.05181406100002,20.821607099],[107.05354781100002,20.821233904],[107.05496135100002,20.823281049],[107.054555371,20.825299443],[107.05342803900001,20.825031142],[107.05114430000002,20.821937297],[107.04957758600001,20.824382501],[107.047211544,20.824692694],[107.04606647400001,20.830626424],[107.04817827200002,20.832483877],[107.048166422,20.834482831],[107.05052199600001,20.834862335],[107.04820213100001,20.826758048],[107.05013479900002,20.825520799],[107.05467203300002,20.828690038],[107.05427593400002,20.831653539],[107.056089018,20.830639876],[107.05673848300002,20.833257],[107.060207235,20.833337392],[107.06087047500002,20.830204347],[107.058362513,20.831150379],[107.05664465000001,20.828693727],[107.059550733,20.828588383],[107.06108618600001,20.825881342],[107.05811336,20.825658741],[107.056898341,20.821646285],[107.06244456000002,20.823000254],[107.06054103800001,20.820663348],[107.05836306300002,20.820630739],[107.06021554500002,20.819211412],[107.059947551,20.816937084],[107.06207566000002,20.818355514],[107.065774145,20.817359973],[107.06276457500002,20.819004669],[107.06299208500002,20.820140749],[107.06467297400002,20.819873907],[107.06356897200001,20.822188407],[107.066748482,20.820635639],[107.068546679,20.817080024],[107.06935344400001,20.817680686],[107.06772360500001,20.813908188],[107.06469347300002,20.812676773],[107.06903048800001,20.812765342],[107.07081788300002,20.810712728],[107.07180717700001,20.811886542],[107.06926219700001,20.814194913],[107.07345136500001,20.819885395],[107.07185594100001,20.821384009],[107.07634145800002,20.822257146],[107.07543644800002,20.823606565],[107.07656366400002,20.824367733],[107.07725088300002,20.821248265],[107.07887113400001,20.82293096],[107.08201632200002,20.821624753],[107.07957261300001,20.820398233],[107.07920553500001,20.818653301],[107.080536039,20.820140032],[107.08193602900002,20.818502767],[107.084328295,20.819612585],[107.08604949600002,20.817290464],[107.09085060900001,20.81664495],[107.08942838800002,20.815300462],[107.09143889900001,20.812704784],[107.09189341500002,20.807216514],[107.093252024,20.808925744],[107.09459235400001,20.808404534],[107.09305982900001,20.809914293],[107.09393983900002,20.810842707],[107.10124570500001,20.807289965],[107.09861942600001,20.806420626],[107.099683257,20.80364846],[107.097927178,20.800361996],[107.100681911,20.801467889],[107.10126475400001,20.8031731],[107.10283492600001,20.802218758],[107.101252646,20.800664946],[107.10343251200001,20.80051461],[107.10406524800001,20.805345292],[107.10711558500002,20.802232761],[107.10648148400001,20.800752856],[107.10901746400002,20.798801575],[107.10978641400001,20.795622057],[107.10969401800001,20.793693507],[107.10796726600002,20.792830661],[107.11010019000001,20.791853907],[107.10866438300002,20.786652981],[107.10748780900002,20.787760544],[107.10858163300001,20.790152104],[107.10570635000002,20.790795825],[107.107307301,20.794046731],[107.10596961700001,20.795213694],[107.10503302900001,20.793247554],[107.101854677,20.792811214],[107.10001368000002,20.796294497],[107.09927230100001,20.794563677],[107.09830435100001,20.795069976],[107.09971166800001,20.792732895],[107.097398405,20.792019509],[107.09698941500001,20.795694463],[107.09086812900001,20.797984587],[107.09134749200001,20.799775709],[107.088076631,20.79960644],[107.090686235,20.800553811],[107.08792799400001,20.802023201],[107.090007162,20.80369976],[107.09126608200002,20.803037807],[107.08994513700002,20.805801689],[107.08639967,20.802935547],[107.08374477900001,20.803471768],[107.08396288700001,20.801339314],[107.08039574100002,20.803873704],[107.07989287500001,20.806988868],[107.07797659300002,20.806508163],[107.07871911200002,20.803551727],[107.08116432100002,20.803189329],[107.08040556700001,20.800907189],[107.08404146,20.800435223],[107.08271091400002,20.797722651],[107.08575739100002,20.798474724],[107.086210563,20.796529663],[107.09097561800002,20.794056691],[107.092821803,20.793862978],[107.09453477900001,20.795734207],[107.09355692900002,20.793321718],[107.09563288100001,20.789645373],[107.093695515,20.789821083],[107.09507773900002,20.787855187],[107.09727007300002,20.788218208],[107.09503718600001,20.785279106],[107.09672843100002,20.784849683],[107.09964671800002,20.780002987],[107.10165194800001,20.779997498],[107.10201386100002,20.777311934],[107.096840592,20.780902502],[107.09529925800001,20.77975191],[107.09686699900001,20.779884821],[107.09767494300002,20.77804006],[107.09596978600001,20.777100599],[107.09403529100001,20.780394889],[107.09214629000002,20.779676238],[107.093568478,20.775846354],[107.09007695600002,20.779425867],[107.08918988500001,20.777363842],[107.088181032,20.778564679],[107.08752477700001,20.77712748],[107.08508747800002,20.777290199],[107.08424965000002,20.780285823],[107.082362666,20.781183424],[107.08574084800001,20.782207352],[107.082118031,20.784333474],[107.08270477700002,20.785495865],[107.08524971800001,20.78506558],[107.085534961,20.789427731],[107.08365150000002,20.786148589],[107.07660991600001,20.789602534],[107.07848439800001,20.786718356],[107.08101538800001,20.786584562],[107.080946491,20.784753744],[107.07942183100002,20.785046457],[107.08147936700001,20.784298512],[107.08178973600002,20.781823619],[107.078443872,20.783146286],[107.08138207300001,20.780050367],[107.08028213800002,20.779354608],[107.07739584,20.781429806],[107.07744298800002,20.785360455],[107.07439316000001,20.787579808],[107.07578405200002,20.7887074],[107.07479908300002,20.791835704],[107.07402457300002,20.788718835],[107.07270265400001,20.78921356],[107.070316646,20.795797697],[107.06404588600002,20.803014638],[107.06638962900001,20.803973079],[107.06290797200002,20.807131493],[107.06301811500002,20.815229037],[107.060308122,20.814841573],[107.059188172,20.816847966],[107.056946335,20.815380207],[107.05504327800001,20.818226433],[107.05672995700002,20.81971054],[107.053891438,20.820575044],[107.05303198500002,20.818064888],[107.05143076200001,20.81789841],[107.05599292900001,20.813984912],[107.053906308,20.812095094],[107.05710159300001,20.809604593],[107.057173063,20.807610797],[107.06185062500002,20.80572773],[107.06174474200002,20.804429635],[107.060554046,20.804668697],[107.06303890600002,20.802255082],[107.06218793700002,20.800370082],[107.064992412,20.800101928],[107.065483373,20.798585356],[107.063021595,20.797175206],[107.06587441,20.793965775],[107.06190865300002,20.792811911],[107.06844615800001,20.793377926],[107.071827127,20.786674528],[107.07486126500001,20.785367853],[107.07395205400002,20.784548388],[107.07302215700001,20.785634331],[107.07285377800001,20.782803228],[107.07093336400001,20.784311337],[107.069413816,20.782883842],[107.06642061200002,20.784522039],[107.05850743600001,20.783151806],[107.05656445400001,20.785314597],[107.05683587800002,20.781589214],[107.052626286,20.781571255],[107.05594117500002,20.779528791],[107.05668105100001,20.781278461],[107.058196625,20.780127067],[107.055058252,20.776803904],[107.05872445700001,20.779622478],[107.059918437,20.782714816],[107.063421407,20.783434748],[107.06508472400002,20.783238934],[107.06477086900001,20.780390058],[107.06720445200001,20.782256],[107.06924153400001,20.782055643],[107.069587237,20.7807522],[107.07269795500001,20.782404646],[107.07359117000001,20.780547478],[107.06930562200002,20.779524584],[107.07250448,20.779642382],[107.073644471,20.778368258],[107.06911337800001,20.775697247],[107.06858036900002,20.777335238],[107.065108214,20.773899179],[107.06337684700001,20.775961696],[107.06570777800002,20.776383159],[107.06766938800001,20.779798307],[107.06250111700001,20.778356054],[107.06226882500002,20.781885656],[107.06037933800002,20.779192402],[107.06085859500001,20.777408613],[107.05847310900002,20.777554532],[107.05808086600001,20.775419739],[107.05267213400002,20.774595432],[107.04966525400002,20.776761111],[107.04943943,20.778874055],[107.04936626000001,20.775377442],[107.05215745800001,20.774152175],[107.049267436,20.774597099],[107.04850632700001,20.773189596],[107.046036049,20.77436213],[107.04493787700001,20.771825301],[107.042694108,20.772848536],[107.044951186,20.770496505],[107.043915135,20.769483059],[107.046230832,20.771487534],[107.047448549,20.770955253],[107.047958051,20.772561166],[107.051818519,20.77096169],[107.05361079,20.767638184],[107.056028785,20.768752231],[107.057790108,20.766601476],[107.04999387200002,20.765356242],[107.04895819,20.762437816],[107.04649922000002,20.766365188],[107.04570616200002,20.762203069],[107.04313556600002,20.765154798],[107.04525816600001,20.767855256],[107.04163785900002,20.766090938],[107.04185085800002,20.771510512],[107.03815975900001,20.772199185],[107.035945804,20.777393473],[107.038107249,20.777572981],[107.04048457000002,20.7745064],[107.04306192300001,20.775120652],[107.035213862,20.77970791],[107.036479268,20.784274703],[107.032349636,20.787137433],[107.03403801700001,20.776009428],[107.03313781300001,20.773128297],[107.03557987600001,20.772171279],[107.03551337400002,20.769915249],[107.03837484800002,20.767350977],[107.03786728700001,20.765491084],[107.03919699900001,20.766354531],[107.04129440900002,20.765245228],[107.044018938,20.761002151],[107.04358605700001,20.758916639],[107.04866639900001,20.75619885],[107.04942363200001,20.75347394],[107.05177516200001,20.754305506],[107.05856416300001,20.751332622],[107.06126739500002,20.75246279],[107.065890719,20.747854677],[107.068717376,20.747752321],[107.06749042300001,20.746438457],[107.07137558500001,20.746333073],[107.07003451800001,20.743115524],[107.07251823100002,20.741463867],[107.071710664,20.738552593],[107.06923244500001,20.739080607],[107.06963154600001,20.736760502],[107.06513229,20.735954886],[107.06596161700001,20.738182122],[107.06316732400002,20.738352477],[107.06633438000001,20.739643071],[107.06760115700001,20.738172254],[107.06840445000002,20.739628017],[107.06421488500001,20.742912002],[107.06602147400001,20.742968403],[107.065057746,20.745363825],[107.06342913700001,20.744650624],[107.06036934100001,20.747461892],[107.05503748900001,20.748795764],[107.05533333900001,20.743428743],[107.06010625800002,20.737226698],[107.05653579800001,20.72796881],[107.05927611400001,20.726109214],[107.05806096500001,20.721033873],[107.05907388000001,20.719595413],[107.05527365300001,20.71940635],[107.05525115000002,20.716583284],[107.052917723,20.717832234],[107.05280224600001,20.714267846],[107.04865378400001,20.714795952],[107.04835582500002,20.711927303],[107.04605343100002,20.712003541],[107.04407200100002,20.715124041],[107.04778987400002,20.715753913],[107.04651665300001,20.717908582],[107.05012940600001,20.719056965],[107.05050799000001,20.72229396],[107.046407338,20.72581312],[107.04259734100002,20.725202933],[107.04365915600002,20.722735388],[107.041035199,20.722444807],[107.03965751400001,20.731577923],[107.03753215200001,20.728361593],[107.037017075,20.731025352],[107.03038041700002,20.731687796],[107.03121319300001,20.728174108],[107.03253545500002,20.728134649],[107.03353416800002,20.730411006],[107.03432092100002,20.7201289],[107.02565460400001,20.728702628],[107.02387520600001,20.728012382],[107.02358312000001,20.722570525],[107.017001645,20.727031662],[107.01394835700002,20.731876056],[107.016191063,20.734354855],[107.01956873000002,20.733561582],[107.01996897200002,20.734830637],[107.02012902800001,20.73202651],[107.023540937,20.729152184],[107.02264850700001,20.733259995],[107.02440737200001,20.735383531],[107.031788622,20.73423501],[107.03313473500002,20.732457015],[107.035657452,20.735197703],[107.03900484800002,20.732992599],[107.04171152300002,20.735841442],[107.04145806100001,20.738908534],[107.03835524400002,20.739650926],[107.03759381700002,20.737290501],[107.03496689200001,20.736643287],[107.02836388700001,20.740364764],[107.02548706700001,20.740729275],[107.02480927300002,20.739611461],[107.02373164300002,20.740950638],[107.02300143500001,20.739465421],[107.021426689,20.740810524],[107.01811747100001,20.73816292],[107.01543676100002,20.739153072],[107.01685254400002,20.741889868],[107.01821053600001,20.740714489],[107.02003258700002,20.741941653],[107.017560846,20.744400716],[107.01732558200001,20.74853917],[107.01856991900002,20.748531782],[107.017778262,20.745780279],[107.01975666000001,20.74523096],[107.02044897600001,20.74633097],[107.02389480900001,20.743033265],[107.01806796000001,20.751491243],[107.012100662,20.752171573],[107.01133564700001,20.749571877],[107.013510605,20.747603713],[107.011455128,20.744526638],[107.00875697500001,20.744172161],[107.006748393,20.745712925],[107.005914087,20.749992743],[107.00407672900002,20.749087987],[107.00115229200001,20.750734614],[106.99594730600002,20.74752911],[107.00015276700002,20.741180279],[106.99657742500001,20.739198402],[107.00095786300001,20.732778],[107.001282861,20.730076693],[106.999301435,20.727614778],[106.99829471000001,20.732467635],[106.99666217900001,20.733204573],[106.997226241,20.735232028],[106.99585286900002,20.735606916],[106.99662462900001,20.736684085],[106.99366162600002,20.740344734],[106.99553905400002,20.742614673],[106.99372977700001,20.745175897],[106.99020741600002,20.744213575],[106.99266405400002,20.741810492],[106.99261914000002,20.738000713],[106.98941309900002,20.74066097],[106.98929760300001,20.737440847],[106.98781216600001,20.73747654],[106.98800287700001,20.740474742],[106.98602614300002,20.743323177],[106.98677298100002,20.745863992],[106.98558651400002,20.746337874],[106.983483907,20.74366551],[106.98342228400001,20.745691027],[106.98055285200002,20.747564892],[106.98418048600001,20.748728738],[106.97889724800001,20.750606321],[106.97752250300002,20.748942375],[106.975339239,20.751688696],[106.97297407700002,20.751766436],[106.97348729700002,20.754749226],[106.971215232,20.754200814],[106.965680841,20.75921154],[106.96917053500002,20.760457457],[106.96996749700001,20.758698274],[106.972489726,20.758983809],[106.97446467800002,20.764575542],[106.96945990800002,20.769452882],[106.97121185000002,20.772885334],[106.968104398,20.773759876],[106.967747904,20.778129822],[106.96530273700002,20.779113308],[106.96506793200001,20.777460962],[106.96312520200001,20.776838623],[106.96111027,20.783413801],[106.95308199700001,20.790355513],[106.95296054700002,20.792967801],[106.92901841000001,20.795437682],[106.917925363,20.798150268],[106.91833938900001,20.803504055],[106.92380739100001,20.799392346],[106.927733502,20.799006874],[106.92996067700001,20.800448827],[106.93118847900001,20.802804493],[106.930945774,20.807258844],[106.93507175900001,20.811070741],[106.93441502800002,20.815910564],[106.93782717500001,20.817509562],[106.94335203700001,20.817807652],[106.94483993300001,20.810042109],[106.94778165900001,20.808319357],[106.94932390100001,20.804452019],[106.946218318,20.812856148],[106.946527263,20.814110446],[106.94734920300002,20.81271589],[106.94850087700001,20.813755445],[106.94564620900002,20.8165035],[106.94834206800002,20.816873182],[106.947508917,20.818265161],[106.94580901700002,20.817998575],[106.945824478,20.819627884],[106.94866572500001,20.820562365],[106.94571681300002,20.826736805],[106.94849202400002,20.829823811],[106.94674450500001,20.831020933],[106.94549030200001,20.830174974],[106.94389412900001,20.825089087],[106.93844698100001,20.826502161],[106.94004348700001,20.827749665],[106.942190675,20.826688497],[106.94227855200002,20.831396533],[106.948302026,20.833089992],[106.94726843900001,20.834942984],[106.95125523900002,20.843793866],[106.95068671100002,20.848370738],[106.94885217800001,20.847120467],[106.94840194600002,20.844242556],[106.946636566,20.844605601],[106.94653635200001,20.845991506],[106.94436038,20.845718599],[106.94229052100002,20.849951932],[106.94391382300002,20.850616993],[106.94302536,20.852634292],[106.94503694200002,20.850645682],[106.944752309,20.848633398],[106.94791271100001,20.846191761],[106.94751894,20.849113592],[106.94999811600002,20.849431672],[106.95205032800001,20.856034273],[106.950755569,20.856503971],[106.95159756800001,20.858929056],[106.95076695000002,20.860794116],[106.94879156400002,20.860621576],[106.94930254700002,20.862237916],[106.94473090500001,20.861034218],[106.943009157,20.863488473],[106.94400288900002,20.866479147],[106.94743181000001,20.864832701],[106.94744090600001,20.867973437],[106.95201052700001,20.86706449],[106.95195048600002,20.868734652],[106.95034687000002,20.868661288],[106.95143037100001,20.871293382],[106.94962674100002,20.874849851],[106.95145521600001,20.87513069],[106.950238085,20.877157373],[106.951538968,20.878509499],[106.953943891,20.877619394],[106.95404085800001,20.874266788]]],[[[107.05750618300002,20.813205645],[107.056124847,20.814291424],[107.058138499,20.814997756],[107.059013856,20.813550173],[107.05778126900002,20.812325563],[107.05750618300002,20.813205645]]],[[[107.062514555,20.828227116],[107.061607375,20.82643238],[107.06092791400002,20.828581392],[107.062514555,20.828227116]]],[[[107.06378859700001,20.831276969],[107.066512247,20.828928579],[107.06496495400002,20.827648778],[107.06378859700001,20.831276969]]],[[[107.051777221,20.828985149],[107.05019004700002,20.831110775],[107.053461425,20.830337749],[107.051777221,20.828985149]]],[[[107.06495545100002,20.837298776],[107.06300667300002,20.837320191],[107.06449859500002,20.838883497],[107.06495545100002,20.837298776]]],[[[107.049279562,20.840948869],[107.04965075800001,20.843794705],[107.052391897,20.839406979],[107.04997912400002,20.838421882],[107.049279562,20.840948869]]],[[[107.061961765,20.848998292],[107.063713305,20.849368889],[107.06304243100001,20.847956978],[107.061961765,20.848998292]]],[[[107.05556318900001,20.849062969],[107.05614622400002,20.851675736],[107.05750896300002,20.848378531],[107.05464148000002,20.846454444],[107.051835378,20.848104589],[107.05556318900001,20.849062969]]],[[[107.05084286600001,20.848899355],[107.04966062200002,20.851098694],[107.05294153500002,20.850839139],[107.05284185300002,20.849250215],[107.05084286600001,20.848899355]]],[[[107.050351688,20.854001761],[107.05094295300002,20.855315805],[107.05411837800001,20.854959695],[107.050351688,20.854001761]]],[[[107.04553738800001,20.852689296],[107.045625752,20.85151393],[107.04303338600002,20.856437902],[107.04375631300002,20.857848284],[107.05024684000001,20.855886873],[107.04819156,20.85233962],[107.04628066500001,20.851750807],[107.04656709500001,20.853655623],[107.04553738800001,20.852689296]]],[[[107.00172334800001,20.85954594],[107.00015922000001,20.862185237],[107.00481654600001,20.858775869],[107.002716375,20.858309511],[107.00172334800001,20.85954594]]],[[[107.04864402200002,20.862624858],[107.050477928,20.862994324],[107.05439032200002,20.860478234],[107.05015536400002,20.860498963],[107.04864402200002,20.862624858]]],[[[107.03598874,20.86441058],[107.03590557200002,20.866230062],[107.037239741,20.866173726],[107.03598874,20.86441058]]],[[[106.99626365800002,20.86899971],[106.99766342500001,20.863806905],[106.99503075600002,20.864589634],[106.99417708300001,20.866655149],[106.99626365800002,20.86899971]]],[[[107.04935933300001,20.865687638],[107.04817817100002,20.866123289],[107.04906878100002,20.867919366],[107.04935933300001,20.865687638]]],[[[107.02649891800002,20.865815052],[107.02498077700001,20.869142344],[107.02904103000002,20.866438943],[107.02711361100002,20.864420801],[107.02649891800002,20.865815052]]],[[[107.03237581300002,20.866320074],[107.03186125600001,20.868882412],[107.03381725500002,20.865173505],[107.03150377000001,20.865854836],[107.03237581300002,20.866320074]]],[[[107.01211125000002,20.86980504],[107.01177301700001,20.865855135],[107.01400182800002,20.865203416],[107.014550546,20.863499172],[107.010465003,20.865937516],[107.00854279200001,20.864597404],[107.00391027900001,20.872470127],[107.009688718,20.868426135],[107.01093499600002,20.872633464],[107.00878354000001,20.87017916],[107.00773898000001,20.873966613],[107.009301184,20.876874556],[107.011688751,20.875617889],[107.01397967100002,20.877824802],[107.01535984700001,20.875999062],[107.01202165100001,20.87380458],[107.01376045600001,20.872086423],[107.01211125000002,20.86980504]]],[[[107.030750773,20.872283823],[107.03415524600001,20.869910538],[107.031842785,20.869217633],[107.030750773,20.872283823]]],[[[107.04450609900002,20.873383546],[107.044775021,20.874284382],[107.041428077,20.872376758],[107.047160915,20.869206813],[107.045069085,20.865205779],[107.04207855700001,20.865894349],[107.04265959400001,20.869260358],[107.040361595,20.869440389],[107.04036560900002,20.867361165],[107.03801746100001,20.868127426],[107.038328278,20.872131464],[107.03686500600001,20.873083018],[107.03752745100002,20.874611981],[107.039179427,20.873386917],[107.039956462,20.876270399],[107.045715635,20.875026386],[107.04580562500001,20.872192795],[107.04444384300001,20.871154415],[107.04450609900002,20.873383546]]],[[[107.02437924100002,20.874211725],[107.02408098100001,20.870591705],[107.02209029,20.869813501],[107.02437924100002,20.874211725]]],[[[107.019752171,20.872070125],[107.01810205500001,20.868060065],[107.01274255000001,20.869307113],[107.01356295300002,20.870959572],[107.016402417,20.870621815],[107.01746538600001,20.876431229],[107.01785506800002,20.873849623],[107.021432505,20.872729673],[107.019752171,20.872070125]]],[[[107.06793252100002,20.87257563],[107.06447011700001,20.86687844],[107.06279653100002,20.868826628],[107.06063312600001,20.867798319],[107.05724848500002,20.874843512],[107.05926030900001,20.877696307],[107.05923895300002,20.87613002],[107.06204898800002,20.875162225],[107.06000135300002,20.873228657],[107.06100222500001,20.870158814],[107.06354148600002,20.87286976],[107.06793252100002,20.87257563]]],[[[107.03410563700001,20.874370811],[107.03388869200002,20.871834869],[107.03377711400002,20.877119027],[107.03410563700001,20.874370811]]],[[[107.00427616700001,20.876624168],[107.00645701300002,20.877572368],[107.00780764500001,20.876008802],[107.00558720700002,20.876260967],[107.00551150400001,20.874748908],[107.00427616700001,20.876624168]]],[[[107.038728559,20.876621219],[107.03331140700001,20.879395357],[107.032722063,20.877332484],[107.0292861,20.875340976],[107.03131068000002,20.882731148],[107.03344991700001,20.880748617],[107.037263195,20.88393991],[107.03706366300001,20.8810443],[107.03906674800001,20.880869987],[107.04034535900001,20.877542736],[107.038728559,20.876621219]]],[[[106.991830582,20.879015687],[106.99046254600002,20.880560738],[106.99285382300002,20.8817111],[106.99466035600001,20.878995248],[106.99269905800001,20.880083553],[106.991830582,20.879015687]]],[[[106.99368264700001,20.883807111],[106.98927460100002,20.887668713],[106.98905115300002,20.878809925],[106.98739671800001,20.880909832],[106.98609224000002,20.879170211],[106.98864417900002,20.876295318],[106.995441671,20.877507131],[106.996569352,20.869911046],[106.99378844200001,20.871597941],[106.99061282200002,20.869679598],[106.989824765,20.872684437],[106.98860208600001,20.871069212],[106.98596016800002,20.871150026],[106.98540321000002,20.8694018],[106.97992651700001,20.871157403],[106.97981558500001,20.874906291],[106.98360547800002,20.872781698],[106.982790402,20.875774274],[106.98581797800001,20.878609387],[106.981759058,20.878556159],[106.98036497900002,20.886268154],[106.97839764600002,20.886917612],[106.97828753600001,20.888698684],[106.98296212600002,20.888845069],[106.98297031100002,20.887441184],[106.98116516300001,20.88823923],[106.98109308900001,20.886811263],[106.98714251800001,20.885396965],[106.98613124700002,20.883969289],[106.98313312600001,20.884254824],[106.98283569400002,20.882910429],[106.987392362,20.882149001],[106.98796343200002,20.884135851],[106.98679015300002,20.889590277],[106.98807270400002,20.889663043],[106.98831620700001,20.887880419],[106.99079090600002,20.891285946],[106.99550043200001,20.888009707],[106.99368264700001,20.883807111]]],[[[107.01299264100001,20.882009273],[107.01477001900001,20.882196471],[107.01537189900002,20.879087558],[107.01201097600001,20.879939009],[107.01299264100001,20.882009273]]],[[[107.02675024900002,20.881955985],[107.027640591,20.882638911],[107.02769747600001,20.880531238],[107.02675024900002,20.881955985]]],[[[106.99292673600002,20.8831767],[106.99121677500001,20.883096396],[106.99010197900002,20.885616072],[106.99292673600002,20.8831767]]],[[[107.02269080900001,20.885994758],[107.02397311700001,20.885904272],[107.02394335400001,20.883684121],[107.02269080900001,20.885994758]]],[[[107.00945391700002,20.896100816],[107.01238254700002,20.883673602],[107.01141092200001,20.882351698],[107.009603034,20.88320632],[107.01059517800002,20.886069651],[107.008879102,20.888818905],[107.00520105800001,20.883349844],[107.00519532000001,20.879581946],[107.00372607000001,20.879203666],[107.00139568300001,20.881262764],[107.00413223800001,20.882378306],[107.00278840900002,20.884760232],[107.004555695,20.885492423],[107.00152019200002,20.886757677],[107.00174077200002,20.891541173],[107.006272812,20.890593175],[107.00639715200002,20.89611281],[107.00711443100002,20.894503041],[107.00945391700002,20.896100816]]],[[[107.01757980600001,20.88993435],[107.01858151300002,20.889426878],[107.01564500300002,20.888012169],[107.01548575900001,20.889576015],[107.01757980600001,20.88993435]]],[[[106.99641850400002,20.888788647],[106.99638913500002,20.89060643],[106.99755285600001,20.889765607],[106.99832045,20.893291185],[106.99984983300001,20.893849848],[106.99812255700002,20.886412396],[106.99610133000002,20.887012568],[106.99641850400002,20.888788647]]],[[[106.99776367100002,20.893598479],[106.995624677,20.893372803],[106.996741147,20.895014298],[106.99776367100002,20.893598479]]],[[[107.019076737,20.89704494],[107.01798640900002,20.895516262],[107.017551351,20.897278139],[107.01933723700002,20.899372258],[107.019076737,20.89704494]]],[[[107.01324562300002,20.895321158],[107.01128757300002,20.897495383],[107.013914276,20.899615513],[107.01356479800002,20.90205749],[107.01544632,20.899884232],[107.01261803100002,20.89697784],[107.01546580100002,20.895617709],[107.01324562300002,20.895321158]]],[[[107.00729360600002,20.89886883],[107.00850473800001,20.897994237],[107.00673482000002,20.897082798],[107.00572030200001,20.901253478],[107.00729360600002,20.89886883]]],[[[107.013059921,20.903575204],[107.01123685800002,20.904503901],[107.009762187,20.903428835],[107.01022318800001,20.908404056],[107.01339324800001,20.907848314],[107.013059921,20.903575204]]],[[[107.022937307,20.911838187],[107.02347480300001,20.906295968],[107.022341859,20.904801332],[107.024721569,20.903999743],[107.02277334400002,20.903172135],[107.02406820700001,20.901378121],[107.021483466,20.902259418],[107.02111852000002,20.899634276],[107.01938785700001,20.899654742],[107.01903006,20.905932567],[107.017389105,20.903268046],[107.0175477,20.906296015],[107.01580682300002,20.906572293],[107.01662812100001,20.904798094],[107.01494264100002,20.904996052],[107.01389689000001,20.908368089],[107.01646697900001,20.909822976],[107.01755389400002,20.907914162],[107.01626290100002,20.912158673],[107.01745822600002,20.914588904],[107.01968791100002,20.91048544],[107.02083847700001,20.910336563],[107.02069315900002,20.913313938],[107.022937307,20.911838187]]],[[[106.99227051600002,20.926157456],[106.994126496,20.923385384],[106.99328178700002,20.915711622],[106.99131873200001,20.917210683],[106.99127114200002,20.922314626],[106.98991485000002,20.922302729],[106.988547155,20.914294108],[106.97824408900001,20.914389286],[106.977197126,20.918267808],[106.980647345,20.924097487],[106.978423129,20.92508539],[106.97635254100001,20.931563499],[106.97291382700001,20.935649866],[106.98119552800001,20.939195638],[106.98713088,20.937079182],[106.98922480600001,20.938494961],[106.987963692,20.941100471],[106.99150908800002,20.941409801],[106.99605385900001,20.937281436],[106.997124616,20.931737292],[106.99227051600002,20.926157456]]],[[[107.02454359600002,20.941002056],[107.02596897300002,20.94181207],[107.02485908700001,20.940075389],[107.02454359600002,20.941002056]]],[[[107.068205673,20.696820846],[107.066928337,20.695890137],[107.06770040700002,20.697823795],[107.068205673,20.696820846]]],[[[107.07489756100001,20.702360244],[107.073480056,20.701971075],[107.07448704600002,20.704495746],[107.07689339500001,20.704282798],[107.07693404800001,20.702787894],[107.07489756100001,20.702360244]]],[[[107.06783395600002,20.711587818],[107.063813719,20.71208693],[107.065183204,20.715975314],[107.06659664800002,20.715327078],[107.06522787100002,20.712917676],[107.06742728600001,20.713017592],[107.06783395600002,20.711587818]]],[[[107.08035224400001,20.721662134],[107.07860021000002,20.725014622],[107.082312862,20.71927671],[107.08035224400001,20.721662134]]],[[[107.07024609200002,20.726261241],[107.07080952800001,20.723728313],[107.06876057200002,20.724803391],[107.06877462300001,20.726787047],[107.07024609200002,20.726261241]]],[[[107.079186262,20.729654289],[107.08144731700001,20.72399172],[107.076699282,20.728976143],[107.07999444100001,20.731961794],[107.08178053200001,20.729522856],[107.079186262,20.729654289]]],[[[107.068520966,20.730844973],[107.069380687,20.729100207],[107.06774046400001,20.728906925],[107.06770852200002,20.731706695],[107.068520966,20.730844973]]],[[[107.066025875,20.729521505],[107.06526450500002,20.7278411],[107.06742381900001,20.72811395],[107.06736047200002,20.726270666],[107.06197937300001,20.727252139],[107.06160955300001,20.728626743],[107.06382580000002,20.729063656],[107.06220436100001,20.730133986],[107.06464277300002,20.730805254],[107.061937131,20.733021735],[107.06361213500001,20.734691099],[107.06583099,20.732490825],[107.06719800800002,20.735255905],[107.06973386000001,20.73584348],[107.06658928300001,20.732327217],[107.066025875,20.729521505]]],[[[107.069199929,20.733237619],[107.06788214500001,20.732989984],[107.06905298900001,20.734313738],[107.069199929,20.733237619]]],[[[107.08033372000001,20.735325744],[107.080754792,20.737097231],[107.08427292200001,20.734056602],[107.08476650500002,20.731571986],[107.08311658400001,20.73143604],[107.08033372000001,20.735325744]]],[[[107.07831546100002,20.739505234],[107.075369336,20.741132213],[107.07469367800002,20.74347932],[107.0772818,20.741279683],[107.07947561300001,20.741322145],[107.07831546100002,20.739505234]]],[[[107.071743906,20.744097403],[107.07316604300001,20.744587903],[107.072594433,20.742995103],[107.07068582700002,20.744167583],[107.071743906,20.744097403]]],[[[107.07336035000002,20.756393007],[107.075023529,20.757561318],[107.074438061,20.754750145],[107.07614052800001,20.753938042],[107.077357782,20.754601726],[107.07645750800002,20.756468741],[107.07792661,20.756632112],[107.08217176200002,20.751861115],[107.07976090200002,20.750090708],[107.080323618,20.748601232],[107.082565127,20.749101142],[107.086443427,20.745539145],[107.08191543900001,20.746307033],[107.08210262300001,20.747696862],[107.07834804500001,20.748795796],[107.07907911500001,20.750347996],[107.07735374900001,20.751670394],[107.07989490700001,20.752420625],[107.07840549,20.754283493],[107.076274409,20.750993033],[107.074316101,20.753302992],[107.07199738500002,20.752549993],[107.07271468300002,20.754012725],[107.07014533800002,20.756047023],[107.071039026,20.758990305],[107.07365015,20.758245732],[107.07336035000002,20.756393007]]],[[[107.066072974,20.75728101],[107.06512405900001,20.75938478],[107.06972538300002,20.75736599],[107.066072974,20.75728101]]],[[[107.07972411500002,20.75948485],[107.07745867700001,20.760216575],[107.08084558000002,20.760775327],[107.08185086400002,20.758716132],[107.07972411500002,20.75948485]]],[[[107.07395488200001,20.760867063],[107.07494276300001,20.760361752],[107.07344112500002,20.760067819],[107.07395488200001,20.760867063]]],[[[107.06828929200002,20.761414401],[107.070845688,20.760908548],[107.06979208000001,20.759135632],[107.06014056100001,20.761373453],[107.06415867000001,20.76249239],[107.06828929200002,20.761414401]]],[[[107.085623522,20.757200351],[107.085264797,20.758759603],[107.083089393,20.759304295],[107.08285520200002,20.763256142],[107.07926313900002,20.765669037],[107.07979086800002,20.766871983],[107.087444736,20.76141103],[107.08622440100001,20.759895611],[107.08801094300001,20.757775971],[107.085623522,20.757200351]]],[[[107.073484801,20.762479563],[107.07132348700002,20.764112107],[107.07360920300002,20.763774264],[107.073484801,20.762479563]]],[[[107.07628803700001,20.763414215],[107.07568801300002,20.764421863],[107.078261054,20.764558425],[107.07979807600002,20.762829249],[107.078373714,20.762120779],[107.07628803700001,20.763414215]]],[[[107.09753669000001,20.766677633],[107.09702644600002,20.765340271],[107.09614363700001,20.766943409],[107.09753669000001,20.766677633]]],[[[107.08010044800001,20.768767612],[107.08133936800002,20.767991585],[107.07392218200002,20.764179348],[107.07545606300002,20.769386084],[107.07666971300002,20.767836557],[107.08010044800001,20.768767612]]],[[[107.08617436800002,20.773947065],[107.08590914400001,20.770041203],[107.08776853900001,20.768570801],[107.08844174300002,20.76964851],[107.08672550300001,20.771026703],[107.08774284400002,20.773348841],[107.09079563000002,20.771275797],[107.08963173500001,20.774728422],[107.09393940500001,20.773029037],[107.09410255200001,20.771262584],[107.09121050600001,20.771388217],[107.093071508,20.769347798],[107.09213511700001,20.768019946],[107.09061097400001,20.769739678],[107.090638749,20.767920515],[107.089466459,20.767952933],[107.091469599,20.766109813],[107.09494891500002,20.769551092],[107.09621881200002,20.769264076],[107.09134908300001,20.76539632],[107.09346910200001,20.764719007],[107.087883063,20.763266789],[107.08320132800002,20.766065386],[107.084017197,20.769828774],[107.08250859200001,20.769883377],[107.08167858300001,20.77315096],[107.07918759800002,20.774131241],[107.07937392800001,20.77615586],[107.08617436800002,20.773947065]]],[[[107.09958735600001,20.769628345],[107.09780172500001,20.767516311],[107.097840888,20.771091527],[107.096067009,20.77243006],[107.100633951,20.774046689],[107.10115994700001,20.771464312],[107.09958735600001,20.769628345]]],[[[107.068285291,20.770960969],[107.06664520000001,20.771573243],[107.06824574,20.771975747],[107.067923504,20.774560484],[107.06927897700001,20.774984166],[107.07149044400002,20.771675492],[107.07078879200002,20.770298175],[107.068285291,20.770960969]]],[[[107.07821123500001,20.77315721],[107.07571105000001,20.774207803],[107.074054775,20.771994252],[107.076194901,20.771030839],[107.07549089500002,20.770248897],[107.07311116500001,20.770829176],[107.071468601,20.773551303],[107.07343526400001,20.776321691],[107.07821123500001,20.77315721]]],[[[107.09928553400002,20.775162708],[107.09794994200001,20.775053524],[107.09829051000001,20.776251192],[107.09928553400002,20.775162708]]],[[[107.100239295,20.783633455],[107.10163252900001,20.781248683],[107.09939734500001,20.782830199],[107.100239295,20.783633455]]],[[[107.10432446400002,20.789699986],[107.10188411900002,20.789100092],[107.099703395,20.79065883],[107.101335798,20.792055932],[107.101390676,20.790975061],[107.10443289200002,20.791042784],[107.10432446400002,20.789699986]]],[[[107.10430363000002,20.805926753],[107.10075991200002,20.803565114],[107.10286400900002,20.807027772],[107.10430363000002,20.805926753]]],[[[107.10456137000001,20.808780875],[107.09986785500001,20.811097244],[107.09975647600001,20.814319696],[107.10456137000001,20.808780875]]],[[[107.06970379600001,20.823288174],[107.071307466,20.824132839],[107.07141997200002,20.821812406],[107.06951647800001,20.822094917],[107.06970379600001,20.823288174]]],[[[107.07344858400002,20.825300744],[107.06675559000001,20.822468567],[107.06511546100002,20.825168785],[107.066721529,20.825875942],[107.067812845,20.824316904],[107.07170066800002,20.827971892],[107.07469940500002,20.826752185],[107.074996026,20.825646171],[107.073753801,20.826389447],[107.07344858400002,20.825300744]]],[[[107.08676493100002,20.826717164],[107.086268795,20.829704034],[107.08786102200001,20.830839691],[107.087375309,20.827795798],[107.08916230400001,20.826962172],[107.08791945700001,20.825759692],[107.08676493100002,20.826717164]]],[[[107.08233706000001,20.835093298],[107.08750721500002,20.833220663],[107.08580761300001,20.830192187],[107.08198354600002,20.829767096],[107.07823338400001,20.833870878],[107.07596281200001,20.833481609],[107.07227946300002,20.836518707],[107.073638705,20.838562804],[107.07757639200001,20.838748669],[107.078856006,20.840093171],[107.08233706000001,20.835093298]]],[[[107.09748482200001,20.855313417],[107.09966082000001,20.849777776],[107.10159064800001,20.8499066],[107.10207626400002,20.84833755],[107.09797448200001,20.849646036],[107.09725569600002,20.846109247],[107.10136898800002,20.844905564],[107.10001036100002,20.842062968],[107.104878143,20.842584509],[107.10204525300001,20.832955003],[107.10531769300002,20.833334226],[107.10612238400002,20.835745124],[107.11097861200001,20.833998371],[107.10518629,20.831181868],[107.10662218800002,20.829372323],[107.11112914800002,20.82950745],[107.108917114,20.82804782],[107.10888075400001,20.826170689],[107.098908738,20.830106203],[107.09534123000002,20.833235434],[107.101130691,20.838812617],[107.09917772500002,20.838604511],[107.09872845900001,20.841858277],[107.09631603900002,20.84219718],[107.096384682,20.844132529],[107.09831689200001,20.84436394],[107.09610047400001,20.845467133],[107.092164742,20.844896035],[107.09316998400001,20.842515041],[107.09110637900001,20.839411809],[107.091025521,20.835118908],[107.08970530600001,20.836506514],[107.09049528500002,20.837868363],[107.08821843600002,20.836105591],[107.08527431700001,20.838211391],[107.085235366,20.839794109],[107.08767781700001,20.840317136],[107.08358683700001,20.840938804],[107.08356620700002,20.844589422],[107.08508998500001,20.846191127],[107.087522102,20.845951822],[107.08600768300002,20.845036269],[107.087334483,20.844124189],[107.08939685300001,20.845033044],[107.09095718300001,20.84412766],[107.09156932300002,20.845835786],[107.08779053300002,20.850694997],[107.08945694700002,20.852313966],[107.093048836,20.85082139],[107.09111795900002,20.852817932],[107.09206980400002,20.855546658],[107.093346453,20.853257695],[107.095863203,20.853264997],[107.09590870500001,20.858010865],[107.10062131,20.857562284],[107.09748482200001,20.855313417]]],[[[107.07732699400002,20.846525328],[107.07838245300002,20.848352287],[107.078458667,20.846582293],[107.07732699400002,20.846525328]]],[[[107.07529048200001,20.848295443],[107.07417291100002,20.84743628],[107.07240634400002,20.850571162],[107.07472272000001,20.850873311],[107.07529048200001,20.848295443]]],[[[107.08410394000002,20.849556428],[107.084832513,20.851363751],[107.08564225500001,20.84993869],[107.08410394000002,20.849556428]]],[[[107.08056999700001,20.852076128],[107.082016746,20.853119957],[107.08197175100001,20.851681649],[107.08056999700001,20.852076128]]],[[[107.10085452900002,20.853472244],[107.10009488000001,20.855060546],[107.10308881700001,20.856491152],[107.10305767100002,20.85180228],[107.10085452900002,20.853472244]]],[[[107.092598042,20.856373889],[107.09126566000002,20.856170942],[107.09150183500002,20.858221359],[107.092598042,20.856373889]]],[[[107.09241343900001,20.859178355],[107.09115667200001,20.85928898],[107.09233217100001,20.860627945],[107.09241343900001,20.859178355]]],[[[107.08546126200001,20.85788569],[107.08373268100001,20.860191034],[107.084995485,20.861929721],[107.08819835300001,20.859361588],[107.08573879200001,20.859085668],[107.08546126200001,20.85788569]]],[[[107.070776652,20.861228801],[107.06821107800002,20.861289903],[107.06903976000001,20.857377935],[107.06682352700001,20.857163898],[107.06658712200002,20.860989969],[107.063462897,20.860064401],[107.06399279100002,20.864805408],[107.06493681100001,20.865818241],[107.06903450900002,20.865196434],[107.07257677600002,20.861508231],[107.07120914200001,20.860018481],[107.070776652,20.861228801]]],[[[107.09467376700002,20.860982324],[107.091716755,20.862141768],[107.092163495,20.863730639],[107.09467376700002,20.860982324]]],[[[107.085763635,20.862602988],[107.08245520100002,20.864866448],[107.08278825500001,20.866502333],[107.08447665800001,20.865023953],[107.087827662,20.865821385],[107.085763635,20.862602988]]],[[[107.10344929900002,20.912898544],[107.10184599700001,20.912259052],[107.10277089600001,20.913667354],[107.10344929900002,20.912898544]]],[[[107.09786320900001,20.917865085],[107.098743268,20.918449485],[107.09813922,20.916819971],[107.09786320900001,20.917865085]]],[[[107.10012461600002,20.92183522],[107.10129018200001,20.92395235],[107.10075452400001,20.921530041],[107.098889503,20.920412934],[107.09861651100002,20.921680405],[107.10012461600002,20.92183522]]],[[[107.08587236000001,20.924567214],[107.08574256000001,20.926653427],[107.087501838,20.923028449],[107.08563002800001,20.923110838],[107.08587236000001,20.924567214]]],[[[107.10317601400001,20.934604447],[107.10111493700002,20.933686093],[107.101318911,20.930279149],[107.09931655500002,20.928416205],[107.09911065400001,20.931688277],[107.094854257,20.930527127],[107.09604742800002,20.933647299],[107.09820327400001,20.933620799],[107.09698416900001,20.936399772],[107.099842988,20.935252279],[107.098165653,20.941239167],[107.10150946800002,20.936209277],[107.104835359,20.935055857],[107.105118196,20.932153585],[107.10317601400001,20.934604447]]],[[[107.08446682200001,20.935399311],[107.08495486800001,20.936257374],[107.08537325800002,20.934375132],[107.08446682200001,20.935399311]]],[[[107.07949146800001,20.93599629],[107.08077325100001,20.938021678],[107.08137102900001,20.935332729],[107.07996757,20.9336961],[107.07741357300002,20.934948906],[107.07960444500002,20.934981808],[107.07949146800001,20.93599629]]],[[[107.0773077,20.937617048],[107.07581059700001,20.937247909],[107.07655117100002,20.940307921],[107.0773077,20.937617048]]],[[[107.07823253300002,20.940180259],[107.077571466,20.941901891],[107.07944793400002,20.942162008],[107.08175889400002,20.938952457],[107.07823253300002,20.940180259]]],[[[107.089632531,20.941750703],[107.08645422200001,20.941364055],[107.085078242,20.937467673],[107.08364342700001,20.938509877],[107.08440009600001,20.947518517],[107.08596340200002,20.945355587],[107.08455714000002,20.943406808],[107.089632531,20.941750703]]],[[[107.09522729400001,20.943350061],[107.09653292900002,20.940227367],[107.09392034000001,20.945241877],[107.09522729400001,20.943350061]]],[[[107.09172248000002,20.943564099],[107.092434003,20.944508785],[107.09359380200002,20.943451655],[107.09172248000002,20.943564099]]],[[[107.13081267800001,20.615596567],[107.12980345000001,20.615881071],[107.130903048,20.617935452],[107.13081267800001,20.615596567]]],[[[107.14146535800002,20.61597582],[107.13992915800002,20.619970357],[107.13799660200002,20.618387672],[107.13639008400001,20.620463387],[107.13989392,20.620556174],[107.14268529600001,20.619377986],[107.14146535800002,20.61597582]]],[[[107.13593081400002,20.622532216],[107.13793864700001,20.621391599],[107.13518866200002,20.621425618],[107.13593081400002,20.622532216]]],[[[107.13462180600001,20.622446006],[107.13429532100001,20.624991123],[107.13570147400002,20.625155503],[107.13706500700002,20.623287047],[107.13530823,20.623935153],[107.13462180600001,20.622446006]]],[[[107.14136895400001,20.765156246],[107.14077246,20.763421741],[107.14389328100002,20.764192472],[107.14541021200002,20.762583103],[107.144153685,20.758637265],[107.141221654,20.758153387],[107.14066142000001,20.754448491],[107.14282643500002,20.755145023],[107.144282185,20.753564241],[107.14290930500002,20.752279158],[107.14324446300002,20.749844278],[107.14181730900002,20.75016591],[107.13989831,20.747267103],[107.13728969300001,20.752247935],[107.13774567000002,20.74963792],[107.13588127100002,20.748416674],[107.13723242800002,20.748168452],[107.136011902,20.746765653],[107.138130978,20.744192837],[107.13944663900001,20.745796966],[107.14076135200001,20.745143934],[107.14043374200001,20.742644984],[107.14398266300002,20.743237412],[107.14325507200002,20.746226988],[107.14593051800001,20.74382069],[107.14039742900002,20.740069898],[107.138684734,20.743071814],[107.13625865300001,20.743507131],[107.13668976500001,20.739132182],[107.13431192100002,20.73861192],[107.130957926,20.740939595],[107.12961055000001,20.740363058],[107.12981594700001,20.744035577],[107.13136487500002,20.744710918],[107.12910265600001,20.745867544],[107.12879652200002,20.749300438],[107.126655553,20.748111495],[107.12623470800001,20.751039438],[107.12874570600002,20.752252782],[107.12976697900001,20.755929541],[107.13196211700001,20.75656796],[107.13333163700001,20.755422375],[107.13248541500002,20.758760663],[107.13670971300002,20.761659781],[107.13677267800001,20.76337277],[107.137949344,20.761461961],[107.13896599000002,20.761959824],[107.13881802700001,20.76430632],[107.13566484000002,20.76506195],[107.140362582,20.765569605],[107.14286907700001,20.767606607],[107.144887257,20.766015091],[107.143190013,20.766822828],[107.14136895400001,20.765156246]]],[[[107.12720740200001,20.758185648],[107.127517448,20.755374836],[107.12538431100002,20.755510586],[107.12720740200001,20.758185648]]],[[[107.12942742000001,20.758704965],[107.12827895400001,20.757078735],[107.12704654,20.760557229],[107.12872118900002,20.760937479],[107.12942742000001,20.758704965]]],[[[107.12362086300001,20.759870492],[107.124319315,20.762632442],[107.12570641100001,20.761886245],[107.125342412,20.758062909],[107.12362086300001,20.759870492]]],[[[107.13072183100002,20.7638149],[107.13135179800001,20.761689873],[107.13242768500001,20.763645556],[107.13552534300001,20.763125078],[107.13541987900001,20.762009547],[107.13409296300001,20.763333133],[107.13134011400001,20.760851277],[107.13095631800002,20.757009156],[107.129768065,20.763622305],[107.12854847000001,20.765241318],[107.12641111700002,20.765085582],[107.125920715,20.767486073],[107.127995651,20.765964652],[107.13125865,20.76610658],[107.13072183100002,20.7638149]]],[[[107.10484241800002,20.772251365],[107.10609495500002,20.771055129],[107.10549814600002,20.768334637],[107.10484241800002,20.772251365]]],[[[107.131817397,20.771566846],[107.13344472000001,20.772097334],[107.13286999600001,20.770950611],[107.131817397,20.771566846]]],[[[107.13395177500001,20.77538666],[107.13532953900001,20.774057201],[107.13328220100001,20.773452765],[107.13143498900001,20.776161228],[107.13235683600001,20.77716486],[107.13630816300001,20.776118438],[107.13395177500001,20.77538666]]],[[[107.13778693400002,20.781384272],[107.13666654500001,20.782363373],[107.13886943000001,20.78273539],[107.13778693400002,20.781384272]]],[[[107.12997957700001,20.801634449],[107.12839015700001,20.800656168],[107.129226654,20.79866736],[107.125680983,20.796347629],[107.12797167700002,20.796902342],[107.12898577700001,20.793349431],[107.13124400800001,20.797903069],[107.13583079900002,20.798585244],[107.13473456200002,20.79316467],[107.13674798600002,20.79130791],[107.13442365600001,20.78918515],[107.131138626,20.79047574],[107.13104842700001,20.788789723],[107.13791505400002,20.78680877],[107.13566790100002,20.78623269],[107.13513135500001,20.784343834],[107.13346148200002,20.786187271],[107.132359575,20.783493061],[107.13022746900002,20.784790154],[107.12783108200001,20.783049314],[107.12890203500001,20.781171735],[107.13501092400001,20.783657929],[107.136002571,20.782447845],[107.13453396800001,20.778904215],[107.132282177,20.781140157],[107.13089788500001,20.779647187],[107.12936965900002,20.780530625],[107.12896789500002,20.777963047],[107.12721385000002,20.779338843],[107.12579556000001,20.777794148],[107.12670390100001,20.776179003],[107.128980347,20.777275577],[107.13104126800002,20.775646113],[107.130878265,20.76957669],[107.128170464,20.770942651],[107.12836938600002,20.772480871],[107.12659654,20.772544374],[107.12492579100001,20.771982213],[107.12369553200001,20.768826213],[107.124057535,20.77489492],[107.11960945300001,20.779460551],[107.11862203800001,20.784171024],[107.11659223800001,20.784904431],[107.11626542600001,20.790877549],[107.11859882400002,20.793630173],[107.11845077100001,20.798100932],[107.11416557200002,20.803289567],[107.11580095500001,20.806061203],[107.11383878200002,20.805463728],[107.11270690900001,20.806955256],[107.115839164,20.807436905],[107.118458509,20.806114349],[107.11993625600002,20.803994218],[107.11861219100001,20.801242798],[107.12230022000001,20.803444703],[107.12468523600002,20.798848645],[107.12645129300002,20.801492412],[107.12295403800002,20.803430832],[107.122764181,20.80570326],[107.12798893500002,20.807606446],[107.12709917200002,20.804222896],[107.13001079000001,20.80320806],[107.12997957700001,20.801634449]]],[[[107.10385966900002,20.787253909],[107.10509649600002,20.789585864],[107.10639896500001,20.787265374],[107.10385966900002,20.787253909]]],[[[107.13861588000002,20.789894118],[107.13860126100002,20.78886261],[107.13722378500002,20.789212595],[107.13792108500002,20.790901243],[107.13861588000002,20.789894118]]],[[[107.11775853400002,20.808256283],[107.115832488,20.811707269],[107.12031166000001,20.809062475],[107.12433956900001,20.808961867],[107.12180759000002,20.805819841],[107.11775853400002,20.808256283]]],[[[107.12283432900001,20.809615187],[107.120966199,20.809460611],[107.11929404100002,20.811715344],[107.121562394,20.811484124],[107.12283432900001,20.809615187]]],[[[107.12152358800002,20.812576347],[107.12261652100001,20.8133751],[107.12442345900001,20.811093294],[107.12152358800002,20.812576347]]],[[[107.12847837800001,20.815906749],[107.130557887,20.812314047],[107.128394,20.809904809],[107.127281984,20.810945972],[107.12893648100001,20.812258526],[107.12847837800001,20.815906749]]],[[[107.113563135,20.815746495],[107.11462818600002,20.81649499],[107.117771759,20.813079628],[107.11455804500001,20.813398584],[107.113563135,20.815746495]]],[[[107.12408625000002,20.815971802],[107.12373888000002,20.81435127],[107.122608362,20.81472076],[107.12322302200002,20.81806413],[107.12408625000002,20.815971802]]],[[[107.13514946700002,20.820655995],[107.13688603000001,20.820519404],[107.136525055,20.819236686],[107.13514946700002,20.820655995]]],[[[107.104720373,20.825472766],[107.10626354300001,20.825866268],[107.10723067700002,20.824333726],[107.104720373,20.825472766]]],[[[107.113730662,20.827735041],[107.11256713300001,20.828484026],[107.11326296100002,20.8299113],[107.113730662,20.827735041]]],[[[107.14002006400001,20.834381253],[107.139750454,20.828975263],[107.13842432800001,20.828538553],[107.14002006400001,20.834381253]]],[[[107.10856720200002,20.837849598],[107.11089751000002,20.837447161],[107.109769624,20.836514236],[107.10856720200002,20.837849598]]],[[[107.12342310200002,20.83861899],[107.124649779,20.839489373],[107.12578157100002,20.835024759],[107.12773534000002,20.835224877],[107.12675650300001,20.833517216],[107.12174018200001,20.8349928],[107.120490724,20.833306597],[107.117067368,20.83399202],[107.11633280600002,20.835571851],[107.118822481,20.837074436],[107.11634342100001,20.840602082],[107.11524032500002,20.838596109],[107.112938675,20.840580022],[107.116865251,20.84232539],[107.11857515800001,20.839314434],[107.12342310200002,20.83861899]]],[[[107.10825666800001,20.84223856],[107.10949919900001,20.841874358],[107.10816387800001,20.841292878],[107.10825666800001,20.84223856]]],[[[107.122700547,20.848402134],[107.12239306500001,20.850748884],[107.12535629700001,20.848990399],[107.122700547,20.848402134]]],[[[107.11482231,20.8509793],[107.115679803,20.851448344],[107.115688118,20.850015458],[107.11482231,20.8509793]]],[[[107.11634587800002,20.855125718],[107.11954137200001,20.850352618],[107.11698847200002,20.850366425],[107.115952391,20.852013372],[107.10986277700002,20.855383289],[107.11409531100001,20.85511796],[107.114770563,20.853368932],[107.11634587800002,20.855125718]]],[[[107.13770675600001,20.859211155],[107.13881996300002,20.858970607],[107.13474880900002,20.859219733],[107.13314643100001,20.861165847],[107.13041152200002,20.859868643],[107.129832739,20.861632049],[107.12751370700002,20.862000858],[107.13116196700001,20.863853319],[107.131530593,20.862177493],[107.13529875300001,20.861818904],[107.13770675600001,20.859211155]]],[[[107.11154728000001,20.872165027],[107.113160055,20.871500046],[107.112078957,20.870868343],[107.11154728000001,20.872165027]]],[[[107.11645948600001,20.871510806],[107.11648803700001,20.873548648],[107.11879671900002,20.873494325],[107.11951105300001,20.869538025],[107.11810586900002,20.869323287],[107.11645948600001,20.871510806]]],[[[107.11326382800002,20.874981754],[107.11028204500002,20.872128996],[107.11064507600001,20.874498068],[107.112703418,20.876201232],[107.11326382800002,20.874981754]]],[[[107.14192291000002,20.874883136],[107.139494006,20.873793735],[107.13994668900001,20.871032073],[107.13693322700001,20.871069843],[107.13667313700002,20.87847682],[107.14192291000002,20.874883136]]],[[[107.13503228700002,20.875958376],[107.134105927,20.872866578],[107.13152286800002,20.874991333],[107.13206848100002,20.876619372],[107.13503228700002,20.875958376]]],[[[107.12937637200001,20.878451193],[107.131149023,20.878134843],[107.130875658,20.876045621],[107.128080972,20.878009627],[107.12937637200001,20.878451193]]],[[[107.13297797000001,20.87737299],[107.13219466400001,20.878154492],[107.13414874700001,20.878359003],[107.13297797000001,20.87737299]]],[[[107.11782687400002,20.88664611],[107.118745028,20.888903172],[107.118997285,20.886782755],[107.11782687400002,20.88664611]]],[[[107.13759083200001,20.888280869],[107.13732562000001,20.887117517],[107.13655155300002,20.888060548],[107.13759083200001,20.888280869]]],[[[107.10811306,20.892376239],[107.10972105300002,20.890990341],[107.1064637,20.890789349],[107.10598936800001,20.894646589],[107.10814451700001,20.893601318],[107.10918668300002,20.894633968],[107.10811306,20.892376239]]],[[[107.12462842,20.891816754],[107.12486715900002,20.894460184],[107.12819655700001,20.893397987],[107.12615192200002,20.891268509],[107.12462842,20.891816754]]],[[[107.12940441900001,20.895078367],[107.131531253,20.895025844],[107.130633728,20.894077768],[107.12940441900001,20.895078367]]],[[[107.128484796,20.896489725],[107.12963271100001,20.895593982],[107.12733674400002,20.895415183],[107.128484796,20.896489725]]],[[[107.10615510800001,20.897311735],[107.10506975400001,20.895234266],[107.10459782800001,20.897210202],[107.10615510800001,20.897311735]]],[[[107.11831886600001,20.906952747],[107.11648286200001,20.908863091],[107.11945076700002,20.907952516],[107.11831886600001,20.906952747]]],[[[107.10759856700001,20.910336222],[107.10780245100001,20.911592037],[107.10991079000001,20.910482476],[107.10904478200001,20.904515921],[107.10759856700001,20.910336222]]],[[[107.11515939000002,20.910137905],[107.112752768,20.908559845],[107.112579101,20.912127227],[107.11515939000002,20.910137905]]],[[[107.12800288200002,20.913595823],[107.12925078500001,20.910343546],[107.12594746200001,20.907170279],[107.12800288200002,20.913595823]]],[[[107.11087997400001,20.915156547],[107.11061441800001,20.91356263],[107.10974775900002,20.916796096],[107.11087997400001,20.915156547]]],[[[107.11752558500001,20.916535918],[107.117064081,20.917800417],[107.119349753,20.916760594],[107.118236038,20.914234383],[107.11752558500001,20.916535918]]],[[[107.10925606200001,20.919673955],[107.10941948800001,20.922668685],[107.11030828100002,20.921002349],[107.10925606200001,20.919673955]]],[[[107.12841917000002,20.924866737],[107.12980492400001,20.924628143],[107.12866534100002,20.923732664],[107.12841917000002,20.924866737]]],[[[107.136837155,20.929817907],[107.13900478,20.931119306],[107.13801905800001,20.928154639],[107.136837155,20.929817907]]],[[[107.131782713,20.928257222],[107.128884667,20.928130786],[107.13640718,20.932775666],[107.13646319100002,20.93117571],[107.132912501,20.930309806],[107.131741739,20.929069644],[107.133014506,20.92826648],[107.131782713,20.928257222]]],[[[107.10627561000001,20.927555189],[107.105710693,20.93083169],[107.10725453600001,20.933306986],[107.10815133400001,20.930633065],[107.10704051800002,20.928287328],[107.108568466,20.929616715],[107.11031563400002,20.928651279],[107.10627561000001,20.927555189]]],[[[107.16856870500001,20.615393375],[107.16840181200001,20.61330445],[107.16747733100001,20.615897545],[107.16856870500001,20.615393375]]],[[[107.15029910100002,20.616356927],[107.151241088,20.613349954],[107.14704742200001,20.613592734],[107.148804124,20.617083529],[107.15029910100002,20.616356927]]],[[[107.17009043600001,20.616200451],[107.17084758000001,20.615364843],[107.16791645300002,20.617828291],[107.17009043600001,20.616200451]]],[[[107.15548566100001,20.626494437],[107.15636124500001,20.624387781],[107.15789641200001,20.626745413],[107.161663963,20.626335489],[107.15740910400001,20.624111577],[107.161974733,20.624054479],[107.16019683200001,20.620361316],[107.15508090500002,20.623198067],[107.15389105000001,20.625491754],[107.15656097500002,20.629686358],[107.15605162700001,20.628390409],[107.157494975,20.627515128],[107.15548566100001,20.626494437]]],[[[107.16000596,20.627816017],[107.16184566800001,20.627864596],[107.16088495600002,20.626862531],[107.16000596,20.627816017]]],[[[107.15108948800001,20.737142492],[107.152203502,20.736373879],[107.15114145600002,20.735129476],[107.148818165,20.735611259],[107.15108948800001,20.737142492]]],[[[107.15524357000001,20.738288023],[107.15300308600001,20.73894544],[107.152800225,20.740692987],[107.15524357000001,20.738288023]]],[[[107.15883105000002,20.740849405],[107.156861297,20.741993222],[107.15758387000001,20.743927168],[107.15843329200001,20.741973399],[107.16066948600002,20.742116409],[107.15883105000002,20.740849405]]],[[[107.147656057,20.743358956],[107.14931291700002,20.741225655],[107.14654894600001,20.741755542],[107.147656057,20.743358956]]],[[[107.14924078000001,20.742753778],[107.15032007900001,20.74523192],[107.150970248,20.743864781],[107.14924078000001,20.742753778]]],[[[107.14689297100001,20.748096522],[107.14549037000002,20.747384739],[107.14434247100002,20.749536763],[107.14689297100001,20.748096522]]],[[[107.14771055400001,20.753416499],[107.14823482100002,20.754284887],[107.146354729,20.754636511],[107.14664409900001,20.752051952],[107.145001942,20.754412774],[107.14648178100002,20.759501189],[107.14805392900001,20.755479199],[107.14997674300001,20.755684762],[107.149409247,20.753395256],[107.14771055400001,20.753416499]]],[[[107.15115996900002,20.757883937],[107.15420223000001,20.753335318],[107.153046029,20.749751995],[107.15279498400001,20.753385734],[107.15061988500001,20.754265882],[107.148953759,20.759043826],[107.14620332400001,20.76121067],[107.14886753600001,20.761999657],[107.15115996900002,20.757883937]]],[[[107.14428235100002,20.773143806],[107.14623298900001,20.771386073],[107.14427408300001,20.770270236],[107.14428235100002,20.773143806]]],[[[107.175295646,20.775322808],[107.17330533400002,20.774430382],[107.17451634900002,20.776140974],[107.175295646,20.775322808]]],[[[107.16992628000001,20.775674734],[107.170661609,20.778286976],[107.17465184000001,20.779110311],[107.16992628000001,20.775674734]]],[[[107.13967249500001,20.784389485],[107.13865484800002,20.78763043],[107.14100675800002,20.78600363],[107.14049188300001,20.784678769],[107.14251244800002,20.784686782],[107.13967249500001,20.784389485]]],[[[107.17426346100001,20.795099223],[107.17203631500001,20.794155358],[107.17274926300001,20.796559738],[107.17610216000001,20.79634965],[107.176001639,20.799300661],[107.17739490400001,20.796869575],[107.17967603600002,20.796605934],[107.177613031,20.794654482],[107.17426346100001,20.795099223]]],[[[107.17554390200002,20.801928085],[107.176408832,20.802510686],[107.17569135600002,20.80083486],[107.17554390200002,20.801928085]]],[[[107.173008124,20.806831382],[107.169544342,20.809840791],[107.17332973100001,20.809072949],[107.17435484900001,20.806161589],[107.17226173200001,20.805535494],[107.173008124,20.806831382]]],[[[107.16814742500002,20.808301201],[107.166430392,20.810560793],[107.16873194500002,20.810147048],[107.16814742500002,20.808301201]]],[[[107.17414397600001,20.815096177],[107.17420077500002,20.813871645],[107.17021302600001,20.813502506],[107.17070703200001,20.811608161],[107.16641766100001,20.812274243],[107.16543555800001,20.81517148],[107.16925153200002,20.813934354],[107.17137506800002,20.816669756],[107.16995441600001,20.816233223],[107.16879611800002,20.818520706],[107.16773913900002,20.817485071],[107.165482789,20.821080126],[107.167334022,20.821593144],[107.170190008,20.819691842],[107.17247158900001,20.820467249],[107.17339816300002,20.817588202],[107.17237479100001,20.816307389],[107.17414397600001,20.815096177]]],[[[107.143802774,20.824119668],[107.141225391,20.826267281],[107.14459910700002,20.825801969],[107.14446192500002,20.822932828],[107.143802774,20.824119668]]],[[[107.172600576,20.829922113],[107.17366862000002,20.829783148],[107.17139522300002,20.828263483],[107.172600576,20.829922113]]],[[[107.14130137,20.831645437],[107.14115667900002,20.832795591],[107.14269576600002,20.832353232],[107.14130137,20.831645437]]],[[[107.171842745,20.836152896],[107.17044396700001,20.836547688],[107.16910702400001,20.833486317],[107.17518920600001,20.832435386],[107.16666460700002,20.829495097],[107.16663578900001,20.827486741],[107.16199350100001,20.828654356],[107.16408113800001,20.829674298],[107.163516627,20.832297095],[107.15975876800002,20.835311064],[107.158171449,20.834996091],[107.16003787600002,20.836124234],[107.16153004000002,20.83445108],[107.166043518,20.835168848],[107.16859550200002,20.839795958],[107.16600392500001,20.84174475],[107.16750260500001,20.843652335],[107.17143975400002,20.841466601],[107.171297777,20.837782705],[107.17380944100002,20.83493438],[107.17154653800002,20.834146404],[107.171842745,20.836152896]]],[[[107.16586672800001,20.836686541],[107.165047971,20.837654799],[107.16688148900002,20.838160897],[107.16586672800001,20.836686541]]],[[[107.16263296400001,20.839676791],[107.16244317800002,20.835797091],[107.160869403,20.836547958],[107.16021371600002,20.839530808],[107.16177991300002,20.842006619],[107.165759668,20.842334464],[107.16256970500001,20.840887501],[107.16263296400001,20.839676791]]],[[[107.15403989,20.838893108],[107.15547294500001,20.843312663],[107.15855482600001,20.84468582],[107.157520051,20.839933524],[107.15925169000002,20.838928324],[107.15403989,20.838893108]]],[[[107.15105741100001,20.844495948],[107.15163144800002,20.845856663],[107.15402831300001,20.845625169],[107.15251472400001,20.841206796],[107.15105741100001,20.844495948]]],[[[107.161943348,20.84494554],[107.16451083100002,20.84602251],[107.16671663000001,20.844355724],[107.165326614,20.84296142],[107.161943348,20.84494554]]],[[[107.15621504900001,20.848270285],[107.15936307600002,20.848608743],[107.15958811500002,20.845555122],[107.15821648600001,20.845446372],[107.15621504900001,20.848270285]]],[[[107.15169381900002,20.859371536],[107.14965545500002,20.855339786],[107.146870571,20.859283233],[107.14824125000001,20.86197534],[107.15023100600001,20.861354956],[107.14876268000002,20.860718424],[107.14895847500001,20.85887003],[107.15169381900002,20.859371536]]],[[[107.152203995,20.864009475],[107.15298704700001,20.863417237],[107.15145325200001,20.862530453],[107.15119191700002,20.864230688],[107.152203995,20.864009475]]],[[[107.16578493700001,20.863359348],[107.16082399500002,20.864913159],[107.16099448800001,20.866741037],[107.16474068500001,20.866083657],[107.16816198100001,20.862922566],[107.16578493700001,20.863359348]]],[[[107.14955370000001,20.868379168],[107.15226196600001,20.865854676],[107.14908201800002,20.86309614],[107.148408318,20.867034391],[107.14554250400002,20.870762144],[107.138854777,20.86785777],[107.138432191,20.869382589],[107.14180496700001,20.870085208],[107.14244245200001,20.872520356],[107.144623074,20.87192698],[107.14591307200001,20.873400441],[107.14783537200002,20.870247953],[107.14955067400001,20.870405182],[107.14955370000001,20.868379168]]],[[[107.15714059600002,20.873115346],[107.15852583000002,20.872872227],[107.15731315500001,20.872110569],[107.15714059600002,20.873115346]]],[[[107.16845395400001,20.875996384],[107.16963789200001,20.879886639],[107.17202583900001,20.880951276],[107.170864989,20.878666669],[107.17279625000002,20.877729654],[107.16845395400001,20.875996384]]],[[[107.16791893300001,20.879361009],[107.168083402,20.877278524],[107.16704554200001,20.878131119],[107.16791893300001,20.879361009]]],[[[107.17397146400002,20.8809995],[107.17541133300001,20.878353357],[107.17317936500001,20.87732335],[107.17268799500002,20.881015907],[107.17397146400002,20.8809995]]],[[[107.16878069700002,20.882488872],[107.17006019500002,20.882217111],[107.168728615,20.881577051],[107.16878069700002,20.882488872]]],[[[107.17539347000002,20.882514369],[107.17396926600001,20.8835544],[107.17512757900002,20.885656625],[107.17539347000002,20.882514369]]],[[[107.168949081,20.892718614],[107.16725032500001,20.892484464],[107.169817,20.894127783],[107.168949081,20.892718614]]],[[[107.16248000600001,20.893397068],[107.16374161600001,20.892699308],[107.160076709,20.89047322],[107.15714711800001,20.890964754],[107.154866839,20.896646325],[107.15597159500001,20.897683292],[107.156865902,20.892473827],[107.158342028,20.894074296],[107.16248000600001,20.893397068]]],[[[107.150893511,20.893179254],[107.149253748,20.893269774],[107.150014643,20.89693454],[107.150893511,20.893179254]]],[[[107.16980645800001,20.897593465],[107.16879804800001,20.896952924],[107.16742679300002,20.898447397],[107.16980645800001,20.897593465]]],[[[107.165733924,20.89887626],[107.16227010900002,20.898999503],[107.16482514700002,20.903289111],[107.16768830300002,20.90253914],[107.16490696900001,20.900155603],[107.165733924,20.89887626]]],[[[107.13960129700001,20.903013904],[107.14092784800002,20.901450666],[107.13841414300002,20.902091447],[107.13960129700001,20.903013904]]],[[[107.15148352100002,20.902700952],[107.15044678100001,20.901799711],[107.14981841300002,20.90326123],[107.15193105700001,20.90431307],[107.15148352100002,20.902700952]]],[[[107.140320576,20.908224596],[107.14019907600002,20.911183188],[107.14258055700002,20.909532398],[107.14135400200001,20.907006873],[107.140320576,20.908224596]]],[[[107.154823649,20.909265391],[107.15483977,20.907781517],[107.15237341400001,20.908187781],[107.14871151200002,20.911450992],[107.15275319700001,20.912922943],[107.15332893100002,20.909518463],[107.15473787200001,20.91025047],[107.154823649,20.909265391]]],[[[107.14909576300002,20.913882681],[107.14850448300001,20.912695291],[107.146747747,20.913841972],[107.14909576300002,20.913882681]]],[[[107.15014035900002,20.918162085],[107.15046750400002,20.916688288],[107.148507355,20.91654972],[107.15014035900002,20.918162085]]],[[[107.15815745800002,20.918947145],[107.15845727000001,20.920339129],[107.15919252300002,20.919104189],[107.15815745800002,20.918947145]]],[[[107.16545526500002,20.92165973],[107.16642608500001,20.920703187],[107.16494792700001,20.920175146],[107.16545526500002,20.92165973]]],[[[107.16577172400001,20.929257365],[107.16417154500002,20.927841967],[107.16589665500001,20.930524809],[107.16577172400001,20.929257365]]],[[[107.15718172000001,20.927749723],[107.15655354200001,20.925044276],[107.154147907,20.924380406],[107.15546137000001,20.925229874],[107.15496882100001,20.931640142],[107.15930895800001,20.93411716],[107.1597444,20.931061933],[107.16212862000002,20.933331938],[107.16234277100001,20.935844649],[107.16446287100001,20.935159364],[107.16364211500002,20.928859186],[107.15718172000001,20.927749723]]],[[[107.15024254900001,20.93456687],[107.153504585,20.935212209],[107.15410643800001,20.93370442],[107.14933310500001,20.929721819],[107.14859896400002,20.931460059],[107.15024254900001,20.93456687]]],[[[107.17142130300002,20.934175586],[107.16477784800001,20.932262499],[107.16729531800001,20.934851353],[107.17016970700001,20.934132755],[107.17094065200001,20.937083287],[107.17273952500001,20.937107082],[107.17142130300002,20.934175586]]],[[[107.14736035000001,20.933942059],[107.14780680400001,20.931037805],[107.14443611400002,20.934182178],[107.14540190500001,20.939179057],[107.14817358000002,20.937745647],[107.15024171200001,20.938304498],[107.14987071800002,20.935105451],[107.14736035000001,20.933942059]]],[[[107.16692531200002,20.942505682],[107.16725843600001,20.940203553],[107.16539055900002,20.939929915],[107.165711787,20.944314072],[107.16449826100002,20.943939307],[107.16589024600002,20.94520637],[107.16781166100002,20.943201674],[107.16692531200002,20.942505682]]],[[[107.161086444,20.941508899],[107.15927210500001,20.940093119],[107.16095557400001,20.942662937],[107.159462462,20.944721171],[107.16416189700001,20.945524239],[107.161086444,20.941508899]]],[[[107.16850170500001,20.943980948],[107.17034578700002,20.946330666],[107.17203520400001,20.944813759],[107.171249982,20.943534799],[107.16850170500001,20.943980948]]],[[[107.20918580000001,20.61422709],[107.20471479000001,20.614058747],[107.20462006400001,20.615807827],[107.201868333,20.616322103],[107.20420400200001,20.618152963],[107.20607641100001,20.616973233],[107.20581528000001,20.615510588],[107.20918580000001,20.61422709]]],[[[107.18319494200001,20.772134918],[107.18070126200001,20.773456428],[107.18304252900002,20.774476039],[107.18119207200002,20.776034428],[107.18448004200002,20.774943972],[107.18820847900001,20.776971829],[107.18625535900001,20.773829026],[107.187122846,20.77186624],[107.18319494200001,20.772134918]]],[[[107.18283800600001,20.804247973],[107.18506483400002,20.804506917],[107.18342356900001,20.802421601],[107.18283800600001,20.804247973]]],[[[107.18634905300001,20.805197796],[107.186512696,20.808674894],[107.18471623700002,20.809975868],[107.18858005500002,20.810423453],[107.18974136800001,20.809663272],[107.18909752400002,20.806973332],[107.18634905300001,20.805197796]]],[[[107.173817526,20.811796007],[107.17751108700001,20.812413491],[107.17826133500002,20.810236064],[107.17406141700002,20.810639078],[107.173817526,20.811796007]]],[[[107.17582786500002,20.81442787],[107.176855494,20.81729954],[107.17955095600001,20.815502254],[107.17673914600002,20.81308766],[107.17582786500002,20.81442787]]],[[[107.21718944100002,20.820907079],[107.218095743,20.819835079],[107.21626128500002,20.820486329],[107.21718944100002,20.820907079]]],[[[107.17997277100001,20.822276677],[107.18074834900001,20.820791542],[107.178595854,20.821961739],[107.17539854700001,20.821275154],[107.17609601100001,20.81898066],[107.17096850800002,20.824157193],[107.17442211500001,20.822638217],[107.17456279100001,20.824734985],[107.18107832500002,20.822200307],[107.17997277100001,20.822276677]]],[[[107.213971709,20.825596795],[107.214422839,20.824181363],[107.21164221100001,20.82474087],[107.213971709,20.825596795]]],[[[107.17651633500002,20.826663361],[107.17785545500001,20.828973507],[107.17992519600001,20.82819912],[107.17943428400001,20.824860078],[107.17651633500002,20.826663361]]],[[[107.18619067700001,20.83006757],[107.18407736200001,20.828874609],[107.18355350300001,20.83033723],[107.185878091,20.83164551],[107.18619067700001,20.83006757]]],[[[107.20776373100001,20.832402781],[107.20663779300001,20.831692354],[107.206917482,20.833219254],[107.20776373100001,20.832402781]]],[[[107.215299385,20.834238668],[107.21378328400002,20.833251454],[107.21024605600002,20.834908088],[107.209043113,20.837742815],[107.20713254700001,20.836196769],[107.20358222300001,20.839907451],[107.20644608200001,20.839145635],[107.206362088,20.842207632],[107.215299385,20.834238668]]],[[[107.18854017800001,20.838614463],[107.186375706,20.839674858],[107.18981893300001,20.839475016],[107.18854017800001,20.838614463]]],[[[107.19151500400001,20.840324621],[107.19103614700002,20.841467417],[107.19316591700002,20.842189288],[107.19576711900001,20.84125178],[107.19151500400001,20.840324621]]],[[[107.212448684,20.843031261],[107.21156986100002,20.844287347],[107.212746766,20.844747964],[107.212448684,20.843031261]]],[[[107.20852335700002,20.843997118],[107.20993910500002,20.844784321],[107.20975733700001,20.843029452],[107.20852335700002,20.843997118]]],[[[107.17797091100002,20.850551441],[107.17935725900001,20.850232493],[107.177757284,20.848721431],[107.18411187000001,20.847912449],[107.18314092700001,20.844577664],[107.185078744,20.843548005],[107.184441825,20.842048638],[107.18750691500001,20.843140213],[107.18626171600002,20.840266816],[107.18415333500002,20.840595204],[107.17998746500001,20.846627726],[107.179096135,20.844177018],[107.181785,20.843288531],[107.17918894400002,20.841336816],[107.178434824,20.844687906],[107.17686846300002,20.843652597],[107.17319282900002,20.845671528],[107.17227744000002,20.852707538],[107.17464534900002,20.853681685],[107.175938983,20.850627486],[107.17797091100002,20.850551441]]],[[[107.18165501400001,20.859565657],[107.18109745800001,20.86096216],[107.18324838200002,20.859884193],[107.18165501400001,20.859565657]]],[[[107.211784668,20.862678343],[107.21347699300001,20.864793421],[107.21410797000001,20.861020193],[107.21178654700002,20.860337927],[107.21047128100001,20.861779512],[107.211784668,20.862678343]]],[[[107.17463531700001,20.863586025],[107.17723670200002,20.863688461],[107.17624443100001,20.862481076],[107.17463531700001,20.863586025]]],[[[107.197406033,20.864898778],[107.19935409800001,20.864738126],[107.19918600800001,20.863112179],[107.197406033,20.864898778]]],[[[107.21006726800002,20.866262096],[107.208628818,20.86792575],[107.209951677,20.869468955],[107.21144097100002,20.86510805],[107.209905012,20.862567021],[107.20792377200002,20.862931729],[107.209595798,20.863656384],[107.21006726800002,20.866262096]]],[[[107.21681060000002,20.864292306],[107.21589631300002,20.862286009],[107.21436608200001,20.866308344],[107.212735093,20.865922337],[107.21431670000001,20.867869183],[107.21528087000002,20.867110548],[107.215572344,20.869752424],[107.211437662,20.868584775],[107.21192503300001,20.869799635],[107.21722666700002,20.870494198],[107.21681060000002,20.864292306]]],[[[107.200655042,20.867265401],[107.20229047500001,20.867956648],[107.20261544200001,20.865476356],[107.200655042,20.867265401]]],[[[107.18352779500002,20.868042813],[107.18515434400001,20.868123706],[107.18416362100001,20.867051699],[107.18352779500002,20.868042813]]],[[[107.193609609,20.868356501],[107.19602010700001,20.870191139],[107.19709218400001,20.869397265],[107.19568446400001,20.865734939],[107.19377799700001,20.866268277],[107.193609609,20.868356501]]],[[[107.18059051700001,20.873492222],[107.18257787200001,20.873534766],[107.18054530300002,20.871605902],[107.17949461900001,20.8738902],[107.18059051700001,20.873492222]]],[[[107.187765878,20.872620462],[107.189671548,20.872019479],[107.18950641500001,20.870596992],[107.186294861,20.870807643],[107.18450401900002,20.87435809],[107.18521416500002,20.876011173],[107.18262910800001,20.874585637],[107.18440718300002,20.877649604],[107.18647215700001,20.878064096],[107.185688268,20.876310296],[107.187765878,20.872620462]]],[[[107.20067558200002,20.8823085],[107.20268267300001,20.881231046],[107.202441203,20.878300194],[107.20842142200001,20.8772054],[107.20842126600002,20.874729304],[107.21102875400001,20.875204389],[107.213841138,20.872386639],[107.21260628200001,20.870689653],[107.20907417,20.871210238],[107.20674368200001,20.869917403],[107.20832505900002,20.86691211],[107.20556276100001,20.864488622],[107.20361874900001,20.864920702],[107.205681452,20.867675491],[107.204619418,20.871623916],[107.20009242000002,20.870800265],[107.20058560800001,20.873660079],[107.19846496900001,20.871889684],[107.19620206300002,20.872766674],[107.194164405,20.871741403],[107.19484951200002,20.874140828],[107.19229132400001,20.874580673],[107.18773044100001,20.880151133],[107.18302284300002,20.879329352],[107.18441472,20.880668368],[107.182839924,20.88167211],[107.18640945000001,20.881219462],[107.18669761000001,20.883658041],[107.18867101100001,20.885226951],[107.19108369000001,20.882211136],[107.19256827600002,20.882463513],[107.191451483,20.885157464],[107.192758914,20.886887539],[107.19468571300001,20.882758586],[107.196771007,20.884563421],[107.20067558200002,20.8823085]]],[[[107.21975381700001,20.875534571],[107.22003995100002,20.874302204],[107.21662261100002,20.87574665],[107.21584848300002,20.874842327],[107.21945401500001,20.873766633],[107.21790424000001,20.871843811],[107.214539885,20.874830659],[107.21652944800002,20.877691059],[107.21551731800001,20.879218688],[107.21752421600002,20.881192929],[107.22071695900001,20.878951144],[107.21811184100001,20.877699068],[107.21975381700001,20.875534571]]],[[[107.20429823900001,20.879687036],[107.206005794,20.885911236],[107.20855517900002,20.878159746],[107.20429823900001,20.879687036]]],[[[107.179814954,20.884319385],[107.18109387900002,20.8813103],[107.17953776000002,20.881293669],[107.179814954,20.884319385]]],[[[107.21073894500002,20.884422427],[107.21259538900001,20.881319907],[107.21082267700001,20.880405911],[107.20851698000001,20.885298789],[107.21073894500002,20.884422427]]],[[[107.18396574700002,20.886237352],[107.18385197200001,20.883756902],[107.18281214000001,20.884463615],[107.18396574700002,20.886237352]]],[[[107.20155843900001,20.884183916],[107.197822326,20.885570543],[107.20035421300001,20.889642535],[107.20071107800001,20.888031868],[107.203828783,20.886608547],[107.20155843900001,20.884183916]]],[[[107.18702056900001,20.88633192],[107.185910743,20.886248965],[107.18729099900001,20.887545211],[107.188659827,20.886712728],[107.18702056900001,20.88633192]]],[[[107.17866982500001,20.88853133],[107.17963846700002,20.888263455],[107.178152175,20.887698494],[107.17866982500001,20.88853133]]],[[[107.19083854400002,20.889424216],[107.19247094500001,20.889330148],[107.18980124200002,20.8885905],[107.19083854400002,20.889424216]]],[[[107.18853920900001,20.92641199],[107.18914835100001,20.925545866],[107.18751128200002,20.925403098],[107.18853920900001,20.92641199]]],[[[107.20378133200002,20.933838386],[107.20266417500001,20.93328873],[107.20166361200002,20.934647403],[107.20378133200002,20.933838386]]],[[[107.184861292,20.93504052],[107.18388333400001,20.934262436],[107.18349548200001,20.936106518],[107.184861292,20.93504052]]],[[[107.199890496,20.937917102],[107.20053295000001,20.936675023],[107.19914691400001,20.9372223],[107.19841523,20.935735136],[107.19931347600001,20.934824993],[107.19288298300002,20.934997503],[107.19514942,20.935610215],[107.19476870600002,20.937121172],[107.19280344300002,20.937044583],[107.19476870600002,20.940392931],[107.19512205600002,20.938259745],[107.199890496,20.937917102]]],[[[107.19038481400001,20.937499494],[107.189880369,20.934801186],[107.18684893500001,20.9363288],[107.18821474600001,20.937423352],[107.18748663100001,20.939488724],[107.18937592300001,20.940145455],[107.18826233500002,20.93844652],[107.189556762,20.937661298],[107.19158882200001,20.940331053],[107.192245553,20.93831327],[107.19038481400001,20.937499494]]],[[[107.17985926900002,20.945490121],[107.18128218600002,20.945057059],[107.181034722,20.941445037],[107.186940544,20.944604961],[107.19088569100002,20.941464073],[107.18815724200002,20.940097469],[107.18602048600002,20.941982002],[107.18470702400002,20.938693587],[107.183112785,20.939750068],[107.17945714000001,20.934600121],[107.17968913700001,20.937806445],[107.17690516800002,20.93659292],[107.177339419,20.934796427],[107.17602476700002,20.934290791],[107.17578682100002,20.936140822],[107.17802946300002,20.938365618],[107.17416878800002,20.936670252],[107.17455545000001,20.938990227],[107.17231280800002,20.942029988],[107.17012965200001,20.941476763],[107.17114092300001,20.939626732],[107.16899346000001,20.937146144],[107.16621543900001,20.937776702],[107.169380122,20.939846833],[107.16961806800002,20.943094797],[107.17319320900002,20.943178078],[107.17305401000002,20.946256307],[107.17753691500002,20.946489495],[107.177746307,20.94368649],[107.17985926900002,20.945490121]]],[[[107.19736686700001,20.942357313],[107.19816993500001,20.943010475],[107.19832341000001,20.941211602],[107.19736686700001,20.942357313]]],[[[107.19310406200002,20.939770244],[107.193014833,20.94243524],[107.19107557200002,20.943880763],[107.192919654,20.945278696],[107.194400869,20.94208427],[107.19310406200002,20.939770244]]],[[[107.18858990800001,20.945122841],[107.18730142900002,20.944637431],[107.18730024000001,20.945998483],[107.19053630700002,20.94605559],[107.18858990800001,20.945122841]]],[[[107.18351180200001,20.946429783],[107.18430286800002,20.944678861],[107.18261144700001,20.944073905],[107.183285835,20.947918035],[107.18351180200001,20.946429783]]],[[[107.218779194,20.950688261],[107.21748714700001,20.950181436],[107.217508562,20.9514021],[107.218779194,20.950688261]]],[[[107.215453183,20.950664625],[107.21346633300001,20.949950787],[107.212574036,20.951295182],[107.214400272,20.952919165],[107.21676188700002,20.952591989],[107.216488249,20.950057863],[107.215453183,20.950664625]]],[[[107.19744981600002,20.951432796],[107.19792992600001,20.948640913],[107.19518847300002,20.950040593],[107.19415942700002,20.947598508],[107.19272166700001,20.948200094],[107.192374834,20.951484319],[107.19452832200001,20.951297613],[107.19480442200002,20.953611787],[107.19775306800001,20.953952921],[107.19646332300002,20.955220231],[107.19863654000001,20.956374731],[107.20151112900001,20.961579084],[107.20239564,20.959111796],[107.200949617,20.954673447],[107.19744981600002,20.951432796]]],[[[107.218374628,20.965552894],[107.21978802800001,20.965505305],[107.216118899,20.961084266],[107.21992127800002,20.960218142],[107.21620931900001,20.959318706],[107.21467694600001,20.961341248],[107.213273064,20.961003365],[107.21203574400002,20.958105181],[107.21501245000002,20.958076627],[107.21446279400001,20.956231355],[107.209283897,20.956416953],[107.21282096600001,20.955157029],[107.21206429800002,20.95201971],[107.2090519,20.95254795],[107.20952303300001,20.950413573],[107.20582535100002,20.949039435],[107.20541118700001,20.956417137],[107.20957657100001,20.953797167],[107.20627863800001,20.957969552],[107.20673549500002,20.959650641],[107.208373754,20.959204492],[107.21067588200002,20.965322086],[107.214623408,20.963323339],[107.21546930600002,20.964615386],[107.21383461700002,20.964611817],[107.21340988300001,20.966292906],[107.215840502,20.964340559],[107.218374628,20.965552894]]],[[[107.234497575,20.820703915],[107.23129032500002,20.82048604],[107.233221025,20.821672653],[107.234497575,20.820703915]]],[[[107.25405042400001,20.822275246],[107.25358839300002,20.823608285],[107.25527073200001,20.824400272],[107.25763541200001,20.823555005],[107.254712695,20.823593493],[107.25405042400001,20.822275246]]],[[[107.220085851,20.831876838],[107.22582369900002,20.832205058],[107.223688457,20.830219346],[107.220085851,20.831876838]]],[[[107.26060802200001,20.831145369],[107.25862769600002,20.831925395],[107.26004136400002,20.834078069],[107.26184615900002,20.832305105],[107.26060802200001,20.831145369]]],[[[107.22112348000002,20.836146527],[107.22278247000001,20.834916932],[107.21834736600002,20.835669937],[107.22112348000002,20.836146527]]],[[[107.260228,20.835824653],[107.25892561600001,20.834665664],[107.25879254300001,20.836507026],[107.26173856100002,20.838006185],[107.26392212600001,20.835775856],[107.260228,20.835824653]]],[[[107.255763478,20.83946577],[107.25744622900001,20.839497135],[107.25454252100002,20.837876268],[107.255763478,20.83946577]]],[[[107.25991560800001,20.839782101],[107.25924012100002,20.83864319],[107.25804181600002,20.839247581],[107.25991560800001,20.839782101]]],[[[107.25314845900002,20.848005931],[107.25372514800002,20.849935728],[107.255729846,20.850363465],[107.25467608400001,20.848863681],[107.255617154,20.847125706],[107.250654585,20.847191119],[107.25076399900001,20.845887912],[107.25291771200001,20.845496263],[107.25279502600002,20.842667359],[107.250039956,20.843793454],[107.24983547600002,20.845218897],[107.24649528800002,20.843840186],[107.24639779200001,20.845958988],[107.243978769,20.848017503],[107.24925653600002,20.847464198],[107.249661791,20.850877168],[107.25172329900002,20.851869315],[107.253738522,20.850843756],[107.25065785200002,20.849582527],[107.25314845900002,20.848005931]]],[[[107.25065138700002,20.857557271],[107.251867845,20.856628188],[107.24973105900001,20.857247137],[107.25065138700002,20.857557271]]],[[[107.265885163,20.858847481],[107.266731766,20.858391152],[107.26514088400002,20.857700308],[107.265885163,20.858847481]]],[[[107.22448829400001,20.858319349],[107.22626529100002,20.860242682],[107.22709441600001,20.858552611],[107.22448829400001,20.858319349]]],[[[107.251387641,20.858970699],[107.253658909,20.85969271],[107.25278190300001,20.858442131],[107.251387641,20.858970699]]],[[[107.26136866000002,20.859114807],[107.26278732300001,20.860965081],[107.26334374600002,20.860127081],[107.26136866000002,20.859114807]]],[[[107.24827297300001,20.863093293],[107.24708289400002,20.86195433],[107.248334393,20.861454485],[107.246463669,20.860727234],[107.24657778000001,20.862632162],[107.24827297300001,20.863093293]]],[[[107.22365323000001,20.859268305],[107.22305047400002,20.857580151],[107.22130441800002,20.858571808],[107.220119707,20.85721118],[107.21840832200002,20.858725766],[107.219123871,20.860717744],[107.22132151800001,20.8603501],[107.21774909200002,20.865484326],[107.218208263,20.867242169],[107.22346844300002,20.861441433],[107.22365323000001,20.859268305]]],[[[107.230079326,20.862406614],[107.22865574200002,20.859639129],[107.22290293300001,20.866660073],[107.2265327,20.864590124],[107.228617757,20.865326272],[107.232111814,20.862341914],[107.230079326,20.862406614]]],[[[107.23226800300002,20.863615653],[107.23272140400002,20.865540734],[107.23451595400002,20.865895065],[107.23499201500002,20.863307232],[107.23226800300002,20.863615653]]],[[[107.25976023100002,20.86261717],[107.25837169000002,20.862044667],[107.259123936,20.864855307],[107.257245,20.865413891],[107.25698217500002,20.867517079],[107.25782513500002,20.868248657],[107.258658003,20.866942579],[107.26089383300001,20.868531887],[107.26064311700001,20.865335698],[107.261928964,20.864480744],[107.25976023100002,20.86261717]]],[[[107.24398699000001,20.865432047],[107.242514244,20.86453837],[107.23913385000002,20.866193844],[107.239263801,20.869172823],[107.24398699000001,20.865432047]]],[[[107.22718486900001,20.8686904],[107.230878552,20.868342955],[107.228959642,20.867895403],[107.228780088,20.865960061],[107.22718486900001,20.8686904]]],[[[107.22211803800002,20.871481585],[107.22315590100001,20.870192135],[107.22133974400002,20.869884915],[107.22211803800002,20.871481585]]],[[[107.23884453200002,20.872712097],[107.23925928800001,20.874389634],[107.24063154400001,20.872273997],[107.237472871,20.867851599],[107.235819055,20.870263699],[107.23884453200002,20.872712097]]],[[[107.26415684100002,20.871143879],[107.26627361100002,20.872103307],[107.26753034,20.869476006],[107.26492967400002,20.868917012],[107.25887078500001,20.870709079],[107.25811118500002,20.872767636],[107.259272246,20.872188185],[107.26106631800002,20.8737677],[107.26303809,20.872435344],[107.26218878000002,20.87060581],[107.26415684100002,20.871143879]]],[[[107.23558174000001,20.873559703],[107.23445107300002,20.87267196],[107.23424428700001,20.874504083],[107.23196395600002,20.874997312],[107.23094526000001,20.877296439],[107.23309474900002,20.87675572],[107.233617019,20.878677365],[107.23732419400001,20.873610138],[107.23558174000001,20.873559703]]],[[[107.22425849200002,20.875113432],[107.22576760000001,20.876973333],[107.22602679600001,20.875163643],[107.22425849200002,20.875113432]]],[[[107.24933874500002,20.882341865],[107.25056808900001,20.883805584],[107.25064009800002,20.882024078],[107.24933874500002,20.882341865]]],[[[107.25815427700002,20.911733755],[107.25974605600001,20.91321299],[107.26047915800001,20.910758413],[107.261505471,20.912050639],[107.26373692100002,20.91077078],[107.262267836,20.909567858],[107.25815427700002,20.911733755]]],[[[107.26550977500001,20.945752446],[107.26387253500002,20.947776289],[107.26547553800002,20.947911463],[107.26550977500001,20.945752446]]],[[[107.234499948,20.948755776],[107.23457470400001,20.949695412],[107.23552188200001,20.948029651],[107.234499948,20.948755776]]],[[[107.25747461300001,20.949288639],[107.25569212700002,20.950533267],[107.26041674100001,20.951973416],[107.26280228700001,20.950908623],[107.25747461300001,20.949288639]]],[[[107.24594642200002,20.950572191],[107.246548505,20.952246124],[107.247406038,20.950695518],[107.24594642200002,20.950572191]]],[[[107.24198605700002,20.951792995],[107.24230370300002,20.95272952],[107.24485922200002,20.950985579],[107.24338889900001,20.950149733],[107.24198605700002,20.951792995]]],[[[107.23358646100002,20.951655867],[107.23391538300001,20.953360519],[107.23553522600001,20.952000501],[107.23358646100002,20.951655867]]],[[[107.24656063700002,20.955096505],[107.25041539700001,20.954931624],[107.25080889000002,20.953828991],[107.248207383,20.95350696],[107.24656063700002,20.955096505]]],[[[107.24280976800001,20.955095247],[107.24306713400001,20.956060461],[107.24324903900002,20.954007105],[107.24280976800001,20.955095247]]],[[[107.23702619600002,20.954231266],[107.235494873,20.955419225],[107.237035657,20.956908704],[107.23702619600002,20.954231266]]],[[[107.231699043,20.957096579],[107.233101998,20.957900363],[107.23317030900002,20.956361238],[107.231699043,20.957096579]]],[[[107.22942197800002,20.964468335],[107.22872598500001,20.966425441],[107.23111734400001,20.966288622],[107.23230707400002,20.96854911],[107.23239630400002,20.965598579],[107.23107570300002,20.964593256],[107.22960043700002,20.965634271],[107.22942197800002,20.964468335]]],[[[107.23468873100002,20.96589912],[107.23300306700001,20.967746042],[107.234014338,20.969149924],[107.23468873100002,20.96589912]]],[[[107.26446656600001,20.968397061],[107.263548541,20.966971816],[107.26282946600001,20.968839547],[107.26446656600001,20.968397061]]],[[[107.23951827200001,20.97020939],[107.24001803500002,20.971286165],[107.24193112200001,20.969749033],[107.23951827200001,20.97020939]]],[[[107.23140615100002,20.972050611],[107.22806062900001,20.971807906],[107.230444849,20.971698451],[107.23088266900001,20.970327881],[107.22775605800001,20.970513479],[107.227537147,20.968176849],[107.22589531900002,20.96870033],[107.227065062,20.971097875],[107.22434771800002,20.971502383],[107.22761258300001,20.97485754],[107.23104615800001,20.974425388],[107.232616602,20.972821631],[107.23140615100002,20.972050611]]],[[[107.242823885,20.983197171],[107.24444191900001,20.984089469],[107.24539370300002,20.982162106],[107.242823885,20.983197171]]],[[[107.24227660900002,20.983726601],[107.24159846300002,20.982560666],[107.24171148700002,20.985041254],[107.24227660900002,20.983726601]]],[[[107.256483181,20.981717147],[107.252754566,20.983013953],[107.24995632000001,20.981947954],[107.246710735,20.986449895],[107.24791712200002,20.987349331],[107.25342081500001,20.983323283],[107.25482707600001,20.984950834],[107.256483181,20.981717147]]],[[[107.23605937500001,20.984129623],[107.23463169900002,20.983052917],[107.234744723,20.985581094],[107.23281141100001,20.987092052],[107.23593445400002,20.986818414],[107.23605937500001,20.984129623]]],[[[107.22857775500002,20.986431156],[107.22764639200001,20.987998818],[107.22921426100001,20.987442427],[107.22857775500002,20.986431156]]],[[[107.23992984600001,20.986720955],[107.23747900100001,20.987690585],[107.23865088600002,20.989088519],[107.23565871400001,20.990742244],[107.24085188700002,20.990789833],[107.24051281400001,20.985584762],[107.23992984600001,20.986720955]]],[[[107.27458014200002,20.81808865],[107.27385086500001,20.816589363],[107.27389343800002,20.819425612],[107.27563694900002,20.820006034],[107.27458014200002,20.81808865]]],[[[107.272217906,20.825513766],[107.27448349,20.826630435],[107.27252543000002,20.822461601],[107.270827218,20.824898391],[107.272217906,20.825513766]]],[[[107.27901456500001,20.824578494],[107.278034607,20.823505107],[107.27913575200002,20.82623662],[107.27901456500001,20.824578494]]],[[[107.28052547500002,20.827868473],[107.282119934,20.828178859],[107.28077812100001,20.825101618],[107.28052547500002,20.827868473]]],[[[107.26805553200002,20.828669653],[107.27026421100001,20.828097408],[107.269350615,20.827174502],[107.26805553200002,20.828669653]]],[[[107.31147229000001,20.82828096],[107.31002961800002,20.832579212],[107.31309057100002,20.83350142],[107.31181532500001,20.831974315],[107.31262571300002,20.828747062],[107.31147229000001,20.82828096]]],[[[107.280373499,20.835204556],[107.28129088000001,20.836092404],[107.28250125100001,20.834610656],[107.280373499,20.835204556]]],[[[107.30530615200001,20.83737507],[107.30693796900002,20.839535014],[107.30750359600002,20.837062157],[107.303988959,20.836061],[107.30530615200001,20.83737507]]],[[[107.30228769000001,20.842210916],[107.30466695800001,20.841952379],[107.30250866700001,20.840877139],[107.30110859500002,20.842056851],[107.30228769000001,20.842210916]]],[[[107.28559052800001,20.851281236],[107.28663913600002,20.84915589],[107.28509998400001,20.847430404],[107.286523885,20.847249054],[107.28530116700001,20.845011932],[107.284317588,20.845715208],[107.28492910500002,20.843270855],[107.28966025800001,20.844547577],[107.290259728,20.847016371],[107.29221642600001,20.847761671],[107.29646257200001,20.845552798],[107.29527105500001,20.84394463],[107.29341926100001,20.844416091],[107.29429675800002,20.842414706],[107.28983529700001,20.841824831],[107.29133324100002,20.840830242],[107.29027690600002,20.8395857],[107.28790351300002,20.839861114],[107.28757222800002,20.837957163],[107.28529268500002,20.838718469],[107.284040169,20.841658648],[107.28166894700001,20.839213441],[107.28344466300001,20.839433362],[107.28395806200001,20.836218823],[107.28114128400001,20.8386114],[107.28042819600002,20.8371997],[107.27963456400002,20.839037484],[107.27740493400002,20.837266931],[107.27930266400001,20.835955098],[107.27510448600002,20.83366934],[107.26901388600001,20.83488234],[107.27220358500001,20.835689197],[107.27323606300001,20.838763303],[107.27354999100001,20.835954286],[107.27636100100001,20.837074868],[107.27646952100001,20.83882327],[107.273666556,20.840069813],[107.27811777300002,20.843677451],[107.274160863,20.842880915],[107.26835384200001,20.838364877],[107.27022590300001,20.840810315],[107.26969555500001,20.843802142],[107.28107108300001,20.846044075],[107.28111117400002,20.841437493],[107.28380473800001,20.848966304],[107.280118189,20.851044098],[107.279407423,20.854084208],[107.28161772400001,20.85157793],[107.283760064,20.853173422],[107.28559052800001,20.851281236]]],[[[107.280955071,20.847842952],[107.27740863900002,20.846064583],[107.274742072,20.84736053],[107.27363724300001,20.844723759],[107.269995738,20.845858779],[107.27597811800001,20.852560042],[107.27704043900002,20.852372018],[107.27620886000001,20.849427461],[107.27919977300002,20.851213158],[107.27865761600002,20.849047094],[107.280557987,20.849152158],[107.280955071,20.847842952]]],[[[107.26788346600001,20.848608927],[107.26720518200001,20.849705328],[107.26882585500002,20.849683852],[107.26788346600001,20.848608927]]],[[[107.290296937,20.850833701],[107.28823997200001,20.849139192],[107.290152243,20.852096479],[107.29225348900002,20.85237586],[107.290296937,20.850833701]]],[[[107.269693802,20.85042669],[107.26957445100001,20.851732288],[107.266152067,20.850502244],[107.26746412000001,20.854617119],[107.26935925,20.852821743],[107.27117622500002,20.853536636],[107.269444692,20.849256447],[107.269693802,20.85042669]]],[[[107.28714494700002,20.85256718],[107.28614502500001,20.851442755],[107.28644754400001,20.854113979],[107.288448588,20.854271865],[107.28714494700002,20.85256718]]],[[[107.27300941700001,20.852251804],[107.27406993000001,20.855019444],[107.27472980600001,20.852706922],[107.27300941700001,20.852251804]]],[[[107.29481046200002,20.854617059],[107.29611625600002,20.854292121],[107.29380627600001,20.853216019],[107.29481046200002,20.854617059]]],[[[107.28880269400001,20.85601994],[107.29143429000001,20.856691927],[107.289333573,20.854290724],[107.28880269400001,20.85601994]]],[[[107.283352915,20.854234842],[107.28203606500001,20.854910956],[107.28454769400001,20.856322742],[107.28418147600001,20.858111232],[107.28777652700002,20.858576385],[107.287106121,20.855415589],[107.283352915,20.854234842]]],[[[107.26802399700001,20.858136754],[107.26930117200001,20.858980161],[107.271132391,20.856730839],[107.26906392,20.855809006],[107.26802399700001,20.858136754]]],[[[107.28930972300002,20.858125032],[107.28975068200002,20.856949749],[107.28851275800001,20.857427853],[107.28930972300002,20.858125032]]],[[[107.27152462200002,20.857585973],[107.27308213900001,20.858158652],[107.272208364,20.856805576],[107.27152462200002,20.857585973]]],[[[107.29603762200001,20.858894486],[107.294483057,20.856731064],[107.293324511,20.857082639],[107.29474999500002,20.859583849],[107.29603762200001,20.858894486]]],[[[107.27466982000001,20.862824866],[107.272942045,20.859347149],[107.27169552600002,20.860550342],[107.26714132700002,20.860403096],[107.26576178300002,20.859056685],[107.26377465800002,20.861456363],[107.26592020900002,20.861190594],[107.26858767400002,20.864092271],[107.26680201900001,20.867290247],[107.27057170000002,20.865697517],[107.272542913,20.866442747],[107.27218182700001,20.863451294],[107.27466982000001,20.862824866]]],[[[107.30463962400002,20.860419945],[107.29971059800002,20.862698352],[107.30096921000002,20.866908943],[107.30282038400001,20.864707255],[107.301056166,20.863098459],[107.30463962400002,20.860419945]]],[[[107.28185352100002,20.864612472],[107.27966388500002,20.86291693],[107.27809797700002,20.865218873],[107.28606733,20.866865088],[107.28397516900002,20.86377736],[107.283019894,20.865292291],[107.28185352100002,20.864612472]]],[[[107.306927471,20.866225579],[107.30721794900002,20.867956304],[107.309660704,20.867954392],[107.306927471,20.866225579]]],[[[107.27845681200002,20.868609759],[107.28008275300002,20.87031057],[107.28018333100002,20.867615001],[107.27794894400002,20.866143042],[107.27684354800002,20.867747794],[107.27815245700002,20.867156232],[107.27845681200002,20.868609759]]],[[[107.26859296200001,20.868660799],[107.27018271900002,20.869262773],[107.2692683,20.867316862],[107.26859296200001,20.868660799]]],[[[107.31025712800002,20.868101174],[107.30928494400001,20.869291438],[107.312036125,20.870028727],[107.31025712800002,20.868101174]]],[[[107.30365599200002,20.870327623],[107.302598955,20.870279923],[107.30327930900002,20.871602827],[107.305781906,20.869028936],[107.30535979500002,20.867330859],[107.30365599200002,20.870327623]]],[[[107.29931547400001,20.869270925],[107.30041638300001,20.870030587],[107.29971475300002,20.874895472],[107.30177647,20.871550744],[107.300985921,20.868412056],[107.29931547400001,20.869270925]]],[[[107.27486279000001,20.873736935],[107.275831191,20.875534921],[107.276831228,20.873180754],[107.27871028900002,20.872934794],[107.276990226,20.871235225],[107.27486279000001,20.873736935]]],[[[107.30468233900001,20.873774598],[107.305638193,20.875838807],[107.30706991500001,20.872316442],[107.30337484300001,20.87245925],[107.30468233900001,20.873774598]]],[[[107.28926026700002,20.875698371],[107.290513028,20.875363878],[107.28942557900001,20.873835099],[107.28926026700002,20.875698371]]],[[[107.29841623000002,20.876338987],[107.29782632300001,20.874455891],[107.294643266,20.873537638],[107.29638163800001,20.877141336],[107.29841623000002,20.876338987]]],[[[107.27986267400001,20.878048317],[107.27836817500001,20.878385868],[107.28161211200002,20.878569675],[107.282921768,20.875601554],[107.27986267400001,20.878048317]]],[[[107.294339981,20.878898705],[107.29192432900001,20.879112581],[107.29391909800002,20.879857495],[107.294339981,20.878898705]]],[[[107.30675432200002,20.896259344],[107.314644662,20.886041231],[107.315156267,20.882791467],[107.31816702300002,20.881664543],[107.32371279100002,20.876142136],[107.323179503,20.872443404],[107.32126936400002,20.872117959],[107.32246027300002,20.874338217],[107.32064547300001,20.875800362],[107.31572033400002,20.876314408],[107.316163943,20.878608664],[107.31451028900001,20.879493729],[107.31361176100002,20.878579391],[107.312760128,20.880731381],[107.31044952600001,20.88092243],[107.307528814,20.886824249],[107.305720946,20.886529222],[107.30124977000001,20.891173977],[107.30135330400002,20.893504824],[107.299430256,20.892348613],[107.29627555600001,20.898572952],[107.29792888400002,20.899892627],[107.29735109600001,20.902168632],[107.29531623600002,20.902611301],[107.29121883200001,20.907284138],[107.29821168600002,20.903189011],[107.30083991200001,20.900003766],[107.30331138500001,20.899927844],[107.30675432200002,20.896259344]]],[[[107.30801084900001,20.89890324],[107.30790795700001,20.900832478],[107.30914690000002,20.900248115],[107.30801084900001,20.89890324]]],[[[107.30579603900001,20.903663526],[107.30695005000001,20.902477312],[107.304954019,20.903000826],[107.30579603900001,20.903663526]]],[[[107.28903679000001,20.902892213],[107.28630451300002,20.90470229],[107.28696372300001,20.905792961],[107.29119497500001,20.90311156],[107.28903679000001,20.902892213]]],[[[107.293969232,20.911515805],[107.29551575200001,20.911282128],[107.295328788,20.90894382],[107.293969232,20.911515805]]],[[[107.30225252800001,20.912988451],[107.30328696200002,20.911412754],[107.301427415,20.913425449],[107.30413973300001,20.920203817],[107.30334986600002,20.915529248],[107.306179244,20.91265151],[107.30321696100002,20.914253242],[107.30225252800001,20.912988451]]],[[[107.308839814,20.914798357],[107.305987447,20.91741029],[107.30716265100001,20.920092019],[107.308458611,20.918299774],[107.311156026,20.917926061],[107.308839814,20.914798357]]],[[[107.29032619800002,20.937926994],[107.29181620500002,20.935108326],[107.28929517600001,20.936734084],[107.28725931100001,20.936068186],[107.28745588000001,20.938196642],[107.28421766200002,20.939472525],[107.28433802300002,20.941987257],[107.29171326900001,20.937343541],[107.29032619800002,20.937926994]]],[[[107.27437124500001,20.937541173],[107.272352827,20.941709218],[107.27345618400001,20.939594374],[107.27575880600001,20.939622802],[107.27796157000002,20.937227099],[107.27437124500001,20.937541173]]],[[[107.29484170300002,20.941435441],[107.29821788200002,20.940234513],[107.29794728700001,20.93864617],[107.29496290500002,20.940406731],[107.29135872300002,20.939222709],[107.29177783700001,20.941579295],[107.289649327,20.942018773],[107.28931529300002,20.945258532],[107.29522719600001,20.943381669],[107.29484170300002,20.941435441]]],[[[107.273702108,20.949334739],[107.27488890500001,20.948411807],[107.27367186,20.947333145],[107.27249734500002,20.94906929],[107.273702108,20.949334739]]],[[[107.269522355,20.948639701],[107.26742900300002,20.9491681],[107.269091803,20.951054172],[107.27038062900002,20.950255046],[107.269522355,20.948639701]]],[[[107.307907991,20.952782174],[107.30434360000001,20.949335851],[107.30278413700002,20.94990242],[107.30337711000001,20.95274288],[107.307907991,20.952782174]]],[[[107.30758380200001,20.956746154],[107.310710776,20.953856143],[107.31067246300002,20.95135697],[107.30758380200001,20.956746154]]],[[[107.30452321800001,20.954059895],[107.30272258200002,20.953757401],[107.30305273300002,20.956065844],[107.30452321800001,20.954059895]]],[[[107.297837752,20.955105452],[107.29938046900001,20.957824871],[107.30181270500002,20.9556049],[107.300554841,20.953987735],[107.297837752,20.955105452]]],[[[107.28193083600002,20.956148782],[107.284686954,20.957595065],[107.28404500600001,20.955919309],[107.28710150900001,20.9559538],[107.29085009100001,20.959196781],[107.29178012400001,20.958656292],[107.28999750400001,20.956015404],[107.28595514400001,20.954611561],[107.28193083600002,20.956148782]]],[[[107.29463024200001,20.956638269],[107.293144104,20.957191674],[107.29320378000001,20.959373956],[107.29463024200001,20.956638269]]],[[[107.29931633400001,20.962085899],[107.30110445600002,20.963454759],[107.30087053800001,20.962031695],[107.29931633400001,20.962085899]]],[[[107.307076183,20.963397482],[107.309471017,20.965154738],[107.31218415300002,20.964620748],[107.312895069,20.962589375],[107.31142152800001,20.960985344],[107.30977038600001,20.961637552],[107.30945620100002,20.959586858],[107.31524206200001,20.961231868],[107.31623809700001,20.959362281],[107.31409448500001,20.960153668],[107.31339429600001,20.957135688],[107.308265751,20.95916213],[107.30616126200002,20.957897118],[107.303974734,20.962802402],[107.30138650300002,20.963417726],[107.30179101400002,20.966750161],[107.306738934,20.971356524],[107.30987382600001,20.968364288],[107.309552918,20.965882851],[107.30569507900002,20.96321728],[107.307076183,20.963397482]]],[[[107.28747792400002,20.976439627],[107.28537448100002,20.977029733],[107.282500092,20.974107755],[107.28259527100002,20.979732801],[107.28475582100002,20.977439],[107.28751599600001,20.977524661],[107.28747792400002,20.976439627]]],[[[107.27399305700001,20.978694979],[107.274606958,20.975925286],[107.27326748000002,20.975628979],[107.27225129100002,20.978637872],[107.27399305700001,20.978694979]]],[[[107.28992332000001,20.97820242],[107.28985193600002,20.979415946],[107.292214741,20.980243998],[107.29680472200002,20.979644374],[107.28992332000001,20.97820242]]],[[[107.27047787900001,20.981017333],[107.27102753500002,20.977305374],[107.26832208700002,20.979411196],[107.26645183100001,20.978140564],[107.26463868200001,20.982180889],[107.26714425400002,20.98014645],[107.26856479300001,20.982523531],[107.270542125,20.982302242],[107.27047787900001,20.981017333]]],[[[107.30882873300001,20.982019849],[107.30931176300001,20.982830056],[107.309558038,20.981420225],[107.30882873300001,20.982019849]]],[[[107.27738545400001,20.983772749],[107.28083329300001,20.982894727],[107.27839511400002,20.982282048],[107.27738545400001,20.983772749]]],[[[107.312741756,20.984631308],[107.31180424900002,20.983946023],[107.31046699200002,20.985373699],[107.312741756,20.984631308]]],[[[107.27406903900001,20.984169609],[107.27412979700001,20.985826065],[107.276027417,20.986718363],[107.27988214400001,20.98593314],[107.27645572000002,20.985159816],[107.27522434900001,20.983315733],[107.27406903900001,20.984169609]]],[[[107.287239288,20.985984924],[107.291195142,20.986103897],[107.292545486,20.987763571],[107.29172281400001,20.989608294],[107.293140352,20.98754347],[107.29748881700002,20.988174028],[107.28784010200002,20.982088556],[107.284502908,20.984337147],[107.28621612,20.987073527],[107.283235845,20.988751047],[107.28211749800002,20.990922305],[107.28342025300002,20.989369707],[107.28506803000002,20.990464259],[107.287239288,20.985984924]]],[[[107.31024295600001,20.990238934],[107.30435379,20.990506623],[107.30792893000002,20.992880136],[107.30885692000001,20.990810004],[107.31208703800002,20.991821275],[107.31024295600001,20.990238934]]],[[[107.34441393800002,17.163087647],[107.34794029900002,17.156506058],[107.34368582300002,17.153136741],[107.34318613600001,17.150524093],[107.33654744000002,17.151566297],[107.33156484900002,17.158005118],[107.33173617000001,17.162602237],[107.33430598800001,17.165785956],[107.33987392600001,17.166514071],[107.34441393800002,17.163087647]]],[[[107.34501343600002,20.689192772],[107.346319656,20.689174892],[107.345980464,20.68751024],[107.34501343600002,20.689192772]]],[[[107.37903284300002,20.751038976],[107.37609237500001,20.748531622],[107.377196999,20.752174411],[107.37897596000002,20.752553438],[107.37903284300002,20.751038976]]],[[[107.33682760100001,20.786997475],[107.33624087000001,20.787773605],[107.33820797800001,20.788515034],[107.33682760100001,20.786997475]]],[[[107.38405323700002,20.788909137],[107.384614518,20.789925402],[107.38617909400001,20.789239895],[107.385405649,20.786292479],[107.38405323700002,20.788909137]]],[[[107.33719396900001,20.790246056],[107.33857717200002,20.789165825],[107.336686471,20.788198553],[107.33719396900001,20.790246056]]],[[[107.33478469300002,20.809247746],[107.33255219300001,20.81040037],[107.33255208800001,20.812677882],[107.335897349,20.810717849],[107.33478469300002,20.809247746]]],[[[107.35161493400001,20.828264708],[107.35282985200001,20.837154442],[107.35521499900001,20.83473349],[107.357076012,20.835157492],[107.359574652,20.829119736],[107.36176170400002,20.829601405],[107.36187842200002,20.82797525],[107.36970974700002,20.823516298],[107.374016163,20.825448389],[107.378559074,20.823582805],[107.37845557900002,20.827637714],[107.379987604,20.829773084],[107.383697491,20.82853375],[107.380250845,20.824204732],[107.38146562800002,20.819347488],[107.37986509200002,20.814729782],[107.380479922,20.804105903],[107.384475273,20.79862057],[107.383921,20.795125794],[107.38010842500002,20.793959036],[107.37612049200001,20.799659042],[107.37199801900002,20.802092797],[107.37118665800001,20.808738688],[107.367165628,20.811294274],[107.362050562,20.812021105],[107.36437641700002,20.809614062],[107.36678423900001,20.810330809],[107.36973400300002,20.809508841],[107.370806881,20.807869014],[107.36840334700001,20.80955847],[107.37112988500002,20.805114637],[107.35183716800002,20.807793738],[107.349046905,20.807380758],[107.34725855100001,20.803760238],[107.34461102300001,20.8046807],[107.34387673000002,20.816310425],[107.34122696000001,20.827537035],[107.34311762700001,20.831552723],[107.33883345000001,20.836253577],[107.33371982500002,20.849834681],[107.334593057,20.854092469],[107.34031853600001,20.85106488],[107.34659921,20.84142484],[107.34717638300002,20.832318363],[107.35059278700001,20.826965208],[107.35018847500001,20.82114794],[107.35149730000002,20.826468244],[107.353599853,20.825736244],[107.35161493400001,20.828264708]]],[[[107.33279547600002,20.829797304],[107.33325364,20.828659985],[107.331961981,20.829213321],[107.33279547600002,20.829797304]]],[[[107.37095330600002,20.833367743],[107.37192416500001,20.831572763],[107.37023124200002,20.829783334],[107.37075222900002,20.826900546],[107.36773878000001,20.825848276],[107.37095330600002,20.833367743]]],[[[107.36068352200002,20.831525566],[107.35614152100001,20.837749731],[107.35697754600001,20.842982207],[107.35866645000002,20.843963883],[107.35811551800002,20.848224688],[107.35974897100002,20.845652957],[107.359941047,20.840371578],[107.36268162000002,20.835791308],[107.36068352200002,20.831525566]]],[[[107.331345241,20.842705994],[107.332082889,20.841177822],[107.32995947600001,20.841266322],[107.32998476400002,20.842903097],[107.331345241,20.842705994]]],[[[107.32251967000002,20.846249084],[107.32457935200001,20.846131834],[107.32497052200002,20.844757182],[107.32151149600001,20.844625634],[107.32111900600002,20.84591092],[107.32251967000002,20.846249084]]],[[[107.388005329,20.844274769],[107.385875069,20.846913692],[107.39018467600002,20.84658182],[107.39006680900002,20.844626533],[107.388005329,20.844274769]]],[[[107.344110405,20.846792152],[107.34220818000001,20.849484803],[107.34302442300002,20.851971769],[107.341364573,20.852948871],[107.34317444500002,20.855871307],[107.34717145400002,20.851325481],[107.344110405,20.846792152]]],[[[107.31952532500001,20.865122563],[107.32192784300001,20.867223382],[107.32246424400002,20.864356348],[107.31952532500001,20.865122563]]],[[[107.31339456700002,20.872241468],[107.310793365,20.872957566],[107.31131104900001,20.875174731],[107.31339456700002,20.872241468]]],[[[107.38292184200002,20.874288485],[107.37931627700002,20.873966558],[107.37303419100002,20.87614406],[107.37639365900002,20.878273453],[107.37968256600001,20.877855473],[107.384173279,20.87624675],[107.38292184200002,20.874288485]]],[[[107.34201921700001,20.889935616],[107.346147971,20.887516909],[107.347548603,20.884065304],[107.35139220600001,20.885218102],[107.34970715700001,20.888070827],[107.35367609900001,20.891369479],[107.36225571900002,20.887046828],[107.36496609500001,20.887771502],[107.36485738700001,20.89087094],[107.3688189,20.890341093],[107.37236159900002,20.887339377],[107.37080604300002,20.890067517],[107.37424047000002,20.891840539],[107.37769059700001,20.890451615],[107.37932801800001,20.887943831],[107.37932740100001,20.886246103],[107.37798837200002,20.886067926],[107.38657882800001,20.879181986],[107.38144516800001,20.885945942],[107.38275146100001,20.889852162],[107.38674478100002,20.89050992],[107.38547366600001,20.886344956],[107.38881994400002,20.884206861],[107.38824335800001,20.882541834],[107.392538607,20.884905258],[107.394148795,20.883997057],[107.39290868300002,20.880151497],[107.39461932000002,20.87897114],[107.39464367300002,20.876375141],[107.38909911200001,20.87866712],[107.38595620400001,20.877087039],[107.37653735500001,20.878780642],[107.372627254,20.875894663],[107.37687003500001,20.873289253],[107.38251811100001,20.873836024],[107.384403896,20.870871537],[107.389463047,20.868549676],[107.39109238200001,20.864725538],[107.38794617600001,20.86457268],[107.38236265800002,20.867701505],[107.37958711000002,20.863643537],[107.37693977500001,20.863557291],[107.37323773500002,20.85909307],[107.37092062500001,20.858611404],[107.36853240500001,20.861355923],[107.36625489900001,20.85759144],[107.364447777,20.857659217],[107.36228689200001,20.861342429],[107.35735237800002,20.862580651],[107.358063111,20.859431371],[107.356240968,20.859513446],[107.35486102700001,20.856764016],[107.355237986,20.858536674],[107.35259570600002,20.860597981],[107.35412191400002,20.862972637],[107.35074719700002,20.860937034],[107.34530952800002,20.869800635],[107.345841434,20.874529766],[107.34219726300002,20.880300334],[107.34221476200001,20.885651623],[107.33905320600002,20.887085104],[107.337457283,20.882161401],[107.33733234300001,20.872394991],[107.330314084,20.876033874],[107.328784436,20.879634737],[107.33122378700001,20.883193784],[107.329681555,20.887680603],[107.33091935800002,20.888082009],[107.32930906400001,20.889014384],[107.33050244000002,20.89247972],[107.32944501800002,20.89357673],[107.33107474000002,20.895596716],[107.33714310900001,20.894025218],[107.338722431,20.89110019],[107.34201921700001,20.889935616]]],[[[107.39317717000002,20.893362735],[107.39147687900001,20.891616772],[107.38902976700001,20.892151884],[107.390573361,20.895235676],[107.39317717000002,20.893362735]]],[[[107.34763481400002,20.89767993],[107.34565036,20.895211865],[107.34736341800001,20.89377848],[107.34842795900002,20.895499717],[107.35262396400002,20.896264188],[107.35440942900001,20.894290576],[107.35258942400002,20.891970649],[107.350531709,20.893125786],[107.34936925400001,20.891375484],[107.35046910900002,20.889106814],[107.348026568,20.887419784],[107.34303199100002,20.891599641],[107.33936249000001,20.899680151],[107.340512615,20.900638188],[107.341990601,20.899735503],[107.34264312600001,20.895800874],[107.34577295600002,20.89892279],[107.34820695300002,20.89901105],[107.34763481400002,20.89767993]]],[[[107.33463543900001,20.898132002],[107.33794729400002,20.896260821],[107.33604625800001,20.894978262],[107.33463543900001,20.898132002]]],[[[107.34831708700001,20.896750663],[107.35176395900001,20.899351323],[107.35005900800002,20.896117934],[107.34831708700001,20.896750663]]],[[[107.35851744100002,20.896822305],[107.35712578300001,20.899447779],[107.35954008600001,20.898545662],[107.35851744100002,20.896822305]]],[[[107.33027334300002,20.899049708],[107.33122092700002,20.898134484],[107.32930393900001,20.898557613],[107.33027334300002,20.899049708]]],[[[107.315594509,20.908543715],[107.31925017800002,20.901157084],[107.32017290300001,20.892499227],[107.31910108200002,20.89145321],[107.32362234400001,20.886100877],[107.32371244600002,20.883183301],[107.322262117,20.883064607],[107.31830580800002,20.887637036],[107.31886143000001,20.883848577],[107.316379601,20.885311611],[107.31027872500002,20.894154859],[107.31059488200002,20.895557036],[107.30818884400001,20.897180192],[107.31064542800002,20.901262328],[107.30876221200002,20.90415803],[107.31011808100001,20.907713152],[107.307407659,20.906308857],[107.30632194800002,20.907568547],[107.31032833300002,20.911018597],[107.30861047600001,20.912692955],[107.31158917200001,20.914772075],[107.31362339800002,20.914514113],[107.315594509,20.908543715]]],[[[107.37366431,20.897220922],[107.3699408,20.899559272],[107.36679154200002,20.898557655],[107.36263341900002,20.899823821],[107.37001825000002,20.902269442],[107.37660680400002,20.898355923],[107.37366431,20.897220922]]],[[[107.32857376500002,20.901094063],[107.328697454,20.899143335],[107.32641036900002,20.900510065],[107.32857376500002,20.901094063]]],[[[107.332294599,20.902884084],[107.330518108,20.902439131],[107.33038871200002,20.904029073],[107.332294599,20.902884084]]],[[[107.33774203800002,20.903293798],[107.33616903200002,20.902158974],[107.335045453,20.903779665],[107.33660936600002,20.905094197],[107.33774203800002,20.903293798]]],[[[107.34301362900001,20.902947191],[107.34131640500001,20.902270503],[107.33918852900001,20.905190611],[107.34510135500001,20.903709686],[107.34301362900001,20.902947191]]],[[[107.31930480600002,20.908763672],[107.32130508100002,20.908736581],[107.327051386,20.902161559],[107.32470571200001,20.902229615],[107.32439525500001,20.904543751],[107.31930480600002,20.908763672]]],[[[107.36401903300002,20.914200987],[107.36251869300001,20.913292215],[107.36234995900001,20.915176835],[107.36992248500002,20.916280292],[107.371514876,20.915142751],[107.36806242800002,20.912983024],[107.36401903300002,20.914200987]]],[[[107.34690177400002,20.918006575],[107.34951751800001,20.914956149],[107.34199880400001,20.915333562],[107.34029521,20.914230285],[107.33874601200002,20.916809142],[107.33679981200001,20.915754927],[107.33520350900001,20.917390491],[107.33398775,20.916371933],[107.33327297500001,20.918391407],[107.32816996100001,20.917699818],[107.32134151900001,20.919726333],[107.32447707900002,20.92114517],[107.32336090100002,20.922378385],[107.31064643000002,20.923449239],[107.31602411400002,20.927236976],[107.320540242,20.927723279],[107.343025425,20.921911557],[107.34690177400002,20.918006575]]],[[[107.38454050400001,20.942093243],[107.38229014800001,20.938506881],[107.38006478400001,20.93884012],[107.384880926,20.94636931],[107.39054704400002,20.945731669],[107.38874563200001,20.950142279],[107.39238682000001,20.948416253],[107.392062371,20.942825425],[107.38764553100002,20.940956321],[107.38454050400001,20.942093243]]],[[[107.38608663700002,20.960108816],[107.39033791800001,20.961844274],[107.385345092,20.955232594],[107.384007238,20.950426998],[107.37263499300002,20.940114407],[107.36814146000002,20.933906461],[107.35156550700002,20.925259947],[107.33772669100001,20.926011109],[107.33753797000001,20.928394726],[107.33508391,20.929425596],[107.33185072600001,20.928173349],[107.325690101,20.929117562],[107.312287828,20.934124229],[107.310094149,20.93743262],[107.31360216700001,20.942529813],[107.31629226500002,20.941164948],[107.314113778,20.938955302],[107.31549637000002,20.936773246],[107.31785261200001,20.937386501],[107.31732356300002,20.939822594],[107.31914346600001,20.939759938],[107.31956737500002,20.93838791],[107.32418612200001,20.938362862],[107.321689829,20.94011586],[107.33247676300002,20.943730679],[107.333018261,20.940957812],[107.33353635000002,20.943541754],[107.33796579200002,20.943971498],[107.340855071,20.941887409],[107.33914358100002,20.941137893],[107.33909147100002,20.939493206],[107.340159072,20.939827594],[107.33882291000002,20.936741819],[107.34124626000002,20.938852697],[107.34440832400001,20.938934032],[107.339146397,20.935341162],[107.34617603,20.93646623],[107.348271996,20.938868328],[107.34656217800001,20.939939047],[107.34884674000001,20.939957435],[107.348639329,20.941979814],[107.35095155600001,20.942072634],[107.35050531400002,20.939012079],[107.352389775,20.937215937],[107.34996825800002,20.935229885],[107.35115222400002,20.934515417],[107.35283342000001,20.93671119],[107.35164727700001,20.938996337],[107.35260982600002,20.941102345],[107.35831136800002,20.94475097],[107.36115245900001,20.944686643],[107.35859958300001,20.939411421],[107.36050336400001,20.940556938],[107.36170079400001,20.944080663],[107.36395102300001,20.941905386],[107.36156968000002,20.945877637],[107.36445417700001,20.946884838],[107.365303206,20.94512783],[107.366077149,20.947896946],[107.36818180800002,20.946596203],[107.36728426000002,20.948653088],[107.36909363900001,20.952218076],[107.370359794,20.954182686],[107.372462554,20.954452531],[107.37318499100002,20.956461968],[107.371837338,20.955234129],[107.37191252900001,20.956629188],[107.375007656,20.960014228],[107.376983981,20.960684814],[107.374092431,20.955888416],[107.37935502200001,20.957759674],[107.379882887,20.955857405],[107.37396405200002,20.951963436],[107.376534567,20.951578501],[107.376351718,20.953450948],[107.37965624300001,20.954127903],[107.37800289000002,20.950361354],[107.37924282700001,20.949820425],[107.38109463900001,20.956052459],[107.379202704,20.959880959],[107.38592627800001,20.965907685],[107.38243834600001,20.956195736],[107.38590239800001,20.956870332],[107.38608663700002,20.960108816]]],[[[107.330572982,20.9479444],[107.32612030300001,20.949213286],[107.33264636800001,20.950130865],[107.33595571700002,20.948961352],[107.330572982,20.9479444]]],[[[107.33187762400001,20.953626936],[107.33148615600001,20.952427646],[107.32933858500002,20.952884406],[107.33187762400001,20.953626936]]],[[[107.35158330800002,20.953952263],[107.35016357900001,20.953233698],[107.35304194500002,20.957156824],[107.35158330800002,20.953952263]]],[[[107.33475129500002,20.957240442],[107.33298899800002,20.95582682],[107.33335667900002,20.958153342],[107.33475129500002,20.957240442]]],[[[107.367938957,20.962526534],[107.367106196,20.961941346],[107.36689982700001,20.963102792],[107.367938957,20.962526534]]],[[[107.358730656,20.969746318],[107.35934283300001,20.970580347],[107.36067313600002,20.969473574],[107.358730656,20.969746318]]],[[[107.32295083400001,20.973503758],[107.32571695700001,20.973813088],[107.32368846700001,20.970969632],[107.32295083400001,20.973503758]]],[[[107.37416745800002,20.977641791],[107.37859209100002,20.978072797],[107.378796293,20.976769726],[107.37671480700001,20.975359354],[107.37416745800002,20.977641791]]],[[[107.31492253300001,20.9813536],[107.31926266900001,20.983123919],[107.32397400200001,20.980753976],[107.320019338,20.979654665],[107.31492253300001,20.9813536]]],[[[107.381812339,20.980449015],[107.38101384500001,20.982040088],[107.38249161300001,20.983142865],[107.38607841900001,20.982671297],[107.385148193,20.980683183],[107.381812339,20.980449015]]],[[[107.35097240600001,20.984581048],[107.348909399,20.986417689],[107.35076802800002,20.986146828],[107.35097240600001,20.984581048]]],[[[107.34108651600002,20.987302976],[107.34235557100001,20.986948312],[107.34184442900002,20.985606981],[107.34108651600002,20.987302976]]],[[[107.389466901,20.98620482],[107.387265514,20.986692159],[107.389236687,20.988209194],[107.389466901,20.98620482]]],[[[107.34604132400001,20.986278171],[107.343924604,20.986767049],[107.34728536400002,20.988498204],[107.34604132400001,20.986278171]]],[[[107.34192678,20.988082601],[107.34063331000002,20.990553633],[107.34374913300002,20.992071818],[107.34192678,20.988082601]]],[[[107.344827156,20.990295915],[107.34549940500001,20.991481807],[107.34700979400002,20.989836723],[107.344827156,20.990295915]]],[[[107.348365995,20.992087792],[107.35062039300001,20.993587305],[107.351017995,20.99655623],[107.35331866700001,20.993183918],[107.34789175000002,20.991021788],[107.348365995,20.992087792]]],[[[107.362737879,20.99558885],[107.36259242900002,20.996724801],[107.36364028400001,20.994779588],[107.362737879,20.99558885]]],[[[107.380438941,20.996354473],[107.38149185200001,20.997419282],[107.38122416300001,20.995622789],[107.378647889,20.994999471],[107.380438941,20.996354473]]],[[[107.37875388600001,20.9977068],[107.37884311600001,20.996755016],[107.37743890000002,20.997379107],[107.37875388600001,20.9977068]]],[[[107.36281484400001,20.998407261],[107.363287213,20.997266769],[107.36166442500001,20.997994216],[107.36281484400001,20.998407261]]],[[[107.36674035000001,21.002283445],[107.367239198,21.001264727],[107.36573027100002,21.001470429],[107.36674035000001,21.002283445]]],[[[107.38386881000001,21.006220028],[107.38144154800001,21.006059832],[107.38437749700002,21.005168629],[107.38333601300002,21.001961401],[107.379326649,21.004146597],[107.38104948400002,21.00633237],[107.37993182900001,21.007546028],[107.38365584400002,21.007453438],[107.38386881000001,21.006220028]]],[[[107.38567901000002,21.007013442],[107.38473674300002,21.009461907],[107.387870493,21.008226967],[107.38567901000002,21.007013442]]],[[[107.37300403200001,21.041980506],[107.37618431000001,21.038292194],[107.37443149600001,21.033554263],[107.371186746,21.036105699],[107.37240419500002,21.037775427],[107.37300403200001,21.041980506]]],[[[107.39906028700001,20.751587558],[107.39697492400002,20.751723196],[107.39543728200002,20.748454419],[107.39239446700002,20.746854767],[107.38641934300001,20.745626414],[107.38785902700002,20.752782209],[107.39477459600002,20.758956368],[107.396848008,20.756626079],[107.40003307,20.757156968],[107.39906028700001,20.751587558]]],[[[107.41478845300001,20.804366598],[107.419165336,20.802136639],[107.42187667400002,20.796955119],[107.416889339,20.785456162],[107.415289232,20.773885522],[107.41122648000001,20.772754728],[107.41031611000001,20.768764556],[107.40764746200001,20.778221449],[107.400976033,20.778409976],[107.40159523900002,20.783188285],[107.400100656,20.786202556],[107.401138928,20.79269738],[107.39977451700001,20.798358676],[107.40403252400002,20.806962828],[107.406845783,20.808964868],[107.40813559100002,20.804198993],[107.40989208600001,20.806524492],[107.41478845300001,20.804366598]]],[[[107.43004714300001,20.789505233],[107.431346161,20.791671048],[107.43443632200001,20.787797028],[107.43269070100001,20.788264971],[107.43109741500001,20.786673089],[107.43004714300001,20.789505233]]],[[[107.41657721700001,20.855530176],[107.41548362300001,20.849774395],[107.412557419,20.848704505],[107.41030778400001,20.85187921],[107.41484607200002,20.856450553],[107.41657721700001,20.855530176]]],[[[107.39501913900001,20.873893576],[107.39370552400001,20.875737085],[107.39570103100002,20.875028419],[107.39501913900001,20.873893576]]],[[[107.39716114900001,20.883433735],[107.399049235,20.882012866],[107.397023747,20.880128962],[107.39597775700001,20.881099786],[107.39716114900001,20.883433735]]],[[[107.393743483,20.887465624],[107.399426755,20.887067142],[107.395917394,20.88532359],[107.393743483,20.887465624]]],[[[107.39109017800001,20.886148108],[107.39146952100002,20.888652692],[107.392414338,20.886647517],[107.39109017800001,20.886148108]]],[[[107.451437792,20.899999793],[107.45277085900001,20.89780876],[107.45008859,20.896453638],[107.44779000600002,20.892007008],[107.44349089100001,20.891371781],[107.44011854100002,20.887854349],[107.43453592300001,20.88651317],[107.431303327,20.883871505],[107.42853044200001,20.88403759],[107.42732622100002,20.88766558],[107.42276646000002,20.88820082],[107.42408421000002,20.890435496],[107.42117869300002,20.889553588],[107.41566128500001,20.892283273],[107.41823875100002,20.894293442],[107.421991239,20.892794286],[107.424774557,20.897412116],[107.442991555,20.905767783],[107.44505195700002,20.90562969],[107.44664084400002,20.903154539],[107.44406799100001,20.900223041],[107.451437792,20.899999793]]],[[[107.41847308900002,20.895734683],[107.42223268500001,20.895771787],[107.421152681,20.894539258],[107.41847308900002,20.895734683]]],[[[107.39547467900002,20.926867297],[107.39870828200002,20.927658673],[107.39676686700001,20.925547492],[107.39547467900002,20.926867297]]],[[[107.43462743700002,20.928375091],[107.43041873400001,20.92569614],[107.43534052500002,20.929663654],[107.43462743700002,20.928375091]]],[[[107.43927403500001,20.932294399],[107.44097687100002,20.932784986],[107.43947368500001,20.93135112],[107.43927403500001,20.932294399]]],[[[107.452606404,20.961171188],[107.44655642,20.944684962],[107.43992546800001,20.938454669],[107.43511696100002,20.936137074],[107.42611934900002,20.926687283],[107.42198641000002,20.925209634],[107.42189533500002,20.921950328],[107.41926305900002,20.919833608],[107.41302379200002,20.918945834],[107.40395956400002,20.91281365],[107.402427341,20.914992818],[107.403649041,20.917361895],[107.39880586900001,20.914978382],[107.39961478100001,20.913299813],[107.39668994300001,20.913308128],[107.395722032,20.911556465],[107.39123135400001,20.910524319],[107.38735498600002,20.907603817],[107.38059025100002,20.905879098],[107.380838789,20.90839077],[107.37969055200001,20.908439549],[107.37628861200001,20.90688633],[107.37821224100001,20.905226275],[107.36831619100002,20.902521737],[107.355746402,20.902501827],[107.35532939700002,20.90031724],[107.35382628900001,20.902168706],[107.34482372100001,20.905398174],[107.36722338400001,20.908325385],[107.37903494800001,20.912133053],[107.38548236000001,20.915786216],[107.394152321,20.915762884],[107.40608924800001,20.919713966],[107.41348953700002,20.925199391],[107.41641480000001,20.930633415],[107.42205209200002,20.943367722],[107.419529812,20.944612994],[107.420955079,20.948776999],[107.42345631100001,20.948381881],[107.42276695200002,20.944501668],[107.42698786900002,20.947089413],[107.43473191400001,20.958616275],[107.44919713500002,20.969134726],[107.45453890400002,20.967534058],[107.452606404,20.961171188]]],[[[107.39175104400002,20.940386903],[107.39315385000002,20.942879899],[107.394614834,20.942789601],[107.39442695900001,20.938767376],[107.39594803700001,20.93701273],[107.39197108600001,20.937859583],[107.39056191700001,20.939647479],[107.39175104400002,20.940386903]]],[[[107.39480020700002,20.952170425],[107.392169078,20.951974717],[107.391978535,20.95402377],[107.393421056,20.954305687],[107.39480020700002,20.952170425]]],[[[107.43132005500001,20.96462532],[107.43520445000001,20.966702114],[107.43208876500002,20.962275609],[107.42954838800001,20.961658416],[107.429394533,20.963483415],[107.43132005500001,20.96462532]]],[[[107.43866551500001,20.970832728],[107.43979637600002,20.971723823],[107.438943863,20.969642315],[107.43866551500001,20.970832728]]],[[[107.39664835700002,20.973329128],[107.398581903,20.97318608],[107.398107375,20.971840917],[107.39664835700002,20.973329128]]],[[[107.431037505,20.973258354],[107.431646647,20.972463614],[107.43233669100002,20.974700307],[107.43450675900002,20.974414772],[107.43166568300002,20.971873507],[107.431037505,20.973258354]]],[[[107.42004914800002,20.975625886],[107.41749463600001,20.974743583],[107.41878496000001,20.97671545],[107.42004914800002,20.975625886]]],[[[107.41519564900001,20.977853945],[107.414874421,20.978775987],[107.41792608000002,20.976610677],[107.41519564900001,20.977853945]]],[[[107.40648640600001,20.977257123],[107.40356027100002,20.976245702],[107.40165739200002,20.97760462],[107.40345560900002,20.979727895],[107.40636273500002,20.978118328],[107.40752361200002,20.979068808],[107.40648640600001,20.977257123]]],[[[107.44040800600001,20.977704608],[107.436237735,20.97987772],[107.438069991,20.980908193],[107.44093108900002,20.980198696],[107.44221643000002,20.982218186],[107.44434391500002,20.976677768],[107.44219083300001,20.975695024],[107.44040800600001,20.977704608]]],[[[107.43731790400001,20.984128506],[107.44101410200001,20.983184331],[107.44089867900001,20.981741008],[107.43612111100002,20.981895829],[107.43731790400001,20.984128506]]],[[[107.41186618800002,20.985623481],[107.41068121600001,20.987936317],[107.41229449100001,20.986958358],[107.41186618800002,20.985623481]]],[[[107.41602310600001,20.988261351],[107.41604452100002,20.987004996],[107.41493093400001,20.987269116],[107.41340332000001,20.990195853],[107.41602310600001,20.988261351]]],[[[107.403893804,20.992013999],[107.40125260200001,20.993360774],[107.40498359700001,20.991999722],[107.403893804,20.992013999]]],[[[107.42575411800001,20.993579367],[107.42296420000001,20.994543049],[107.423665569,20.995863213],[107.42201241600002,20.996642923],[107.42399926600001,20.996244364],[107.42493320400001,20.998255008],[107.42490941000001,20.995958828],[107.42718179500001,20.994667971],[107.42575411800001,20.993579367]]],[[[107.40815993900002,20.998080355],[107.40948054000002,20.997533079],[107.41117590600001,20.999531827],[107.40901654500001,20.9963374],[107.40701184900001,20.997253493],[107.40815993900002,20.998080355]]],[[[107.39352776100002,20.997456163],[107.39112926400001,20.999983151],[107.39451642700001,20.99778096],[107.39352776100002,20.997456163]]],[[[107.424942643,20.999894377],[107.42625134600002,20.99966238],[107.42461546700001,20.999376845],[107.42415742100002,21.000750983],[107.424942643,20.999894377]]],[[[107.44127617200002,21.008809281],[107.441123028,21.007219351],[107.44013799000001,21.009860822],[107.44185585500001,21.011500696],[107.44127617200002,21.008809281]]],[[[107.407294602,21.00988099],[107.40428076200001,21.008871329],[107.40422570600002,21.012425757],[107.40795418400002,21.011531067],[107.407294602,21.00988099]]],[[[107.43464755900001,21.01281466],[107.43587927400002,21.011947513],[107.43412093600001,21.011733544],[107.43464755900001,21.01281466]]],[[[107.42163246200002,21.012736611],[107.42154061700002,21.011566742],[107.420419039,21.013333199],[107.42163246200002,21.012736611]]],[[[107.40591201500001,21.014708894],[107.40814208800002,21.015454446],[107.40859770900002,21.01432285],[107.40633804100001,21.013342906],[107.40591201500001,21.014708894]]],[[[107.439711232,21.018422508],[107.43815113900001,21.017428456],[107.438432849,21.019098426],[107.439711232,21.018422508]]],[[[107.44514279300002,21.022894341],[107.44612808100001,21.021703409],[107.44360360200001,21.015176044],[107.44082408700001,21.013541956],[107.44117671100001,21.011545112],[107.43939668100002,21.011435328],[107.43933195600002,21.014041654],[107.438377584,21.011176222],[107.43644646000001,21.011449362],[107.435448317,21.015106531],[107.43729893400001,21.014809364],[107.44081032200002,21.017581511],[107.44174770900001,21.022284661],[107.44344405500001,21.021363567],[107.44439660800002,21.022268712],[107.44225381400001,21.026216986],[107.44427134400001,21.027943778],[107.44651970800001,21.025324911],[107.44514279300002,21.022894341]]],[[[107.42924038200002,21.020141822],[107.428860635,21.019026993],[107.42723307900002,21.020072812],[107.42760233900002,21.023012849],[107.42989271000002,21.021331296],[107.42924038200002,21.020141822]]],[[[107.424719144,21.022734595],[107.42290611800001,21.021838437],[107.423916716,21.023652248],[107.424719144,21.022734595]]],[[[107.429407269,21.025060648],[107.43198558200001,21.026877083],[107.43128455000002,21.024961404],[107.429407269,21.025060648]]],[[[107.41028991000002,21.028627972],[107.407691549,21.027219442],[107.40629541400001,21.028217293],[107.40869581100002,21.028233124],[107.41127135300002,21.031311479],[107.41210041200002,21.030296812],[107.41028991000002,21.028627972]]],[[[107.41886464000001,21.032442453],[107.41865618000001,21.029487732],[107.41649771000002,21.028152799],[107.41886464000001,21.032442453]]],[[[107.42687162900002,21.034823563],[107.42854327900001,21.032980948],[107.421548615,21.030648503],[107.42316647400001,21.03499913],[107.42576247600002,21.035207553],[107.425488674,21.033197637],[107.42687162900002,21.034823563]]],[[[107.40332294200002,21.034174507],[107.40489761900001,21.034482378],[107.40560130400002,21.032052227],[107.40332294200002,21.034174507]]],[[[107.43599902200002,21.035237324],[107.43673731500002,21.036145577],[107.43610223400002,21.033552445],[107.43599902200002,21.035237324]]],[[[107.41755737100002,21.039252313],[107.41655878200001,21.039827238],[107.417760131,21.040320937],[107.41755737100002,21.039252313]]],[[[107.4111737,21.041205748],[107.409915855,21.039473009],[107.40939393700002,21.041031665],[107.4111737,21.041205748]]],[[[107.44602764500002,21.047349105],[107.44475009900002,21.045422854],[107.44211371300001,21.045618224],[107.43980561300002,21.043348071],[107.44347750100002,21.049748807],[107.44602764500002,21.047349105]]],[[[107.42280951100001,21.046472564],[107.42237981100001,21.047581344],[107.424430928,21.048530054],[107.42495729300002,21.045825134],[107.42280951100001,21.046472564]]],[[[107.41973543800002,21.048073771],[107.41986536600001,21.046676405],[107.41808110200002,21.046434055],[107.41973543800002,21.048073771]]],[[[107.43555044800001,21.047609821],[107.437706774,21.048780739],[107.43659823300001,21.04550858],[107.43555044800001,21.047609821]]],[[[107.41632859100001,21.047131749],[107.41596939700001,21.049117919],[107.41820811,21.049366368],[107.41776676,21.047291926],[107.41632859100001,21.047131749]]],[[[107.426579482,21.050785734],[107.42649573100002,21.048893091],[107.42543676500001,21.050035785],[107.426579482,21.050785734]]],[[[107.43469592500001,21.054380846],[107.43121641200001,21.053002159],[107.43368570800001,21.0563241],[107.43642860500002,21.055252712],[107.43831275500001,21.057601298],[107.43799989300001,21.055258503],[107.43469592500001,21.054380846]]],[[[107.44261664000001,21.055497369],[107.44185284000001,21.054677631],[107.44165103800002,21.055857289],[107.44261664000001,21.055497369]]],[[[107.42424151700001,21.060869996],[107.426566629,21.060365437],[107.42644864700002,21.058246147],[107.42424151700001,21.060869996]]],[[[107.46556533800002,20.726294192],[107.456604315,20.717349689],[107.45051645800001,20.716393611],[107.44640423100002,20.718100727],[107.448431835,20.722995889],[107.45358592800001,20.723667692],[107.45499999000002,20.726525694],[107.46016039300001,20.729278748],[107.459768922,20.732136881],[107.462777834,20.732093807],[107.46642101700002,20.735742085],[107.46617170400002,20.737236154],[107.47249717500002,20.740922962],[107.470410377,20.735196397],[107.47117429,20.731540626],[107.46556533800002,20.726294192]]],[[[107.48637342300002,20.762148491],[107.48002443700001,20.756878102],[107.47242870600002,20.761941322],[107.47404241400001,20.765227656],[107.479459939,20.767358324],[107.47920345000001,20.770752841],[107.482276898,20.771964272],[107.483384545,20.770190016],[107.488828179,20.771172023],[107.48987938000002,20.770025704],[107.48862230200001,20.764734123],[107.48637342300002,20.762148491]]],[[[107.49304442200001,20.777038667],[107.49331000500001,20.775301771],[107.48833073300001,20.771782373],[107.49023353600002,20.775271055],[107.489576104,20.777591312],[107.49304442200001,20.777038667]]],[[[107.461471631,20.864763492],[107.46019380300001,20.862807329],[107.45833658300002,20.866087001],[107.46128278200001,20.867447807],[107.461471631,20.864763492]]],[[[107.46811705000002,20.864761252],[107.46714089900001,20.863995794],[107.46382352300002,20.866351097],[107.46296210400001,20.868546137],[107.464082779,20.870026697],[107.468157044,20.866845892],[107.46811705000002,20.864761252]]],[[[107.45848050600001,20.873971748],[107.462049887,20.875130011],[107.464697533,20.872460375],[107.46439953700002,20.870830564],[107.46282742900001,20.870110504],[107.459144828,20.871712752],[107.45848050600001,20.873971748]]],[[[107.47006294700002,20.891202309],[107.471173731,20.889392541],[107.46852677200002,20.88967166],[107.463420206,20.894724855],[107.46345345000002,20.897629125],[107.466983319,20.897283701],[107.47006294700002,20.891202309]]],[[[107.51527598100002,20.909848298],[107.51129702000001,20.901975181],[107.507634277,20.9045074],[107.509626843,20.900359444],[107.506737201,20.897539267],[107.50429646200001,20.897766181],[107.50520462900002,20.895229412],[107.504214873,20.89406358],[107.49464174500001,20.894253923],[107.487267611,20.896777492],[107.48311082,20.895747344],[107.48253168200002,20.89433897],[107.478384618,20.895704125],[107.47913942500001,20.899347099],[107.48264340900002,20.901729142],[107.48631467400001,20.902812937],[107.491750492,20.90192277],[107.494661109,20.906829892],[107.49877936000001,20.907310243],[107.50096588800001,20.909244962],[107.50342077400002,20.908875329],[107.508631563,20.912023905],[107.51013370400001,20.909389192],[107.5129952,20.911077657],[107.51094233,20.913323736],[107.51781698700002,20.915101714],[107.51687047300001,20.912145746],[107.51519993200002,20.91192455],[107.51527598100002,20.909848298]]],[[[107.44560217100002,20.907875956],[107.449455647,20.907096425],[107.44591049400002,20.905648993],[107.44560217100002,20.907875956]]],[[[107.44359412700001,20.906797357],[107.44233774400001,20.908466606],[107.44443792900002,20.907730309],[107.44359412700001,20.906797357]]],[[[107.445597411,20.910484058],[107.44700702800002,20.909225343],[107.44396254800002,20.909165759],[107.445597411,20.910484058]]],[[[107.470344804,20.952729076],[107.45755850300002,20.940372832],[107.45263415200002,20.937977264],[107.44952940600001,20.933679456],[107.44327542900001,20.932570533],[107.44439134800001,20.935194894],[107.457030462,20.946564135],[107.457699005,20.954631473],[107.460618926,20.956638982],[107.462198577,20.961566569],[107.464673443,20.961252827],[107.46386725100001,20.965137883],[107.46765696300001,20.965986248],[107.47029609700002,20.974201209],[107.47590844000001,20.977909391],[107.48021847400001,20.975347938],[107.481603559,20.967790038],[107.478775339,20.965695475],[107.47345721,20.955185215],[107.470344804,20.952729076]]],[[[107.554234762,21.033879563],[107.55105783300002,21.028605259],[107.55191515800001,21.023565179],[107.55058630100001,21.024416254],[107.54815591200001,21.022683204],[107.54683577400002,21.024043522],[107.547271832,21.021114537],[107.54492623500002,21.019326541],[107.54409158000001,21.012247375],[107.545486222,21.008539896],[107.54282401600001,21.008284801],[107.54576229700001,21.006283574],[107.54516198200001,21.004590032],[107.542793244,21.004786323],[107.54269837200002,21.000873188],[107.54455596900002,21.000872225],[107.54782119,20.994686054],[107.551161645,20.996140562],[107.551633211,20.994797924],[107.54767549600001,20.98887726],[107.548411682,20.985851973],[107.54507433000002,20.984948722],[107.545110801,20.982250217],[107.53863817500002,20.985077954],[107.541063,20.981308479],[107.53738512500001,20.974167173],[107.533778311,20.972092244],[107.53273713800002,20.976988324],[107.53138531300002,20.972683277],[107.52964885300001,20.971831894],[107.53106860800001,20.969194785],[107.53417101600002,20.970898865],[107.53592485000001,20.969167242],[107.53089684000001,20.958018935],[107.53205148500001,20.955258389],[107.53031470700002,20.954257961],[107.52647177800002,20.945030638],[107.52437649200002,20.943621451],[107.52610030000001,20.940946217],[107.52321701600002,20.94117857],[107.52146533600002,20.939644102],[107.52273605300002,20.93221403],[107.51696765900002,20.924358386],[107.51284212800002,20.921005472],[107.51155373600001,20.92336877],[107.51138383300001,20.920041142],[107.508325331,20.923154822],[107.509219557,20.917675741],[107.50637595600001,20.921732572],[107.50538877200002,20.919251788],[107.50172305000001,20.918079357],[107.499794508,20.915531259],[107.48984387400002,20.913235104],[107.48650083100001,20.913816546],[107.482886524,20.91724583],[107.48259148500001,20.911029485],[107.481122182,20.909519403],[107.47756709900001,20.910836698],[107.47696882100001,20.91293771],[107.46187371700002,20.90514832],[107.45915362200002,20.905368429],[107.458521548,20.907108142],[107.45348837800002,20.905527375],[107.45015691300001,20.906233873],[107.45488788900002,20.911786588],[107.45979730200001,20.912699041],[107.45249530900001,20.912152473],[107.45760346000002,20.914799606],[107.45334340700002,20.91339776],[107.453365728,20.914769024],[107.451336738,20.912786431],[107.442524032,20.912251639],[107.40977382600002,20.899701542],[107.407087986,20.896431292],[107.406897209,20.893393084],[107.39469987900002,20.890636688],[107.39484305,20.892284105],[107.39934572800001,20.893751273],[107.39520784000001,20.893786494],[107.39418374800002,20.901674652],[107.40535050400001,20.903350977],[107.41533255700001,20.908482948],[107.41656440100002,20.911086324],[107.41864812900002,20.910122249],[107.41815295300002,20.91365421],[107.41985796300001,20.915387421],[107.42609953100002,20.915948925],[107.42610234500002,20.91411036],[107.428078299,20.917210869],[107.43162029400001,20.915958753],[107.434874266,20.917213549],[107.43316098000001,20.920779777],[107.44163169500001,20.92464881],[107.44583013700002,20.929980963],[107.44837785500002,20.92945286],[107.45687906600001,20.93608174],[107.46141902700002,20.938705265],[107.46402010300001,20.938595393],[107.46567101500001,20.94160735],[107.47168380600002,20.945741524],[107.473871674,20.944856866],[107.48183596100002,20.95429661],[107.48201682900002,20.957792332],[107.48565360100001,20.962553254],[107.48823359300002,20.956501919],[107.490877914,20.956203027],[107.48763742700001,20.960587758],[107.48909365700001,20.972865777],[107.49247725,20.976406415],[107.492023267,20.979764095],[107.48805309600002,20.98002455],[107.48287931300001,20.973638169],[107.477505336,20.984977758],[107.48012986600001,20.985315359],[107.48214925900001,20.982597169],[107.48701740300001,20.981343342],[107.48683736400001,20.986752272],[107.489450994,20.985765551],[107.49130387800001,20.993800428],[107.49475995200001,20.995827737],[107.49838762600001,21.003555254],[107.50766451800001,21.01646195],[107.510471895,21.017318473],[107.512201951,21.01514333],[107.508483839,21.009171824],[107.50831469500001,21.003476784],[107.50440297900002,20.999685046],[107.50495969500001,20.99840146],[107.50862721700001,21.002294646],[107.51023318700001,21.001197331],[107.50961854000002,21.008583561],[107.51480451700002,21.018429803],[107.51936332400001,21.023516447],[107.522743591,21.02296593],[107.525563798,21.030151461],[107.527271116,21.029036849],[107.535246991,21.040399485],[107.53720553,21.041135658],[107.53566179900001,21.03338665],[107.536964652,21.027806356],[107.53834911800001,21.030829473],[107.539909954,21.028480477],[107.54106796900001,21.030141229],[107.54004458500002,21.034572536],[107.543811876,21.032779168],[107.544797603,21.029835185],[107.54397415500002,21.027551274],[107.54263891300002,21.028395527],[107.538443729,21.023814379],[107.53946106600002,21.022909552],[107.53583982100001,21.023121862],[107.53298176400001,21.021447225],[107.53722604500001,21.022844082],[107.54025804400001,21.021434788],[107.53524267800002,21.017723826],[107.54068788900001,21.01944148],[107.53734211200002,21.01381198],[107.53712960000001,21.009303437],[107.54137993200001,21.018307883],[107.54086202900001,21.021004373],[107.54320487400001,21.021911596],[107.55135888800001,21.031782801],[107.54959975500002,21.039065934],[107.55122268,21.044997932],[107.55308080800002,21.039969716],[107.55539427600002,21.039854498],[107.554234762,21.033879563]]],[[[107.46633017500001,20.970677163],[107.466797342,20.96937945],[107.46497974200001,20.969572321],[107.46508967500002,20.970861679],[107.46633017500001,20.970677163]]],[[[107.44767630900002,20.971372798],[107.44462994000001,20.968974728],[107.445380925,20.972299963],[107.44730546900001,20.973372889],[107.44767630900002,20.971372798]]],[[[107.46786236800001,20.977768994],[107.46605094400002,20.978310171],[107.46761895600001,20.980536413],[107.46915707500001,20.979186336],[107.46786236800001,20.977768994]]],[[[107.47119717900001,20.982001874],[107.47149289100001,20.984165192],[107.47493235600001,20.980701182],[107.47385263400001,20.978305339],[107.46988492500002,20.976005561],[107.47212376600001,20.978601454],[107.469813572,20.980450337],[107.47119717900001,20.982001874]]],[[[107.44816189100001,21.005071747],[107.44716853800001,21.004369642],[107.44575865600001,21.00806816],[107.442798586,21.009497545],[107.44668662500001,21.010101928],[107.446087001,21.00832685],[107.44816189100001,21.005071747]]],[[[107.45447327300002,21.009780482],[107.45396713800001,21.011184814],[107.45560040500001,21.010714371],[107.45447327300002,21.009780482]]],[[[107.45039204100001,21.009796762],[107.44945274900002,21.01132854],[107.45135356500002,21.01233011],[107.45285894700001,21.010794351],[107.450866743,21.010100143],[107.45134501500002,21.009157877],[107.45039204100001,21.009796762]]],[[[107.44387474900002,21.012804364],[107.444047038,21.013921953],[107.446138333,21.013813252],[107.445593439,21.011612196],[107.44387474900002,21.012804364]]],[[[107.47774288200002,21.015249936],[107.47870499100001,21.012470154],[107.47712707900001,21.013046895],[107.47774288200002,21.015249936]]],[[[107.45951965300002,21.01572281],[107.45796348600001,21.010840156],[107.45624670500001,21.010401145],[107.45404094400001,21.014834081],[107.45729961600001,21.013702647],[107.45643230300001,21.016775721],[107.457949209,21.017525251],[107.45740211700002,21.016235823],[107.45951965300002,21.01572281]]],[[[107.44777836800002,21.016934712],[107.44816539100002,21.015204766],[107.44677173900001,21.014765497],[107.44777836800002,21.016934712]]],[[[107.45997907200001,21.019488129],[107.458912804,21.021448192],[107.46134687500002,21.01957531],[107.460132181,21.017390425],[107.45997907200001,21.019488129]]],[[[107.45431357900002,21.019768257],[107.452962307,21.021103086],[107.45423752500001,21.022692594],[107.455511291,21.02173334],[107.45431357900002,21.019768257]]],[[[107.45073433700001,21.021772302],[107.45162619500002,21.018760817],[107.450473521,21.017295364],[107.448450348,21.021984592],[107.44734395700002,21.021503369],[107.452187918,21.026276173],[107.45073433700001,21.021772302]]],[[[107.48359785000001,21.022082102],[107.48509311300002,21.023183538],[107.48632076800001,21.021680478],[107.48359785000001,21.022082102]]],[[[107.46231085900001,21.022802346],[107.45921648600002,21.023838282],[107.46203960400001,21.026471929],[107.46061753,21.026961417],[107.46112140000001,21.028071103],[107.462871203,21.026938162],[107.46231085900001,21.022802346]]],[[[107.475175137,21.026358243],[107.47659291500001,21.027234384],[107.47567086700002,21.02413278],[107.475175137,21.026358243]]],[[[107.45591770100002,21.027321976],[107.45593591,21.023526953],[107.45371208800002,21.026397265],[107.455073276,21.030166051],[107.456757144,21.028886247],[107.45591770100002,21.027321976]]],[[[107.49097700800002,21.027184682],[107.48643812700001,21.03178203],[107.48868893600002,21.031985148],[107.49198760800002,21.029139473],[107.49097700800002,21.027184682]]],[[[107.48314799200001,21.030905093],[107.48451624800002,21.030205417],[107.48372045500001,21.028464454],[107.48314799200001,21.030905093]]],[[[107.49295866500002,21.032347302],[107.49378250100001,21.03093506],[107.49257791900001,21.03040206],[107.491404423,21.031737636],[107.49295866500002,21.032347302]]],[[[107.492332122,21.03394541],[107.490451723,21.034668366],[107.492430428,21.036631072],[107.49353794100001,21.03435571],[107.492332122,21.03394541]]],[[[107.49988681300002,21.036269749],[107.501874463,21.036519255],[107.50152706000002,21.034773961],[107.49988681300002,21.036269749]]],[[[107.50371247200002,21.037964182],[107.499085485,21.037621925],[107.49966226,21.035259908],[107.49703948000001,21.033640321],[107.49710875100001,21.039192781],[107.501406975,21.039847764],[107.50371247200002,21.037964182]]],[[[107.50497469400001,21.036603748],[107.50368912400002,21.036577292],[107.50517259100002,21.038283711],[107.50497469400001,21.036603748]]],[[[107.489142475,21.036103505],[107.48639972200002,21.039356177],[107.48867596600002,21.039259925],[107.48936939300002,21.040684495],[107.490341068,21.037275306],[107.489142475,21.036103505]]],[[[107.444463354,21.05391316],[107.44603837400001,21.05456078],[107.444349283,21.050003751],[107.444463354,21.05391316]]],[[[107.47096119100001,21.051746483],[107.46784918100002,21.052556283],[107.471306253,21.053770938],[107.472070056,21.052359561],[107.47096119100001,21.051746483]]],[[[107.495730414,21.056262182],[107.49460378500001,21.054790304],[107.49260226100002,21.055093593],[107.49523692100001,21.057603505],[107.497840144,21.055822033],[107.495730414,21.056262182]]],[[[107.45978470100002,21.056738602],[107.45923540600002,21.055941028],[107.45886978100002,21.057337114],[107.45978470100002,21.056738602]]],[[[107.46056449000001,21.057101674],[107.462635223,21.058566252],[107.46263406900002,21.056458152],[107.46056449000001,21.057101674]]],[[[107.46573922800002,21.060302147],[107.46687468000002,21.060499603],[107.46561517200001,21.058670867],[107.463964748,21.058946609],[107.46573922800002,21.060302147]]],[[[107.50045886900001,21.05878689],[107.50565063000002,21.061222823],[107.50511246200001,21.058329379],[107.50045886900001,21.05878689]]],[[[107.44997141000002,21.063367842],[107.44645323400002,21.062307829],[107.44747405100001,21.063274869],[107.44577619400002,21.064337702],[107.44818490100002,21.064944837],[107.44997141000002,21.063367842]]],[[[107.49256245500001,21.063961165],[107.48901096700001,21.062729498],[107.48830769500002,21.063948131],[107.49138299700002,21.066561858],[107.49360109900002,21.065984927],[107.49256245500001,21.063961165]]],[[[107.47429566000001,21.066056615],[107.47596433400001,21.068096503],[107.47745347700001,21.067791577],[107.475393163,21.065568654],[107.47429566000001,21.066056615]]],[[[107.44489732900001,21.064882184],[107.44057075200001,21.065410104],[107.446487978,21.069962854],[107.44489732900001,21.064882184]]],[[[107.51395282000001,21.069043537],[107.51126262200002,21.071200275],[107.50664893000001,21.070553715],[107.50334390600001,21.067523373],[107.50008557000001,21.067903346],[107.49683687400001,21.071972513],[107.503000983,21.073301778],[107.50268705600001,21.070309783],[107.503878682,21.06968737],[107.504698403,21.074871225],[107.507883852,21.076006381],[107.51367539000002,21.075205701],[107.51506740300002,21.070813971],[107.51395282000001,21.069043537]]],[[[107.450471586,21.072885927],[107.45254363700002,21.074407289],[107.45355097600002,21.073521109],[107.45083097700001,21.070895293],[107.450471586,21.072885927]]],[[[107.455980464,21.076917249],[107.45490221400001,21.076133556],[107.45535711200002,21.077719076],[107.455980464,21.076917249]]],[[[107.481718319,21.080504543],[107.47984436800002,21.080645156],[107.481087001,21.082036709],[107.481718319,21.080504543]]],[[[107.49156314900002,21.084000866],[107.48847719400001,21.082790645],[107.48733068000001,21.084355576],[107.48510138700001,21.083076121],[107.486573735,21.085172192],[107.49156314900002,21.084000866]]],[[[107.462539102,21.085119564],[107.46408099300001,21.085612112],[107.462125076,21.082920942],[107.462539102,21.085119564]]],[[[107.45432579800001,21.084695028],[107.45226994300002,21.084009744],[107.45405929800002,21.087036418],[107.45432579800001,21.084695028]]],[[[107.49385054500002,21.087544884],[107.49187096000001,21.084572109],[107.48997284600001,21.085477906],[107.490790466,21.087492276],[107.48948669900001,21.088276043],[107.491074605,21.089863839],[107.49566901800002,21.089701849],[107.49385054500002,21.087544884]]],[[[107.50241730700002,21.093313109],[107.49921574200002,21.091793228],[107.499061077,21.09299783],[107.50157140800002,21.093203058],[107.50263324300002,21.095014423],[107.50241730700002,21.093313109]]],[[[107.50403788500002,21.101241118],[107.50295409800002,21.103245665],[107.504775265,21.102295534],[107.50403788500002,21.101241118]]],[[[107.48676735700002,21.289386049],[107.48435458400002,21.293602454],[107.48489710100002,21.296238897],[107.486082073,21.294397194],[107.48990824600001,21.292955241],[107.48952277300002,21.291770269],[107.487495472,21.292055804],[107.48950849600001,21.288657934],[107.48676735700002,21.289386049]]],[[[107.55499243700001,20.94107275],[107.55858444800002,20.942192782],[107.55600224600002,20.937012086],[107.55692573700001,20.934702632],[107.55931500100002,20.933561601],[107.55251544900001,20.926766435],[107.543600843,20.921518511],[107.532064157,20.90821851],[107.52906788900002,20.908053936],[107.5262799,20.905627128],[107.520103587,20.896774407],[107.51982962400001,20.888976421],[107.51786713800001,20.883995673],[107.51411910100002,20.880556957],[107.50765760000002,20.878198838],[107.49701476700001,20.866909242],[107.49294227900002,20.857490516],[107.49380301700002,20.853339462],[107.49231363000001,20.845421941],[107.48819969300001,20.835852849],[107.48329726900002,20.830934709],[107.48087739300001,20.821238228],[107.47752149100002,20.81665396],[107.47565888200002,20.817405533],[107.47091710600002,20.814840317],[107.47072255000002,20.817142394],[107.46858079000002,20.818664373],[107.47175475400002,20.820415675],[107.47111400400001,20.823632917],[107.47457931600002,20.831422095],[107.47847398300001,20.832475367],[107.47779420600001,20.835657078],[107.480071605,20.838301531],[107.48237659100002,20.847313373],[107.48339506600001,20.852255402],[107.48152753500001,20.854260359],[107.48147354800001,20.858011854],[107.48471563400001,20.859942749],[107.484106355,20.861929458],[107.48748768000002,20.861397887],[107.48992622800002,20.865209604],[107.48999900500002,20.866511044],[107.48822166900001,20.86619928],[107.48769036000002,20.867473311],[107.49043188600001,20.872510699],[107.48810091700001,20.876018],[107.475686507,20.880226361],[107.47441322700001,20.882463885],[107.47508181600001,20.886422034],[107.481667842,20.889377762],[107.489698736,20.884907209],[107.49449648500001,20.886890563],[107.49973762700002,20.885391961],[107.51091418000001,20.889199834],[107.51362746600002,20.895022723],[107.51219031300002,20.897538506],[107.513455246,20.902812141],[107.51932072200002,20.910854888],[107.519650491,20.916404207],[107.53952633300001,20.940582837],[107.548834784,20.953888783],[107.55528624100002,20.967713753],[107.55796404300001,20.969081437],[107.56003894900002,20.966138202],[107.55393665200002,20.959688889],[107.550835649,20.949452012],[107.551779378,20.944631448],[107.55499243700001,20.94107275]]],[[[107.568182973,20.985863109],[107.56789953000002,20.983863282],[107.56591934200002,20.984317054],[107.567208793,20.986972697],[107.568182973,20.985863109]]],[[[107.54951841800002,20.986046457],[107.548715756,20.987260716],[107.55044250400002,20.986562779],[107.54951841800002,20.986046457]]],[[[107.549958998,21.011324031],[107.55138278900002,21.011929881],[107.55196216300001,21.010057625],[107.55003044900002,21.009907411],[107.549958998,21.011324031]]],[[[107.51274833300002,21.031244171],[107.51165170100002,21.032319107],[107.51442205300002,21.032608897],[107.51374976400001,21.029548652],[107.51274833300002,21.031244171]]],[[[107.553778148,21.030544861],[107.55642770800002,21.036678924],[107.55573232700002,21.043253619],[107.55720715200002,21.045067529],[107.560342818,21.036677378],[107.55664931100002,21.033898494],[107.55570898700002,21.028977975],[107.553778148,21.030544861]]],[[[107.56290525000001,21.036271522],[107.56126631200001,21.036307791],[107.56121958400001,21.037869186],[107.56290525000001,21.036271522]]],[[[107.518496694,21.036902598],[107.51701457800002,21.036463448],[107.51792769700002,21.037921818],[107.518496694,21.036902598]]],[[[107.54658438800001,21.03340005],[107.545175709,21.031772528],[107.54140761200001,21.035361711],[107.54083776400002,21.040625042],[107.54209508900001,21.042578666],[107.54437868700002,21.040277666],[107.546418638,21.04395644],[107.54615946900002,21.041634662],[107.54743901300002,21.041203299],[107.54567873500001,21.037358396],[107.54658438800001,21.03340005]]],[[[107.56520233600001,21.040379636],[107.564062821,21.038147569],[107.56364286000002,21.040770399],[107.564903514,21.041508737],[107.56520233600001,21.040379636]]],[[[107.51152708100001,21.041305489],[107.51012209400001,21.039939026],[107.51053496400002,21.042866535],[107.51217450000001,21.042319251],[107.51152708100001,21.041305489]]],[[[107.610177938,21.073060946],[107.60752295800002,21.060595054],[107.60295463300001,21.052536606],[107.59960621000002,21.049481406],[107.59984779100002,21.039674992],[107.59697440700002,21.030334871],[107.59390362300002,21.029399825],[107.588946884,21.024582186],[107.58389174400001,20.998993901],[107.581360826,20.996719965],[107.57618934700001,20.979781306],[107.56944889000002,20.972725951],[107.56396995900002,20.970410743],[107.56296743500002,20.972731988],[107.56451414800001,20.982916099],[107.566267218,20.981790273],[107.56987048700002,20.983380474],[107.575721678,20.991838931],[107.573301104,20.991815971],[107.574351407,20.993352556],[107.57257004700001,20.995754148],[107.56742242000001,20.9935624],[107.56557097500001,20.998994114],[107.57056086100002,21.005910246],[107.57185863100001,21.010359733],[107.57093442500002,21.013451295],[107.573802076,21.021920484],[107.57740467200001,21.028446756],[107.57942524,21.029875038],[107.58140120400002,21.029402984],[107.58455037600001,21.033670722],[107.58608351,21.037718724],[107.58434267900002,21.038885137],[107.58756149800001,21.038556936],[107.589510544,21.035084189],[107.58830639500002,21.038603811],[107.59031437700001,21.039969037],[107.58996761700001,21.042432262],[107.58777525600001,21.039449331],[107.58398411700001,21.03957673],[107.58327673300002,21.041060868],[107.58752711100001,21.054714295],[107.585685999,21.061306814],[107.58691150800001,21.069587749],[107.59869843400001,21.086858038],[107.604913382,21.090838722],[107.60908664700001,21.095865644],[107.60890628400001,21.097538102],[107.6116711,21.097888364],[107.616747482,21.104603482],[107.616305163,21.107262272],[107.620546982,21.114153858],[107.629466766,21.124868616],[107.631597948,21.125540573],[107.63064651600001,21.120275867],[107.62306297700002,21.10693735],[107.616235748,21.089643179],[107.61527098000002,21.083573681],[107.610177938,21.073060946]]],[[[107.52470416700001,21.046456629],[107.523778153,21.04528042],[107.52150002800002,21.04811912],[107.524095811,21.047995522],[107.52513540100001,21.052314859],[107.52784974600002,21.048478068],[107.52470416700001,21.046456629]]],[[[107.52810308300002,21.050967437],[107.52792048100001,21.052669982],[107.52923257700002,21.051658892],[107.52810308300002,21.050967437]]],[[[107.54024584600002,21.057609033],[107.54121670100001,21.054320533],[107.53905582400002,21.053169852],[107.53702566100002,21.054548229],[107.53706578100001,21.056913835],[107.539097988,21.059111897],[107.54024584600002,21.057609033]]],[[[107.52984352000001,21.069186866],[107.528826379,21.064960863],[107.53199501700001,21.067346899],[107.53378552600002,21.064250117],[107.53700105100002,21.063679135],[107.532258159,21.05710965],[107.530440729,21.060047483],[107.52815806100001,21.058421481],[107.52880722800002,21.056660713],[107.53177907000001,21.056025227],[107.53276553700002,21.052701681],[107.52971055300002,21.054157097],[107.52806949900001,21.053181051],[107.52533009600002,21.056087065],[107.523041086,21.0512091],[107.52107069400002,21.05082898],[107.517226805,21.045746592],[107.51400753100002,21.046078547],[107.51210171400001,21.049540648],[107.50717132600002,21.05050036],[107.512457573,21.046181104],[107.51192269900001,21.04465392],[107.511023344,21.045963543],[107.50724872500001,21.043540491],[107.508571154,21.045772291],[107.50529871900001,21.045820686],[107.505001841,21.042572961],[107.50728838700002,21.040117368],[107.50391453300001,21.041349627],[107.499665516,21.040262749],[107.49902732900001,21.041763553],[107.49565096700002,21.039755396],[107.49356414200001,21.040953375],[107.49811368700001,21.043416276],[107.50172375200002,21.041358705],[107.500870974,21.04361908],[107.49849760500001,21.043638751],[107.498664646,21.045017575],[107.50019983400001,21.044884849],[107.49739113500002,21.045580657],[107.49738913300001,21.046867541],[107.50373999900002,21.051695658],[107.50766720700001,21.051637704],[107.50713793000001,21.053813434],[107.50928864700002,21.055301592],[107.516090825,21.057497731],[107.517236308,21.056400545],[107.51911531000002,21.057100452],[107.516985626,21.058792158],[107.52307423700002,21.064671308],[107.52572761000002,21.065268529],[107.52628754700001,21.069706013],[107.527983165,21.071022563],[107.52631329200001,21.071229334],[107.52590897400002,21.073134231],[107.53272254600002,21.071645351],[107.53279102800002,21.069961571],[107.52984352000001,21.069186866]]],[[[107.542288593,21.062145558],[107.54453831300002,21.058150107],[107.543635938,21.056842958],[107.54135769900002,21.059160679],[107.542288593,21.062145558]]],[[[107.557018612,21.062207641],[107.55627191200001,21.057918571],[107.558651206,21.057207681],[107.55854200600001,21.053540457],[107.56044891700002,21.051007693],[107.559320229,21.050175622],[107.55800085900002,21.051763236],[107.556061893,21.049702123],[107.55265135700002,21.052551379],[107.54867383800001,21.053482068],[107.55230959300002,21.056306825],[107.54751373900001,21.05892108],[107.55069610200002,21.063866722],[107.55541176500002,21.067359672],[107.55587007200002,21.069726075],[107.55778184000002,21.070176245],[107.55624001600002,21.064200812],[107.557018612,21.062207641]]],[[[107.54799202900001,21.061124643],[107.547248011,21.060503008],[107.547793245,21.063232388],[107.54799202900001,21.061124643]]],[[[107.51303467200002,21.063545341],[107.51222557200002,21.065728116],[107.50787263300002,21.064978504],[107.50595794400002,21.066280093],[107.51543431300001,21.067266949],[107.51702997200002,21.065531718],[107.51634783900002,21.0633501],[107.51438272900002,21.061646796],[107.51303467200002,21.063545341]]],[[[107.56744442900002,21.065144346],[107.56816605600001,21.066802341],[107.56848474600001,21.06390689],[107.56744442900002,21.065144346]]],[[[107.57037573200002,21.067040508],[107.57241596400002,21.068632553],[107.57416408600001,21.067459435],[107.57546643300002,21.062253317],[107.57121786800002,21.063499639],[107.57037573200002,21.067040508]]],[[[107.53551104400002,21.06762028],[107.53461512500002,21.065542518],[107.53304574200001,21.066428048],[107.534454781,21.068773304],[107.53551104400002,21.06762028]]],[[[107.54776414800001,21.067380605],[107.54717347700002,21.068810792],[107.54959568000001,21.067868093],[107.54851769200002,21.06648355],[107.54776414800001,21.067380605]]],[[[107.51727178000002,21.069406698],[107.51599424900002,21.068408542],[107.51779048000002,21.070608655],[107.51727178000002,21.069406698]]],[[[107.52465584100001,21.07265097],[107.52433573600001,21.071061252],[107.52240592200002,21.073096889],[107.52364892900002,21.073793182],[107.52465584100001,21.07265097]]],[[[107.57266618500002,21.081283586],[107.576327892,21.084176113],[107.57623219700001,21.078622381],[107.57410908900002,21.076047537],[107.571776698,21.079420911],[107.57266618500002,21.081283586]]],[[[107.578075167,21.084288302],[107.57682583700002,21.085519521],[107.57834253800002,21.08944629],[107.579873763,21.086476247],[107.57844687100001,21.086456157],[107.579315829,21.085147215],[107.578075167,21.084288302]]],[[[107.51539122200002,21.088461638],[107.51630927100001,21.086061841],[107.51350318700001,21.087234574],[107.51539122200002,21.088461638]]],[[[107.52882193700002,21.086336539],[107.52737249800002,21.085009394],[107.52610898000002,21.090573997],[107.52805881200001,21.090199734],[107.527242139,21.088172665],[107.52882193700002,21.086336539]]],[[[107.58153260800002,21.084444768],[107.58119080300001,21.089173036],[107.584424503,21.091851164],[107.58518262400001,21.088004617],[107.58335719400002,21.084270655],[107.58153260800002,21.084444768]]],[[[107.580859028,21.111027997],[107.58150143000002,21.109147294],[107.574728536,21.106127493],[107.57634262000002,21.104424581],[107.57943061200001,21.106496219],[107.57185320500001,21.089139813],[107.57066357700002,21.08822239],[107.56927510100002,21.089385258],[107.571277019,21.086355788],[107.56936544100002,21.082697873],[107.56723959400001,21.081932171],[107.56563789300002,21.084350101],[107.56273164600002,21.084284096],[107.55868098600001,21.087633271],[107.55590349300002,21.086519519],[107.54256560700001,21.08733912],[107.54639426700001,21.084709032],[107.547070243,21.086487329],[107.54888699800001,21.084616517],[107.55336769000002,21.085801074],[107.55506013900002,21.085252824],[107.55471587500001,21.083992325],[107.55773355200002,21.0854326],[107.56163446200001,21.083612725],[107.56223314700001,21.080879775],[107.559511518,21.077880561],[107.558927054,21.072881716],[107.55713284300002,21.074339468],[107.54604331000002,21.070998234],[107.545530366,21.068447011],[107.53991387900001,21.066563797],[107.53870500200001,21.064490835],[107.53610466200001,21.069326392],[107.53705761300002,21.072994869],[107.535078776,21.0732903],[107.53733101400002,21.076315304],[107.53438127900002,21.077129687],[107.53223839800002,21.075345782],[107.525073188,21.078493045],[107.525651937,21.079750046],[107.52995179700001,21.078943116],[107.52797303800001,21.083388727],[107.52992606,21.087817138],[107.53167213000002,21.086951821],[107.53206550500002,21.084194372],[107.53333328200002,21.089733559],[107.53556147600001,21.087884256],[107.53933893700001,21.089134586],[107.53965281200001,21.090340513],[107.537828826,21.090065235],[107.539767519,21.091907261],[107.541366136,21.091002798],[107.54091002400001,21.093513399],[107.53698695400001,21.092333991],[107.53695610900002,21.090518552],[107.535274486,21.089993321],[107.53462865600001,21.09170893],[107.53645338400001,21.093745336],[107.53506611800002,21.095004252],[107.53983755800002,21.096019695],[107.53884896100001,21.098290657],[107.54401082200002,21.098103126],[107.54683423100002,21.105338454],[107.54520146700001,21.105968255],[107.545698803,21.107597935],[107.54992816900001,21.11464685],[107.55478314600002,21.118783451],[107.55789608200001,21.118887756],[107.55535437200001,21.114441225],[107.55594604100001,21.113001603],[107.571844823,21.11079363],[107.57292912000001,21.11240048],[107.568273353,21.114727333],[107.566871923,21.113455463],[107.567044316,21.114938599],[107.57267453100002,21.118058554],[107.57699742000001,21.118543111],[107.57977105300002,21.12108718],[107.58039786400002,21.116606697],[107.57850549200002,21.114104102],[107.58068595300001,21.112901641],[107.580859028,21.111027997]]],[[[107.58480393100001,21.097028262],[107.58516812600001,21.1013279],[107.58794245500002,21.101912563],[107.58825486600001,21.099368533],[107.58398927200001,21.092463863],[107.58305752100001,21.094003702],[107.58480393100001,21.097028262]]],[[[107.53769851400001,21.110256743],[107.53950090300002,21.105780807],[107.53774383400001,21.107104692],[107.53769851400001,21.110256743]]],[[[107.59792918,21.112183833],[107.60109004200001,21.112731364],[107.59847955100001,21.108858308],[107.59792918,21.112183833]]],[[[107.56903115800002,21.111645771],[107.56817063400001,21.112743229],[107.57126248000002,21.112493038],[107.56903115800002,21.111645771]]],[[[107.61565118300001,21.112487828],[107.61423348400001,21.111524898],[107.61310861400001,21.112498546],[107.61565118300001,21.112487828]]],[[[107.54141177400001,21.116387899],[107.54350485300002,21.117376089],[107.54255320900002,21.113752367],[107.54074931400001,21.113779434],[107.54141177400001,21.116387899]]],[[[107.61013419900002,21.125594362],[107.61140106900001,21.123815517],[107.60767608700002,21.118430699],[107.60662203100001,21.120337761],[107.60338769000002,21.119927149],[107.60422823400002,21.123872553],[107.60722677400001,21.12081761],[107.60855488900002,21.121536899],[107.605698666,21.125206381],[107.60727426000001,21.125034178],[107.60766921200002,21.128061533],[107.609570243,21.128451532],[107.60753935600002,21.126657799],[107.61013419900002,21.125594362]]],[[[107.582982291,21.124789258],[107.58087230500001,21.122581953],[107.58290832300001,21.125910081],[107.582982291,21.124789258]]],[[[107.61234378300001,21.12606578],[107.61154255500001,21.125387687],[107.61166131300001,21.127654812],[107.61234378300001,21.12606578]]],[[[107.57424255200002,21.126188029],[107.570920674,21.124972657],[107.56372999500002,21.118654116],[107.557164811,21.120778676],[107.555813029,21.127690944],[107.56397404400002,21.132841824],[107.56463944,21.134885199],[107.56060165900001,21.133933687],[107.56601113500001,21.137860275],[107.568894369,21.137985337],[107.566235165,21.135184539],[107.57146771,21.134064314],[107.580076208,21.139010657],[107.58274246300002,21.135271046],[107.57846660700001,21.13097616],[107.57744939900002,21.12768645],[107.57424255200002,21.126188029]]],[[[107.53320715800001,21.140071187],[107.53258054000001,21.136705501],[107.52243868300002,21.131160627],[107.517707686,21.130804161],[107.517586273,21.128671572],[107.50995653800001,21.123302698],[107.50772354000001,21.123307437],[107.507988249,21.126485899],[107.51072117900002,21.127492016],[107.50812786800002,21.129397473],[107.50656675300002,21.128091148],[107.5062567,21.129396929],[107.51105289100002,21.132847657],[107.51288703800002,21.13245285],[107.51335100100002,21.134906965],[107.516208587,21.134355283],[107.51542373,21.136120847],[107.51682972700002,21.137174906],[107.519923575,21.136308475],[107.52065501900002,21.138518183],[107.52422304900001,21.138917533],[107.52206793700002,21.139968112],[107.52415414,21.141973716],[107.524075167,21.144435883],[107.52982097700001,21.145113853],[107.53191291200001,21.143894499],[107.535898263,21.145993918],[107.538297428,21.144797324],[107.53836407400001,21.142021576],[107.53320715800001,21.140071187]]],[[[107.52058774600002,21.141220482],[107.52066806300002,21.139659386],[107.519451107,21.141723976],[107.52058774600002,21.141220482]]],[[[107.52221276800002,21.142512792],[107.52042704900002,21.143448169],[107.52215946400001,21.143873081],[107.52221276800002,21.142512792]]],[[[107.53427089400002,21.146251112],[107.53303326600002,21.14543545],[107.533869621,21.147182493],[107.53427089400002,21.146251112]]],[[[107.52327873500002,21.146854407],[107.520941305,21.144971699],[107.519197649,21.147494863],[107.52389288200001,21.148855867],[107.525599202,21.145932501],[107.523640244,21.14566131],[107.52327873500002,21.146854407]]],[[[107.52772448200001,21.148805878],[107.527451307,21.145303813],[107.52610405500002,21.146898091],[107.52772448200001,21.148805878]]],[[[107.584122277,21.143312956],[107.58158692600001,21.141892014],[107.58229485800001,21.144234426],[107.58081674600001,21.148799664],[107.583884452,21.152193327],[107.58646081900001,21.15169728],[107.58972897600002,21.155038107],[107.58993214600001,21.152100919],[107.58539812300002,21.149072272],[107.585842393,21.145371788],[107.584122277,21.143312956]]],[[[107.53815787,21.152796612],[107.53701441200002,21.152430567],[107.53883488100001,21.153528928],[107.53815787,21.152796612]]],[[[107.574640865,21.208074529],[107.56824836900002,21.205439485],[107.56679924500001,21.206137823],[107.577157983,21.212667512],[107.58845203900002,21.216571589],[107.58806707200002,21.214689003],[107.58371946900002,21.211248178],[107.574640865,21.208074529]]],[[[107.593006173,21.226591395],[107.58675282400002,21.225386843],[107.58431407600001,21.223545572],[107.57910289000002,21.223711992],[107.58050681000002,21.226378521],[107.58657894200002,21.229351542],[107.58616631900001,21.231251506],[107.591198235,21.229773849],[107.59568042900001,21.233067552],[107.59796098900001,21.231153881],[107.599044161,21.233102482],[107.60005453700002,21.230890349],[107.59443037000001,21.228635982],[107.593006173,21.226591395]]],[[[107.59991689200001,21.236003388],[107.60001826100002,21.234684377],[107.59828087000001,21.23426813],[107.59813249100002,21.235751067],[107.59991689200001,21.236003388]]],[[[107.58897923300002,21.239570366],[107.59046715100001,21.239004459],[107.590975053,21.235712183],[107.587299021,21.237423962],[107.58897923300002,21.239570366]]],[[[107.54274291900002,21.253748537],[107.53748181300001,21.256542274],[107.54633209,21.253670411],[107.54274291900002,21.253748537]]],[[[107.572381676,21.257681628],[107.57418411800002,21.256545435],[107.56998436900001,21.258734539],[107.572381676,21.257681628]]],[[[107.545965418,21.261722433],[107.547136113,21.259473843],[107.549034923,21.259823624],[107.547178943,21.257553618],[107.54508025900002,21.256254432],[107.54367399700001,21.258695759],[107.54109704100001,21.257717801],[107.540975689,21.260030637],[107.53916253900002,21.259687994],[107.54020474300002,21.261758125],[107.54317431100002,21.262279227],[107.54313861900002,21.263871087],[107.53911257100002,21.265034643],[107.541211255,21.265562884],[107.54172521900001,21.267504524],[107.54331707800002,21.267183296],[107.54348126100001,21.265305902],[107.54592258800001,21.265227379],[107.546507935,21.263264324],[107.54490179900002,21.26222212],[107.545965418,21.261722433]]],[[[107.533135588,21.262503368],[107.532321812,21.264387901],[107.53407071600002,21.263802553],[107.533135588,21.262503368]]],[[[107.58114374400002,21.266909178],[107.58492113800001,21.266451131],[107.58529590300002,21.26385157],[107.58887104300001,21.261912309],[107.58614656000002,21.261014063],[107.582339423,21.263078245],[107.57892489600002,21.26226328],[107.57913062000002,21.265238598],[107.581361365,21.265280238],[107.57644777800002,21.267094577],[107.57870231800001,21.265167214],[107.57738766500002,21.262478423],[107.57541866100001,21.263263645],[107.577316281,21.259629018],[107.57018384700001,21.259515994],[107.566054293,21.26211615],[107.56312279700002,21.261002562],[107.56509299000001,21.259365493],[107.563655796,21.256700497],[107.55982010500001,21.257281085],[107.559382284,21.253749965],[107.55569887800002,21.25500632],[107.554356862,21.258775387],[107.557078966,21.258061548],[107.55702185900002,21.259565368],[107.55832580300002,21.258775387],[107.55866844600001,21.260812205],[107.56043876500001,21.261250026],[107.559296623,21.262011454],[107.56023889,21.263048899],[107.56219728500001,21.262947375],[107.55982972200002,21.263827776],[107.56038889500002,21.265451758],[107.55924080500002,21.265362528],[107.558818451,21.262626148],[107.552150011,21.265677807],[107.55390486400002,21.264196592],[107.55300066900001,21.262578559],[107.54936009300002,21.263066348],[107.54966347500002,21.264511871],[107.54621920500001,21.265891958],[107.547587395,21.268896028],[107.55275677400002,21.266938921],[107.55117443200001,21.27131118],[107.55456516400001,21.271721637],[107.55491018600001,21.273309928],[107.559817824,21.27524324],[107.562946816,21.274791142],[107.56316691600001,21.276183127],[107.568068605,21.275986821],[107.56853854900001,21.277349063],[107.57122734,21.276040359],[107.57312496000002,21.272304605],[107.57902007500002,21.269556328],[107.58114374400002,21.266909178]]],[[[107.526230636,21.274682586],[107.527384675,21.273671315],[107.525611976,21.272850401],[107.526230636,21.274682586]]],[[[107.53584960700002,21.275426167],[107.53693464200002,21.274976449],[107.53569970100001,21.274476762],[107.53584960700002,21.275426167]]],[[[107.55420036800001,21.280883788],[107.55875703500001,21.28091948],[107.555651839,21.278736325],[107.55427175100002,21.280110463],[107.55133311700001,21.279985542],[107.55377801300001,21.27787377],[107.551904188,21.277992743],[107.54964370000002,21.280854045],[107.55117250300002,21.283352479],[107.55166029300001,21.282037827],[107.55487256500001,21.282591051],[107.55420036800001,21.280883788]]],[[[107.53097861300002,21.283901807],[107.52946527600001,21.284380079],[107.53332714100002,21.284437186],[107.53481192400001,21.282138627],[107.532392013,21.282052966],[107.53097861300002,21.283901807]]],[[[108.96901651000002,10.484161639],[108.96936986000001,10.483169404],[108.96764237100001,10.483447801],[108.96901651000002,10.484161639]]],[[[108.96471206500001,10.486211545],[108.96203517200001,10.485654751],[108.96070029400002,10.488995514],[108.96380549100002,10.490187624],[108.96312734400001,10.495184492],[108.964997601,10.497254623],[108.96944481300001,10.494313609],[108.96842402400002,10.491051368],[108.96492621700001,10.488210292],[108.96621112600002,10.485961701],[108.96471206500001,10.486211545]]],[[[108.96271903700001,10.501977036],[108.96346142800002,10.500939591],[108.961653038,10.501148984],[108.96271903700001,10.501977036]]],[[[108.952064833,10.550103394],[108.955336592,10.546082105],[108.95808487,10.548235517],[108.95494299,10.54475035],[108.95569252000001,10.5423233],[108.95428923300001,10.540090771],[108.958057109,10.534497848],[108.95634389700001,10.531566352],[108.95735995500002,10.526706083],[108.95906600100001,10.521843874],[108.96135980100001,10.521339428],[108.961711961,10.518574495],[108.96382016400001,10.519321645],[108.96746549800001,10.516770863],[108.966386413,10.51270952],[108.968950282,10.510300316],[108.967361992,10.50780783],[108.96488140400001,10.50758773],[108.95952761600002,10.503352289],[108.95418572600002,10.504405201],[108.950110899,10.502745527],[108.93623943500002,10.51113045],[108.93377074400001,10.514092879],[108.93139128300001,10.513848984],[108.93079641800001,10.519851175],[108.92817306200001,10.525722495],[108.926566926,10.539618547],[108.923556908,10.541861189],[108.92245045800001,10.546108527],[108.92759206,10.552587471],[108.93144680400002,10.553922429],[108.941369156,10.552732698],[108.943820001,10.553886737],[108.95079182200001,10.552316293],[108.952064833,10.550103394]]],[[[108.96045574300001,10.560383666],[108.96038493200001,10.563290691],[108.96232679300002,10.563433015],[108.96289089800001,10.561925277],[108.959439318,10.555040164],[108.96045574300001,10.560383666]]],[[[108.95556026900002,10.563705281],[108.95658741200002,10.56616911],[108.958279724,10.565952398],[108.95809064600002,10.563511086],[108.95556026900002,10.563705281]]],[[[108.95021554000002,10.566334335],[108.950800518,10.568438342],[108.952846555,10.568069114],[108.95256560700001,10.56619547],[108.95021554000002,10.566334335]]],[[[107.80190087600002,10.649964937],[107.80124001400002,10.651757699],[107.80255902400002,10.652519326],[107.80190087600002,10.649964937]]],[[[108.299732595,10.910086424],[108.300736506,10.910671638],[108.30193056200001,10.9091347],[108.30050034700001,10.908648976],[108.299732595,10.910086424]]],[[[108.83102744300001,11.223840453],[108.82533110400001,11.222420438],[108.820903815,11.22414715],[108.823322364,11.228474812],[108.83065633100001,11.22892595],[108.83267769500002,11.231079482],[108.83378582300001,11.227315335],[108.83102744300001,11.223840453]]],[[[108.952236448,15.19236037],[108.952355421,15.194204452],[108.95422329800002,15.19341923],[108.952236448,15.19236037]]],[[[108.69178004400001,15.499022647],[108.69012631800001,15.49971864],[108.68703301900001,15.497934044],[108.68909125300002,15.501080881],[108.69178004400001,15.499022647]]],[[[108.68677603700002,15.505747004],[108.68675700100002,15.504295533],[108.68570528,15.505228282],[108.68677603700002,15.505747004]]],[[[108.69213644900002,15.811602444],[108.69065166500002,15.8134727],[108.69271169600002,15.817924041],[108.698361118,15.813001567],[108.696961995,15.811359739],[108.69213644900002,15.811602444]]],[[[108.54068494500001,15.908543264],[108.54157962300002,15.904012771],[108.54285501400001,15.903746271],[108.541865158,15.902708826],[108.53988544600001,15.903850967],[108.53588795200001,15.902042577],[108.53197611800002,15.904479145],[108.53480291800001,15.909609263],[108.54029471400001,15.91152235],[108.542483818,15.913901811],[108.54307392400001,15.911979206],[108.54138926600001,15.911208261],[108.54068494500001,15.908543264]]],[[[108.47516871700002,15.933146806],[108.47661072400001,15.931678456],[108.47367886100001,15.930855519],[108.471470093,15.932920091],[108.47516871700002,15.933146806]]],[[[108.48293870400002,15.942651874],[108.47909477700001,15.937902023],[108.47619304400001,15.944372562],[108.47855063800002,15.944880008],[108.47995571400001,15.948474099],[108.48409751400001,15.949271541],[108.48517952200001,15.946941259],[108.48293870400002,15.942651874]]],[[[108.50770823300002,15.975573672],[108.510792015,15.973646309],[108.50929295400002,15.970077117],[108.51179852700001,15.965065973],[108.52606815400001,15.959590833],[108.53506251700001,15.958398723],[108.5386674,15.956221516],[108.53627604200001,15.949589958],[108.53648305500002,15.944307555],[108.540337782,15.93686936],[108.53704698700001,15.929623901],[108.540466273,15.923099419],[108.53407742000002,15.922399857],[108.53301380100001,15.925426532],[108.53080804100001,15.925904803],[108.52939464100001,15.930851703],[108.52646076500001,15.932579191],[108.52409796,15.932279379],[108.51892977100002,15.938761031],[108.513740167,15.938625402],[108.51225538300001,15.942822771],[108.507356826,15.944489361],[108.50886465100001,15.946277748],[108.50820792000002,15.952224021],[108.50666602900002,15.95726372],[108.502754195,15.958434415],[108.50390347500002,15.960697282],[108.50249721300001,15.9590269],[108.49787630000002,15.959923957],[108.49558963800001,15.95602878],[108.493034097,15.955686137],[108.49018231300002,15.9626068],[108.48695814300001,15.962273675],[108.48417417400002,15.964736417],[108.48394812500001,15.966592397],[108.48688676000002,15.968139046],[108.49052733500001,15.967782127],[108.49315663900002,15.973980623],[108.50018437700001,15.976373171],[108.50223309300002,15.979628274],[108.50770823300002,15.975573672]]],[[[108.42261091400002,15.97351686],[108.42341569300001,15.971873164],[108.420385672,15.973350665],[108.42261091400002,15.97351686]]],[[[108.44243109100002,15.972005032],[108.449061487,15.980325597],[108.45182631000002,15.978547119],[108.45173858400001,15.975134968],[108.44767269200001,15.967642083],[108.44432915500002,15.969008218],[108.44243109100002,15.972005032]]],[[[108.20685018600001,16.22448292],[108.210656057,16.219894719],[108.20778725100001,16.212704115],[108.20833248200002,16.211117065],[108.20668389900001,16.209901039],[108.20308115200001,16.21212947],[108.20012772500002,16.21184647],[108.198256408,16.214164881],[108.20251744900001,16.224751957],[108.20371023500002,16.225759787],[108.20685018600001,16.22448292]]],[[[107.716924849,20.127611668],[107.72051304100002,20.13212132],[107.73173474,20.138286327],[107.73738022500001,20.144278161],[107.74271399500002,20.14569819],[107.74150177500002,20.139775627],[107.73734559000002,20.133368175],[107.73734559000002,20.129108086],[107.733847468,20.123601141],[107.73045325000001,20.123843585],[107.72955274300001,20.127653421],[107.72740538100001,20.1264412],[107.727301476,20.127757326],[107.72446141700001,20.124259203],[107.723751172,20.127221593],[107.721508237,20.12746539],[107.720923124,20.126295163],[107.716924849,20.127611668]]],[[[107.78682526100002,20.978206882],[107.79069165100002,20.973843995],[107.785228056,20.974871147],[107.78547310600001,20.977947312],[107.78682526100002,20.978206882]]],[[[107.80955700200002,20.979156986],[107.80554146400002,20.976978635],[107.80329287300002,20.980928541],[107.804375528,20.982058785],[107.80683827000001,20.980928541],[107.80765918400002,20.985675565],[107.810038645,20.987234112],[107.811775652,20.983391283],[107.80993157000002,20.982296731],[107.80955700200002,20.979156986]]],[[[107.76801246900001,21.003571871],[107.78061779300002,20.992338967],[107.78590211400001,20.991435152],[107.78671397300002,20.988903911],[107.78335118000001,20.982801843],[107.78038078800002,20.981580441],[107.78175589400001,20.987461997],[107.780825301,20.989403332],[107.77610517600002,20.990120154],[107.77575209800001,20.993384634],[107.76967783500001,20.996434474],[107.76877657500002,20.998283941],[107.76462545900002,20.999024788],[107.76484520900001,20.997472449],[107.76230351200002,20.995718734],[107.76462898800001,20.992973888],[107.7609711,20.991486042],[107.76261690800001,20.985923952],[107.75939107300002,20.983048688],[107.76176190100001,20.980681076],[107.76558550500002,20.981575579],[107.765618513,20.985011418],[107.76980562400001,20.988781355],[107.770162792,20.985151527],[107.77333056300002,20.98333916],[107.76932355900001,20.981366513],[107.77702366500002,20.984028735],[107.77640261000002,20.976229266],[107.78079239100002,20.971991087],[107.77607475700002,20.967910798],[107.77204868900002,20.966369025],[107.76944823500001,20.967424854],[107.77075551800002,20.96412626],[107.76488003100002,20.961095475],[107.763353324,20.95608995],[107.75931322400001,20.955621347],[107.75709412800002,20.956993755],[107.750979424,20.955755638],[107.74759195000001,20.951196048],[107.74773173400001,20.948080956],[107.74341873700001,20.944741971],[107.74088477100001,20.945239635],[107.73828918100001,20.943693642],[107.738924069,20.94651342],[107.742449711,20.94766606],[107.74365709300001,20.95106727],[107.746619668,20.953487566],[107.747939928,20.958737535],[107.75176976700001,20.958525983],[107.755320042,20.964495946],[107.757968509,20.966138704],[107.76112569700001,20.965978701],[107.762502745,20.972104269],[107.75952663900001,20.978098614],[107.75424423600002,20.983523785],[107.740419568,20.990995293],[107.73563685100001,20.991280828],[107.73835054400001,20.999086635],[107.73136925000001,21.004024167],[107.73134994800002,21.005658846],[107.73477075600002,21.008793174],[107.73597279400002,21.013373019],[107.74154237300002,21.019788868],[107.74921507700002,21.023772797],[107.74790622200001,21.019890372],[107.75011513000001,21.016346223],[107.755109153,21.01283412],[107.76117433800002,21.014670455],[107.76128152100002,21.012040434],[107.76801246900001,21.003571871]]],[[[107.79929988100001,20.983460257],[107.79879569200001,20.986924782],[107.80231729400002,20.986877193],[107.803197695,20.983974251],[107.79929988100001,20.983460257]]],[[[107.86152823800002,21.025521286],[107.86242291600001,21.02356061],[107.858425421,21.025921035],[107.85387589200002,21.023903252],[107.85163056400002,21.021416228],[107.852986901,21.017411614],[107.849951239,21.019689209],[107.84665266600001,21.019383375],[107.843722092,21.017075326],[107.841258812,21.013455489],[107.84199936200001,21.01191852],[107.837628496,21.010576625],[107.83808059300002,21.00843511],[107.83546318600001,21.008149575],[107.833916537,21.006079443],[107.83496349900001,20.99775133],[107.83151328100001,21.000202175],[107.82853895500001,20.998655525],[107.828967258,20.99589535],[107.82623087800002,20.996585394],[107.82125780400001,20.993182765],[107.81990151100001,20.988852146],[107.82231567300002,20.98390832],[107.81869889200001,20.982920843],[107.81269075300001,20.984419904],[107.81107272000001,20.988679139],[107.80524304,20.99242679],[107.804743353,20.9954725],[107.808693259,20.996745512],[107.810737216,20.999938749],[107.80998728900002,21.002213018],[107.80666357800001,21.003879136],[107.80890978900001,21.005954026],[107.81391807900002,21.007162316],[107.81665921800001,21.011381101],[107.81733022600001,21.008946912],[107.817280257,21.011323994],[107.81386097200001,21.013058621],[107.815781197,21.016163817],[107.81865796500001,21.017141776],[107.81930042000002,21.022445594],[107.82258407600001,21.025450854],[107.82453999300002,21.029948035],[107.83213523200001,21.03045486],[107.83267775000002,21.032732004],[107.83063617200001,21.03328166],[107.83117155100001,21.036808021],[107.83380561400001,21.036222674],[107.83616841900002,21.037586105],[107.83587574500001,21.039977463],[107.83413398000002,21.040884038],[107.83621124900002,21.043118352],[107.839783777,21.043771795],[107.84177918800002,21.040491427],[107.84525558000001,21.038564063],[107.850830658,21.039920356],[107.85419997400001,21.045523987],[107.859815026,21.042786655],[107.86129981000002,21.037761233],[107.859034563,21.033611453],[107.860424168,21.031231992],[107.86405998500001,21.029423602],[107.86152823800002,21.025521286]]],[[[107.79571806400001,21.033581779],[107.79357159900002,21.033248384],[107.795038528,21.035784782],[107.79631512200001,21.035149298],[107.79571806400001,21.033581779]]],[[[107.82487370600002,21.033118894],[107.822087957,21.031133252],[107.819917075,21.032108866],[107.81901089100002,21.037793544],[107.822096041,21.038663379],[107.82491109700001,21.037076093],[107.82487370600002,21.033118894]]],[[[107.78181599700001,21.039796565],[107.78321512,21.037712157],[107.77857517100001,21.035513535],[107.77627661200002,21.03681272],[107.773168202,21.034996658],[107.773957969,21.03395621],[107.769095399,21.035085232],[107.76653985800002,21.033100761],[107.76194273900002,21.032843779],[107.76502652,21.036698506],[107.76459821700001,21.044079594],[107.76672545600002,21.045150352],[107.76969502300001,21.043537077],[107.773121447,21.045278843],[107.77613384400001,21.050461309],[107.77948888400002,21.050718291],[107.77953171500002,21.048862311],[107.78138769400002,21.048062812],[107.77901775100001,21.047763],[107.77807548500002,21.044693495],[107.78181599700001,21.039796565]]],[[[107.75192914300001,21.047982082],[107.754639151,21.04987187],[107.755681699,21.053169658],[107.75706078400002,21.050753304],[107.755568542,21.04836055],[107.75706319500001,21.04688599],[107.75192914300001,21.047982082]]],[[[107.85178545,21.051701875],[107.85280920600002,21.050619222],[107.850282762,21.050730342],[107.85178545,21.051701875]]],[[[107.86255299800001,21.052714983],[107.861508506,21.054426386],[107.863614284,21.056806967],[107.86340023100001,21.060363052],[107.865599666,21.061251748],[107.86655979100001,21.055143513],[107.86255299800001,21.052714983]]],[[[107.773558078,21.075159817],[107.77534267400002,21.075136022],[107.77617548500001,21.073232453],[107.775033344,21.068640093],[107.77236834700001,21.066308222],[107.76931281800002,21.069553713],[107.773558078,21.075159817]]],[[[107.80547006600001,21.103096236],[107.80299542600001,21.102544201],[107.80211978500002,21.104390663],[107.81104752200001,21.108312015],[107.81211352100001,21.113546829],[107.81526881200001,21.114145498],[107.81669328500001,21.116014932],[107.819318011,21.11591638],[107.821060294,21.109492227],[107.81607294400001,21.109549334],[107.80547006600001,21.103096236]]],[[[107.62046343700001,21.122492107],[107.61866511200002,21.12063696],[107.62017236600002,21.123438093],[107.62046343700001,21.122492107]]],[[[107.861232701,21.127938483],[107.85884495000002,21.128816019],[107.85547794500002,21.134153409],[107.85845848900001,21.131945765],[107.86083729500001,21.132388604],[107.861232701,21.127938483]]],[[[107.80168969700001,21.128514828],[107.79582464200001,21.131025622],[107.792395522,21.1296998],[107.79749232800002,21.134825159],[107.79826327300002,21.130156656],[107.802760454,21.131741377],[107.80123284000001,21.130656343],[107.802846115,21.129071622],[107.80168969700001,21.128514828]]],[[[107.64818242400001,21.140616598],[107.65117172500001,21.141926651],[107.64468744500002,21.132695321],[107.64316666600001,21.13255362],[107.64426188700001,21.138559833],[107.64818242400001,21.140616598]]],[[[107.84812390800002,21.135050995],[107.84538753000001,21.137737592],[107.84634616100001,21.141047331],[107.849246965,21.141868729],[107.85186249400002,21.136447525],[107.85483568900001,21.134128323],[107.848795003,21.133833185],[107.84812390800002,21.135050995]]],[[[107.86809887400001,21.139525542],[107.86451658500002,21.14614825],[107.862682806,21.147079207],[107.86678458500002,21.148166777],[107.87055062200001,21.146078086],[107.87135414200002,21.141284855],[107.86936100400001,21.139074899],[107.86809887400001,21.139525542]]],[[[107.84459303300001,21.148225753],[107.846613685,21.149839161],[107.84511690700002,21.146134509],[107.84243448700002,21.146656239],[107.84459303300001,21.148225753]]],[[[107.85353462000002,21.152208654],[107.84978921900002,21.15218174],[107.85356376900002,21.157067772],[107.859910084,21.160288356],[107.86410216000002,21.159773975],[107.86142793300002,21.154895057],[107.85353462000002,21.152208654]]],[[[107.86323855200001,21.161170828],[107.86528518400002,21.163405015],[107.86062367400001,21.161215096],[107.86136427800001,21.16354968],[107.86826202700001,21.166249288],[107.86734768100001,21.160683853],[107.86323855200001,21.161170828]]],[[[107.65620559100002,21.138166884],[107.65436386300001,21.141280131],[107.65519790300002,21.146110743],[107.65838027200002,21.147255687],[107.656179504,21.14776821],[107.65570144800002,21.149560157],[107.65452970000001,21.147284111],[107.65424119300002,21.148963952],[107.65778170400002,21.164865589],[107.65924993100002,21.165804628],[107.65728586100002,21.172769085],[107.662196023,21.18511666],[107.66169277100002,21.190867007],[107.66913472600001,21.203969642],[107.669955146,21.208389684],[107.677266748,21.216051362],[107.68039517600002,21.215843911],[107.68260602,21.213316169],[107.67523625800001,21.202437503],[107.67284068100001,21.18534292],[107.66797749000001,21.175165479],[107.66482562100002,21.162752189],[107.66639319500001,21.145011164],[107.65785227600001,21.138014838],[107.65620559100002,21.138166884]]],[[[107.624301115,21.180759909],[107.62466475500001,21.178306783],[107.62284566800001,21.177066249],[107.621953548,21.179525409],[107.624301115,21.180759909]]],[[[107.62021167200001,21.181074863],[107.62678435300002,21.192413645],[107.626462056,21.188345679],[107.621903963,21.18282929],[107.61743573100001,21.172054773],[107.62021167200001,21.181074863]]],[[[108.01706998400002,21.189525263],[108.00997717000001,21.191101615],[108.01649214100001,21.195970573],[108.02140664800001,21.191769043],[108.01948592600002,21.188559792],[108.01706998400002,21.189525263]]],[[[108.01275082200002,21.201041663],[108.01171121300001,21.200311106],[108.01325266200001,21.202015276],[108.01275082200002,21.201041663]]],[[[108.012556169,21.202846038],[108.013064878,21.204626757],[108.01087541600002,21.205202153],[108.011381952,21.206653256],[108.01545720300001,21.206454319],[108.01419133400002,21.202894361],[108.012556169,21.202846038]]],[[[107.6832688,21.222029603],[107.68930041900002,21.227754737],[107.692678991,21.233884853],[107.696788749,21.233913762],[107.69238909100001,21.227200618],[107.68777420500001,21.223456588],[107.68639356100002,21.21975553],[107.68187715700002,21.219574928],[107.68160862500001,21.221488072],[107.6832688,21.222029603]]],[[[107.61412782200001,21.229592731],[107.61788167400002,21.231986394],[107.61900493200001,21.231205302],[107.61568932500002,21.226895646],[107.61260614600002,21.227244835],[107.61412782200001,21.229592731]]],[[[107.63423102300001,21.233077174],[107.62935440000001,21.231762211],[107.62784027500001,21.237611188],[107.631595294,21.238115867],[107.64040761400001,21.243538923],[107.64014773500001,21.240697578],[107.635569392,21.236757757],[107.63423102300001,21.233077174]]],[[[107.97663367000001,21.243309732],[107.98020309700001,21.240925807],[107.97850638300001,21.239295649],[107.97960592600002,21.232821778],[107.976721636,21.231483674],[107.97802140300001,21.229563399],[107.96896176400001,21.230519329],[107.96784279900001,21.232436363],[107.962933923,21.229337917],[107.96094355900001,21.231100832],[107.96045067700001,21.229957491],[107.95585215400001,21.229716264],[107.957401751,21.231247742],[107.95556791100002,21.231788081],[107.95564725100002,21.23395505],[107.95027545500001,21.233032787],[107.94739645100002,21.235590397],[107.94759604500001,21.238348291],[107.95654239800001,21.242562245],[107.95694125500002,21.24441884],[107.95970651600001,21.245217345],[107.96401735300002,21.243718569],[107.962417635,21.246931582],[107.96518923500001,21.246239012],[107.97244487200001,21.24907583],[107.97259983100001,21.247785561],[107.97538566500002,21.24780407],[107.974414726,21.246296696],[107.97663367000001,21.243309732]]],[[[107.978667651,21.243051607],[107.97757949900002,21.244219843],[107.97859235700001,21.245027778],[107.978667651,21.243051607]]],[[[107.63145412300001,21.252514195],[107.63307313100002,21.25121454],[107.64114052300002,21.254499649],[107.63158162600001,21.24795869],[107.62409668,21.245228615],[107.61471181200001,21.237027658],[107.61528419800001,21.233703936],[107.60851194000001,21.233135999],[107.60846566100001,21.235785045],[107.60350717800002,21.238882645],[107.60663983300002,21.239547159],[107.60718171600001,21.240061785],[107.604568518,21.240078351],[107.60735028500001,21.240986034],[107.60439200200001,21.240693267],[107.59910424000002,21.238289383],[107.59831975800002,21.239298564],[107.59359858700002,21.235758501],[107.59158945300001,21.237321325],[107.59346341200002,21.240384883],[107.59567245100001,21.239657268],[107.59542158200001,21.241192876],[107.597669218,21.242675642],[107.59826392900001,21.241394793],[107.59919099400001,21.24323016],[107.60687721,21.245149042],[107.60865314700001,21.247867195],[107.61406952300001,21.249571164],[107.61548170600001,21.252227262],[107.61874476400001,21.251742309],[107.618608695,21.254241537],[107.620303544,21.255397395],[107.62323921,21.254302462],[107.63207372600002,21.256548844],[107.631045326,21.259455199],[107.63814827100002,21.261482744],[107.64312922300002,21.260450917],[107.63145412300001,21.252514195]]],[[[107.67486480200002,21.256595306],[107.67462674100001,21.260051095],[107.679784929,21.260861171],[107.67991669900002,21.259502521],[107.67486480200002,21.256595306]]],[[[107.68973412900002,21.266369852],[107.680913013,21.264467794],[107.68402079200001,21.267020189],[107.69186555300001,21.26804544],[107.69623278800002,21.271233464],[107.69238946100002,21.265918893],[107.68973412900002,21.266369852]]],[[[107.64545581900002,21.267322226],[107.64054944500002,21.269286667],[107.64776126900001,21.274440234],[107.64931023100002,21.271980362],[107.64891268100001,21.267937642],[107.64545581900002,21.267322226]]],[[[107.65968256600001,21.273886924],[107.65109036600002,21.269730042],[107.65113560800002,21.275878829],[107.65302427600001,21.277858344],[107.655148065,21.276637619],[107.65518413100001,21.278646229],[107.65772481400002,21.280721996],[107.65977626900002,21.2809027],[107.66137179200001,21.279233512],[107.66184855000002,21.282239954],[107.66470918300001,21.284021248],[107.66996443100001,21.280497313],[107.669352165,21.278704384],[107.66302189900001,21.276985133],[107.65968256600001,21.273886924]]],[[[107.704174754,21.278772675],[107.704487319,21.276828849],[107.70265234700001,21.275674458],[107.70280855900002,21.279206391],[107.704174754,21.278772675]]],[[[107.70132912800001,21.297189291],[107.70188277400001,21.295746602],[107.69936484800002,21.293810312],[107.69532830700001,21.292560833],[107.69062475000001,21.288649906],[107.688727659,21.289795327],[107.68465487800002,21.284581846],[107.67545175900001,21.28073629],[107.67114850800002,21.275870609],[107.65241728500001,21.265969602],[107.67436757500002,21.280828258],[107.67086772000002,21.281541761],[107.66835153900001,21.285454133],[107.67413316900002,21.290819714],[107.67570796600002,21.289598517],[107.677909882,21.291267998],[107.67907491400001,21.289532663],[107.679049884,21.292498265],[107.68178984,21.291530596],[107.68336566700002,21.294485377],[107.69746050300002,21.298550959],[107.699784301,21.300753951],[107.70134087400001,21.299712256],[107.698479231,21.296127172],[107.70132912800001,21.297189291]]],[[[107.78297470100001,21.293536518],[107.77452550400001,21.294219804],[107.771487516,21.291473451],[107.75652379200001,21.285369215],[107.75536442300002,21.283251976],[107.751775019,21.28428171],[107.75143041900002,21.288054724],[107.75477004100001,21.291417967],[107.76747245300001,21.296355591],[107.77852880800002,21.29533834],[107.79126331400002,21.297535341],[107.79525848700001,21.296032026],[107.79126853100001,21.2934185],[107.78297470100001,21.293536518]]],[[[107.64971035900001,21.30207336],[107.65063867700002,21.300678238],[107.64804482900001,21.301337948],[107.64971035900001,21.30207336]]],[[[107.65834185700001,21.305780006],[107.661035526,21.30708349],[107.66479952600001,21.305100915],[107.65834185700001,21.305780006]]],[[[107.65771633400001,21.309058959],[107.658537234,21.307123012],[107.65733733300002,21.305122881],[107.654609008,21.307601736],[107.65620388200001,21.310621218],[107.65771633400001,21.309058959]]],[[[107.820152977,21.353924902],[107.82374663600001,21.353864474],[107.82412368300001,21.352103871],[107.81867347,21.350405216],[107.80988026100002,21.343042849],[107.808608821,21.345034651],[107.80619731800002,21.3437893],[107.80559149100002,21.341636651],[107.80717082500001,21.342331118],[107.80696370400001,21.340892671],[107.80581054000001,21.339662369],[107.80350597600001,21.341334926],[107.80394758300001,21.338900419],[107.801532649,21.336117008],[107.79854604300002,21.336541183],[107.79807339500002,21.337951986],[107.797353619,21.336276204],[107.79893461700001,21.334502161],[107.79662482600001,21.331837131],[107.782313314,21.327446834],[107.77859157800002,21.323463589],[107.77503809900001,21.323101451],[107.77779099900002,21.324715959],[107.775752323,21.325217362],[107.769035787,21.322674369],[107.764390493,21.318694247],[107.760384658,21.317633139],[107.76095628100002,21.316301658],[107.75950471800002,21.316926251],[107.755704848,21.312770944],[107.754100199,21.313446107],[107.750856581,21.311576635],[107.74672168200001,21.30319688],[107.74039880500001,21.305511023],[107.740674198,21.306515897],[107.73144653800001,21.302479839],[107.73271597100002,21.305113556],[107.73159165000001,21.307125019],[107.725687203,21.310424517],[107.72118277700001,21.307003536],[107.72301010900001,21.306434921],[107.717684853,21.303422004],[107.71094876,21.300732215],[107.71265561700001,21.303254454],[107.70402415200002,21.301040647],[107.70513634000001,21.30307881],[107.72111028300002,21.310082658],[107.72577289800002,21.313963737],[107.72742072400001,21.312460723],[107.72875422700001,21.315287936],[107.74563531200002,21.326016141],[107.753432744,21.327906965],[107.75609482800002,21.330585212],[107.76275724900002,21.332378841],[107.76678320900001,21.331551345],[107.76121919300002,21.32788287],[107.77140460800001,21.332259398],[107.77325482400002,21.333682081],[107.767955291,21.332145872],[107.77088537000002,21.33604124],[107.78276156800001,21.341935622],[107.78645178200001,21.345533573],[107.78900024,21.345561382],[107.79519961600002,21.351057984],[107.802699232,21.352651374],[107.80720592400002,21.355802473],[107.81477190000001,21.358235974],[107.81716942800001,21.356342103],[107.81998431600002,21.357183913],[107.820152977,21.353924902]]],[[[107.68729684700001,21.331068831],[107.68667772300002,21.333195636],[107.68931096000001,21.331036507],[107.68729684700001,21.331068831]]],[[[107.67289223600001,21.339136752],[107.67154515300001,21.340323655],[107.67326894400001,21.340117773],[107.67289223600001,21.339136752]]],[[[107.68687857200001,21.342423548],[107.69007334900002,21.342746978],[107.689923391,21.340503862],[107.68670679800002,21.339534592],[107.68687857200001,21.342423548]]],[[[107.690197241,21.343561677],[107.688372866,21.344186352],[107.69001848900001,21.344721419],[107.690197241,21.343561677]]],[[[107.672916776,21.341729865],[107.673654886,21.346547856],[107.67826540400002,21.345928465],[107.67794552200002,21.343140595],[107.672916776,21.341729865]]],[[[107.72543462300001,21.351587236],[107.72707811600002,21.352735535],[107.72828013000002,21.350837708],[107.72503110400001,21.345623953],[107.72309597200001,21.349017692],[107.72543462300001,21.351587236]]],[[[107.691720955,21.353038226],[107.69437648800002,21.352493316],[107.69196489100001,21.350723721],[107.69356858700002,21.349504384],[107.689961453,21.347325284],[107.68744025300002,21.349903089],[107.691720955,21.353038226]]],[[[107.68964311,21.352677817],[107.68679483000001,21.351239629],[107.688928427,21.353475805],[107.68964311,21.352677817]]],[[[107.72760262800001,21.355823529],[107.727520261,21.354349583],[107.72590143,21.354032719],[107.72537818,21.356460071],[107.72760262800001,21.355823529]]],[[[107.70905801900001,21.358251704],[107.70963716700001,21.357357264],[107.70742185000002,21.355622747],[107.70905801900001,21.358251704]]],[[[107.69290575500001,21.360398683],[107.69487141200001,21.359260438],[107.69151421700002,21.359314321],[107.69290575500001,21.360398683]]],[[[107.76082827700002,21.36309179],[107.75914867100002,21.365500858],[107.75595096200001,21.361826695],[107.74919418800002,21.360979279],[107.74831249000002,21.362511048],[107.745376364,21.362159818],[107.74244861600002,21.369287185],[107.74911031700002,21.37282698],[107.74968998400001,21.371299705],[107.75319646800001,21.373423974],[107.75686414400002,21.373325723],[107.76178828700002,21.367799861],[107.76082827700002,21.36309179]]],[[[108.00404631300002,21.397287718],[108.00547399000001,21.396745201],[107.999177936,21.393604312],[107.99957768500002,21.390120781],[107.99836416,21.389235622],[107.98949828900001,21.389749586],[107.97954738300001,21.384481459],[107.97584970000001,21.380384027],[107.96816880000002,21.378999181],[107.95807512600001,21.370404568],[107.95006586100001,21.358026611],[107.944262355,21.355707827],[107.931443009,21.358236004],[107.926944638,21.362204152],[107.91721264300001,21.360705091],[107.91005046500001,21.357112105],[107.90360212600001,21.359943664],[107.883947778,21.358040095],[107.866696685,21.351448988],[107.84566225000002,21.339099585],[107.84186246700001,21.345100667],[107.84476541,21.351192087],[107.84852495800001,21.353428781],[107.84881049300002,21.35714074],[107.85090441900002,21.357997346],[107.85261763100002,21.356712437],[107.852189328,21.350573428],[107.85628200100001,21.350287892],[107.86560948800002,21.357093151],[107.85480673500001,21.358853952],[107.85422614700002,21.36080511],[107.855825144,21.36274675],[107.862106921,21.366173174],[107.868617127,21.366732062],[107.875431903,21.369853915],[107.875812617,21.371662305],[107.87141537300002,21.373204196],[107.85898506900001,21.368483345],[107.855691895,21.372100126],[107.85194186400001,21.372861553],[107.84527937300001,21.37013945],[107.84242402000001,21.366674955],[107.83776027600001,21.364695243],[107.835780565,21.364276458],[107.834942995,21.365875456],[107.82797593300002,21.364504886],[107.838827391,21.369656977],[107.84023818000001,21.372819548],[107.84747642200001,21.37402775],[107.85445161000001,21.376770863],[107.85496080500002,21.378475801],[107.863913656,21.38102611],[107.86924364900001,21.379646022],[107.87257489400001,21.382073073],[107.886195319,21.383767198],[107.893925312,21.382006097],[107.91098932900002,21.382297989],[107.93194443700001,21.388109478],[107.93879097700001,21.391402418],[107.94426651600001,21.391008491],[107.94581763700002,21.392676144],[107.95059222300002,21.392729672],[107.95856222700002,21.395864416],[107.972720093,21.397491979],[107.988541745,21.397087843],[107.993153141,21.398701118],[107.998906677,21.397002183],[108.00341813500002,21.398301368],[108.00404631300002,21.397287718]]],[[[107.84631679200001,21.376864927],[107.850992255,21.37702394],[107.84742386700002,21.37481889],[107.844936298,21.375775367],[107.84631679200001,21.376864927]]],[[[107.766632287,21.384065973],[107.76485770500001,21.381623118],[107.76237393800001,21.383098603],[107.76110882400002,21.388674035],[107.76418758500002,21.387616115],[107.76853429400002,21.389802953],[107.76761354900002,21.385942093],[107.76614511000001,21.385905228],[107.766632287,21.384065973]]],[[[107.90659350300001,21.406066619],[107.90363107400002,21.405102938],[107.90666488700002,21.40513863],[107.90862794300001,21.398821161],[107.90641504400001,21.397036565],[107.90366676600001,21.39917808],[107.904630448,21.396179959],[107.90220339800001,21.395394737],[107.89842005500002,21.395359045],[107.89827728700001,21.398178706],[107.897706217,21.395037818],[107.888890314,21.39807163],[107.88796232400001,21.399249464],[107.89228104500002,21.401069751],[107.88666551700001,21.399606383],[107.88533301900002,21.405745392],[107.87719526300002,21.401747898],[107.873768839,21.398131117],[107.86239501500002,21.395466121],[107.869200274,21.405983338],[107.88166864900002,21.414644576],[107.891745667,21.414466117],[107.88451210500001,21.407303939],[107.885963576,21.406994609],[107.89307816500002,21.411753531],[107.90861604500002,21.409921346],[107.90659350300001,21.406066619]]],[[[107.83482222600001,21.411363785],[107.83257998700002,21.412097755],[107.83488804400001,21.412636043],[107.83482222600001,21.411363785]]],[[[107.901951754,21.415820531],[107.89985845900001,21.414430328],[107.89920677500001,21.417547614],[107.90149641500001,21.417669041],[107.901951754,21.415820531]]],[[[107.905536206,21.416747664],[107.90573381500002,21.418032711],[107.90787771600002,21.41824854],[107.90917667700002,21.415534052],[107.905536206,21.416747664]]],[[[107.95841296600001,21.429723155],[107.95946587700001,21.420800176],[107.95680683000002,21.425440125],[107.95621196400002,21.431359034],[107.95832373600001,21.430883142],[107.959424237,21.4288606],[107.95841296600001,21.429723155]]],[[[107.95664859500002,21.439289064],[107.95845698600002,21.440450241],[107.957943022,21.43281693],[107.95664859500002,21.439289064]]],[[[107.96704208100002,21.445475663],[107.965233691,21.441021312],[107.96481490600002,21.443534023],[107.96704208100002,21.445475663]]],[[[109.619207013,7.525451944],[109.69189111700001,7.558159791],[109.79001465800002,7.565428201],[109.88813819900001,7.554525585],[109.93840537500002,7.536046658],[109.957469787,7.52270157],[109.94603114000002,7.5055436],[109.92315384500002,7.50745004],[109.860241287,7.52270157],[109.787796522,7.534140217],[109.71916464000002,7.528420893],[109.66006496300001,7.50745004],[109.59715240500002,7.463601893],[109.496111022,7.312993041],[109.46942084600002,7.320618806],[109.47383880500001,7.340107478],[109.55015711400002,7.452767839],[109.619207013,7.525451944]]],[[[111.60383022100001,7.617040403],[111.61809164000002,7.594222132],[111.606682505,7.565699295],[111.581011951,7.522915038],[111.54678454600001,7.50865362],[111.53537541100002,7.525767322],[111.54107997900002,7.568551579],[111.56960281600001,7.608483551],[111.60383022100001,7.617040403]]],[[[111.73503527400001,7.722574902],[111.74073984200001,7.696904348],[111.72077385500002,7.659824659],[111.695103302,7.639858673],[111.66658046400002,7.639858673],[111.66372818,7.676938362],[111.67798959900001,7.708313483],[111.70936472000001,7.728279469],[111.73503527400001,7.722574902]]],[[[110.49701171600002,7.833894478],[110.515466431,7.829280799],[110.522386949,7.813132924],[110.50393223400002,7.792371371],[110.48547752000002,7.776223496],[110.46240912700002,7.780837174],[110.46240912700002,7.801598728],[110.48317068100002,7.822360282],[110.49701171600002,7.833894478]]],[[[111.59527337000002,7.868041373],[111.61523935600002,7.907973346],[111.64661447800002,7.945053035],[111.68654645,7.942200751],[111.72933070700002,7.9336439],[111.74073984200001,7.902268779],[111.72362613900002,7.876598225],[111.68369416700001,7.885155076],[111.63805762600002,7.856632238],[111.62379620800002,7.822404833],[111.59242108600002,7.756802307],[111.56389824900002,7.762506874],[111.54393226200001,7.791029712],[111.54678454600001,7.816700266],[111.56675053200001,7.84237082],[111.59527337000002,7.868041373]]],[[[109.94374273400001,7.889069537],[109.95175046300001,7.892551158],[110.01010874200001,7.934016251],[110.04094757300001,7.953841214],[110.06041761000002,7.955463717],[110.08329490400001,7.942118628],[110.08710778600002,7.913522011],[110.07492637000001,7.868856818],[110.054534877,7.846426175],[109.98460784400001,7.810297208],[109.949844022,7.81438707],[109.925060287,7.829638599],[109.93191317000002,7.874568781],[109.94374273400001,7.889069537]]],[[[110.60375334500002,8.012656952],[110.615191992,8.041253569],[110.63616284400001,8.041253569],[110.64378860900001,7.984060334],[110.61137910900001,7.982153893],[110.60375334500002,8.012656952]]],[[[112.0186129,8.062965275],[112.00651232300001,8.04952019],[111.98903371100002,8.045486664],[111.95407648800001,8.04952019],[111.92584180800002,8.060276258],[111.92449730000001,8.079099378],[111.927186317,8.093888973],[111.944664928,8.107334058],[111.976933134,8.107334058],[112.00651232300001,8.099267007],[112.01726839100002,8.089855447],[112.01995740900001,8.072376835],[112.0186129,8.062965275]]],[[[110.59422113900001,8.146107834],[110.55203845800001,8.090169618],[110.491483635,8.064510795],[110.46637313600002,8.071311555],[110.44943186000002,8.137083567],[110.47220890400001,8.144201393],[110.575660909,8.18220417],[110.59803402100002,8.176610893],[110.59422113900001,8.146107834]]],[[[111.46121066200001,8.528489156],[111.46476937300001,8.542723999],[111.47188679400001,8.549841421],[111.48612163800001,8.554586369],[111.49917024400001,8.556958843],[111.50866014000002,8.554586369],[111.50866014000002,8.543910236],[111.50035648100001,8.527302919],[111.47307303100001,8.51899926],[111.46239689900001,8.521371734],[111.46121066200001,8.528489156]]],[[[111.929218583,8.611392003],[111.921551954,8.611219148],[111.915094183,8.615836871],[111.91393416400001,8.623029722],[111.918688932,8.628971617],[111.92328835600001,8.630518269],[111.92821711500001,8.630228357],[111.93518444800002,8.625245816],[111.93641790500001,8.621706966],[111.93587944700002,8.617435265],[111.93332043600002,8.613768758],[111.929218583,8.611392003]]],[[[111.71269289500002,8.666092642],[111.71269289500002,8.651857799],[111.696085578,8.638809192],[111.67710578700002,8.629319297],[111.65914158600002,8.627895243],[111.65100857400002,8.631691771],[111.64270491500001,8.639995429],[111.64151867800001,8.653044036],[111.64982233700002,8.664906405],[111.661684707,8.676768775],[111.68422320900001,8.680327486],[111.70438923700002,8.677955012],[111.71269289500002,8.666092642]]],[[[112.22375140800001,8.867850743],[112.234221036,8.860236468],[112.25611207800002,8.856429331],[112.26277456900002,8.850718624],[112.26182278400002,8.84120078],[112.24944958700002,8.837393643],[112.238028174,8.830731152],[112.22755854600001,8.834538289],[112.21529353800001,8.830574033],[112.20947464200002,8.839297211],[112.20661928900002,8.853573977],[112.20281215100002,8.861188253],[112.201860367,8.867850743],[112.20947464200002,8.870706097],[112.22375140800001,8.867850743]]],[[[112.24877305900002,8.876050439],[112.24439814900002,8.886987715],[112.259710335,8.89792499],[112.279397431,8.903393628],[112.28924097900001,8.899018718],[112.293615889,8.884800259],[112.29252216200001,8.870581801],[112.28486606900002,8.864019436],[112.27502252100001,8.859644525],[112.257522879,8.869488074],[112.24877305900002,8.876050439]]],[[[112.33796553600001,8.938282789],[112.34843516500001,8.943993496],[112.375085128,8.94494528],[112.38460297200001,8.939234574],[112.38555475600002,8.928764945],[112.378892266,8.914488179],[112.362711931,8.907825688],[112.349386949,8.910681042],[112.34015315600001,8.926274773],[112.33796553600001,8.938282789]]],[[[109.145913696,11.579974055],[109.147305681,11.578196598],[109.14539973300002,11.578803361],[109.14481438500002,11.581715821],[109.14277994600002,11.583179189],[109.14596232900001,11.582640596],[109.145913696,11.579974055]]],[[[109.17600536400002,11.649719496],[109.17839792500001,11.650677123],[109.17708364900001,11.648037362],[109.175095018,11.647373386],[109.17600536400002,11.649719496]]],[[[109.22333051100001,11.769614598],[109.222360738,11.770668169],[109.22597078800001,11.770360491],[109.224470167,11.768928102],[109.22333051100001,11.769614598]]],[[[109.21671019400002,11.785158881],[109.21734789000001,11.782765143],[109.221140751,11.784421248],[109.22217992300001,11.782873051],[109.221468858,11.772053421],[109.21622954300001,11.774755878],[109.21575841,11.778467837],[109.211689094,11.783768215],[109.21381201100002,11.786320058],[109.21671019400002,11.785158881]]],[[[109.20856339600002,11.790545505],[109.20789952600002,11.789646069],[109.20733483,11.790721141],[109.20856339600002,11.790545505]]],[[[109.20218510300002,11.817264207],[109.20299457100002,11.815367272],[109.20055801700002,11.816601153],[109.20218510300002,11.817264207]]],[[[109.22594829300002,11.848843342],[109.22740094100001,11.845262955],[109.23057038300001,11.843449805],[109.23002786600001,11.841736593],[109.238515403,11.838348241],[109.24325053100002,11.841579549],[109.24195610400001,11.844220751],[109.24266280400002,11.850224131],[109.24799517600002,11.850573912],[109.249355961,11.84804483],[109.24634918400001,11.843072066],[109.25120411000002,11.840371548],[109.25226214500002,11.836442293],[109.24955253300001,11.833218123],[109.245558013,11.832908793],[109.23996330500002,11.835103846],[109.238630807,11.833530427],[109.23985028100002,11.829372319],[109.23517464000001,11.828203409],[109.23299148500001,11.831139069],[109.22835451000002,11.832450747],[109.22676027100002,11.835737377],[109.22456224400001,11.835674917],[109.22481803600002,11.83879201],[109.22332492400001,11.839220313],[109.22547536200001,11.840579581],[109.22432429800001,11.842010231],[109.22521362200001,11.845335528],[109.22093516500001,11.847241092],[109.22108507100002,11.851591937],[109.22594829300002,11.848843342]]],[[[109.27027389500002,11.860799375],[109.27215961800002,11.861400189],[109.271439831,11.859669131],[109.27027389500002,11.860799375]]],[[[109.24253685100001,11.866105263],[109.242579681,11.864368257],[109.24104730900001,11.864806078],[109.24253685100001,11.866105263]]],[[[109.32278098600001,12.003498797],[109.32076796200002,12.004374438],[109.32288092300001,12.007310693],[109.32385174300002,12.004745634],[109.32278098600001,12.003498797]]],[[[109.32458539800001,12.03028507],[109.32539441500002,12.032141049],[109.32582747700002,12.030075677],[109.32458539800001,12.03028507]]],[[[109.32695556000002,12.04496563],[109.32408949900001,12.04298116],[109.325891941,12.036906396],[109.32425368200002,12.035621487],[109.32726607900001,12.035118231],[109.32534228500002,12.033993936],[109.321373344,12.03869813],[109.324578478,12.045026307],[109.32780145800001,12.046275524],[109.32695556000002,12.04496563]]],[[[109.32733389400002,12.048652367],[109.32620602900002,12.046991503],[109.32573489600001,12.049118742],[109.32733389400002,12.048652367]]],[[[109.31080733400002,12.16946751],[109.31153020100001,12.167048946],[109.31673489500001,12.163644477],[109.31441832000002,12.163751979],[109.31316569700002,12.161633784],[109.30904086600002,12.165159468],[109.300881623,12.16367418],[109.29701731100002,12.167323376],[109.29771037600001,12.170817458],[109.30197381,12.171786384],[109.31080733400002,12.16946751]]],[[[109.250129162,12.173969944],[109.25133449600001,12.169770139],[109.24721035000002,12.172432548],[109.240389985,12.173725457],[109.23435318300001,12.177556688],[109.235576488,12.179210769],[109.24425855600002,12.180158074],[109.24856433100001,12.177644916],[109.250129162,12.173969944]]],[[[109.27568861000002,12.174004699],[109.27096023700001,12.175302742],[109.27209595500001,12.18166609],[109.27529274200002,12.180292577],[109.27568709600001,12.182064239],[109.277062166,12.180719441],[109.27809338700001,12.176054297],[109.27568861000002,12.174004699]]],[[[109.225578991,12.194780019],[109.22534528300001,12.193285121],[109.2324652,12.195495939],[109.234060299,12.194044076],[109.22642847500002,12.18739431],[109.22531827600001,12.182832106],[109.22374184300001,12.183697941],[109.22212716800001,12.188353292],[109.21858143100002,12.189805425],[109.22039696100002,12.193526036],[109.22274599100001,12.193799066],[109.22267847600001,12.197374297],[109.22450287800001,12.195824702],[109.22703249500002,12.196579045],[109.225578991,12.194780019]]],[[[109.27373247900002,12.229565703],[109.28231950900002,12.227700281],[109.288158605,12.230194057],[109.29136346000001,12.229208572],[109.296355008,12.230310101],[109.29812987800001,12.228081881],[109.29797164500002,12.223586046],[109.30078901200001,12.221696903],[109.303244122,12.22266682],[109.30477895800001,12.214959938],[109.30667442600001,12.213421959],[109.31142938300002,12.214856963],[109.31437537,12.225168765],[109.316254197,12.22723633],[109.31824373100001,12.227313237],[109.32066269200001,12.221629801],[109.32434000100001,12.220337534],[109.32866707900001,12.221398357],[109.33134129500002,12.216709515],[109.33053645100001,12.210934804],[109.327581645,12.209870108],[109.32857351500002,12.204712732],[109.32760016600001,12.201209865],[109.33148244300001,12.200387446],[109.33545767400001,12.193908067],[109.32669432500002,12.191383283],[109.32591600500001,12.186837385],[109.32385610300001,12.185041483],[109.318371765,12.185600028],[109.31573082700001,12.188624034],[109.32024983900001,12.191772499],[109.32396048600002,12.191777779],[109.323286046,12.194120659],[109.311057708,12.190035821],[109.30616963000001,12.192760234],[109.29918407100001,12.192636649],[109.29715948300002,12.195755633],[109.29785573100001,12.197978265],[109.29970720400001,12.197336544],[109.300190463,12.200043968],[109.30399114100001,12.201199136],[109.30222227700001,12.203844495],[109.30237428400001,12.207575949],[109.29866202500001,12.202359097],[109.289127711,12.194269906],[109.28952753300001,12.188615487],[109.29441387000001,12.185366962],[109.29522275200002,12.181947561],[109.2919429,12.18293705],[109.29097054400002,12.180260101],[109.28428987200002,12.181010826],[109.27652756200001,12.184567843],[109.27323985000001,12.187938744],[109.272614826,12.193113724],[109.269313378,12.197088441],[109.25849649400001,12.199354765],[109.25352833800001,12.203904521],[109.25376583300002,12.205293944],[109.24848995500001,12.208665096],[109.243983057,12.209646625],[109.24047272400001,12.215409763],[109.24179451400002,12.218572952],[109.24009093300002,12.224458005],[109.23039524700002,12.226408333],[109.23404834100002,12.232188491],[109.23789812200002,12.232625876],[109.24198873300001,12.229986899],[109.244685193,12.231372753],[109.24388874700001,12.229268846],[109.245214536,12.224208434],[109.24895883200001,12.222831606],[109.25152406500001,12.22469724],[109.25223395300002,12.220232684],[109.25475039900002,12.21917189],[109.25577698500001,12.21497516],[109.25824651900001,12.212090362],[109.26026142600001,12.213070636],[109.259776654,12.216565881],[109.262412351,12.219422438],[109.261282559,12.227786589],[109.26468388600001,12.232546256],[109.26449420500002,12.235659128],[109.26654794100001,12.236435228],[109.26783950200002,12.233691387],[109.27265811300002,12.232366679],[109.27373247900002,12.229565703]]],[[[109.359061167,12.268349163],[109.35785478000001,12.272625054],[109.36269460400001,12.273859995],[109.36400092800001,12.271297315],[109.362958724,12.268334886],[109.359061167,12.268349163]]],[[[109.37029460200002,12.28477601],[109.370266049,12.280045641],[109.36839103400001,12.281958728],[109.368486212,12.285680205],[109.37029460200002,12.28477601]]],[[[109.24588670800001,12.288105954],[109.243199564,12.287282163],[109.241704073,12.288916853],[109.24483782300001,12.290301699],[109.24588670800001,12.288105954]]],[[[109.21144813600002,12.359924926],[109.21037737800002,12.360881469],[109.21340405300002,12.360938577],[109.214767484,12.36260182],[109.21858651900001,12.360852916],[109.216030978,12.357819103],[109.21144813600002,12.359924926]]],[[[109.37908950100001,12.35642643],[109.37418781200002,12.358127744],[109.37368812500002,12.361530373],[109.36797867100002,12.367814364],[109.37254846600001,12.369404337],[109.37392607100001,12.364695057],[109.376793321,12.364123986],[109.38032682100001,12.359317475],[109.37908950100001,12.35642643]]],[[[109.21735174000001,12.387332269],[109.21684729400002,12.388274536],[109.21898880900001,12.385438218],[109.21884604200001,12.38278274],[109.21735174000001,12.387332269]]],[[[109.23777108500002,12.393011686],[109.240412286,12.387824461],[109.238502769,12.383065539],[109.23508824200002,12.380870486],[109.232667141,12.383142871],[109.22321473200002,12.385427154],[109.22114817,12.388052294],[109.22660189500002,12.394127058],[109.22655787500001,12.398169168],[109.229603585,12.399400539],[109.23326200600002,12.396140677],[109.23758072800001,12.394885511],[109.23777108500002,12.393011686]]],[[[109.22227068100001,12.398914534],[109.22064669900001,12.399985291],[109.224578758,12.40228742],[109.224959472,12.398414847],[109.22227068100001,12.398914534]]],[[[109.202206114,12.401680003],[109.20336967000001,12.402308181],[109.20459033400002,12.400584261],[109.20257372000002,12.400410186],[109.202206114,12.401680003]]],[[[109.21607813400001,12.402599228],[109.21831482700001,12.403812753],[109.21995665500002,12.400790838],[109.21866579700001,12.39989854],[109.21607813400001,12.402599228]]],[[[109.35577537000002,12.484494164],[109.35845821200002,12.482120652],[109.36037962700001,12.482905874],[109.36105182400001,12.478753714],[109.35793473100001,12.480246826],[109.35268207000001,12.477129732],[109.35111757500002,12.482209882],[109.34678725300002,12.483593836],[109.34641605700001,12.489133221],[109.34913816100001,12.489237917],[109.35100503200002,12.485437637],[109.355115069,12.487385209],[109.35577537000002,12.484494164]]],[[[109.31023385000002,12.495400788],[109.30354518500002,12.489176118],[109.30279565500001,12.486456395],[109.299747566,12.485357084],[109.29151701,12.485763971],[109.29424387200001,12.494458522],[109.29942633800002,12.494529906],[109.30609358800001,12.497278183],[109.31354606,12.498213311],[109.314945183,12.497256768],[109.31023385000002,12.495400788]]],[[[109.39223068900002,12.546503005],[109.39135980600001,12.548087726],[109.393717852,12.548977644],[109.39223068900002,12.546503005]]],[[[109.459642568,12.564800663],[109.46128439600001,12.566199786],[109.46206961800002,12.565443118],[109.459642568,12.564800663]]],[[[109.32895417700001,12.636384336],[109.33285887200002,12.635420654],[109.33824121300002,12.63138033],[109.34260990300001,12.633007881],[109.34430170000002,12.63089492],[109.34416250200002,12.62762792],[109.346536014,12.626331113],[109.350575149,12.62793725],[109.35591109,12.6257303],[109.35849280600002,12.629632616],[109.36350157100001,12.63244038],[109.36752286,12.631899052],[109.36928961000001,12.629870562],[109.37616625200002,12.628317963],[109.38491077200001,12.623755347],[109.38472041500002,12.618383714],[109.38620757800001,12.617503313],[109.38338791600002,12.613595048],[109.38632060200001,12.609091918],[109.38491077200001,12.605296678],[109.38828365700002,12.60237589],[109.39009799700001,12.597533687],[109.39388134,12.596462929],[109.39746837700001,12.592703381],[109.39489261000001,12.585416281],[109.396028803,12.582578774],[109.39723638000001,12.583042769],[109.39964558400001,12.576576584],[109.39786693700002,12.570925364],[109.40253068000001,12.569158614],[109.40720037200002,12.562728121],[109.41151909400001,12.560116662],[109.41346430400002,12.55703526],[109.412357854,12.554191804],[109.40783687800001,12.550158618],[109.40438666000001,12.550824867],[109.40210237700002,12.548629814],[109.397825296,12.549861185],[109.39039374700002,12.556065033],[109.38950908000001,12.559069699],[109.38403632,12.561401571],[109.385237947,12.56405467],[109.38425642000001,12.566083161],[109.37361428000001,12.566404388],[109.367195684,12.571514281],[109.36671384300001,12.576065],[109.36432843400002,12.578236258],[109.36061052600002,12.57893225],[109.359896688,12.581983909],[109.35553632500002,12.581192738],[109.350991555,12.586385912],[109.347809026,12.585773201],[109.34504290200002,12.589152035],[109.338507192,12.590032568],[109.33962487,12.602060611],[109.33626983,12.605387098],[109.33421397500001,12.605458481],[109.33292906600002,12.608014023],[109.325790683,12.60904195],[109.32102224300002,12.607271631],[109.31938041500001,12.603930868],[109.317096133,12.603545395],[109.31627076900001,12.60756489],[109.308287368,12.610740885],[109.30240534100001,12.619720971],[109.304505215,12.630016899],[109.31619788600001,12.635820404],[109.31830370900002,12.639703684],[109.32425712100002,12.636734117],[109.32895417700001,12.636384336]]],[[[109.30501797,12.598754739],[109.304154226,12.597284232],[109.30380444500001,12.600332322],[109.30501797,12.598754739]]],[[[109.29704201700001,12.634623946],[109.30168196600002,12.637279425],[109.30378065100001,12.636058761],[109.30268134,12.63473816],[109.29704201700001,12.634623946]]],[[[109.308819159,12.638253814],[109.30876919100001,12.635805348],[109.30602091300001,12.636305035],[109.30696318000001,12.638739224],[109.308819159,12.638253814]]],[[[109.29530739000002,12.639723131],[109.29673506700001,12.639037846],[109.295093238,12.636653626],[109.29257338900001,12.63716759],[109.29530739000002,12.639723131]]],[[[109.21682810800002,12.64262736],[109.21901721300001,12.643959859],[109.22036755700002,12.640664305],[109.21731589800001,12.641122351],[109.21682810800002,12.64262736]]],[[[109.31651076700001,12.643268706],[109.31494746100002,12.645224623],[109.31751727900001,12.645610096],[109.31825253200002,12.643361505],[109.31699311400001,12.640652174],[109.31651076700001,12.643268706]]],[[[109.37396808800001,12.645760617],[109.37602394200002,12.646764749],[109.37677109300002,12.643619102],[109.37396808800001,12.645760617]]],[[[109.34566576700001,12.641956612],[109.34325299400001,12.641785291],[109.338911429,12.647223311],[109.34001074000001,12.651242221],[109.34967753900001,12.651736197],[109.34987741300002,12.649851664],[109.34705061400001,12.646810712],[109.34836407600001,12.643398565],[109.34566576700001,12.641956612]]],[[[109.39811836800001,12.653903053],[109.401604278,12.65263599],[109.403287747,12.649846072],[109.40461429600002,12.650476629],[109.40393615,12.647716454],[109.40100346400001,12.649239309],[109.399189125,12.648376755],[109.402103965,12.645670118],[109.402633395,12.643106249],[109.39293114300001,12.650048326],[109.39509645200002,12.65281445],[109.39426959,12.656788149],[109.39501912000001,12.654212383],[109.39720822400001,12.655158219],[109.39811836800001,12.653903053]]],[[[109.46905821400001,12.657145264],[109.46890592800001,12.652291164],[109.46685016300002,12.650845853],[109.46641011900002,12.65706491],[109.46905821400001,12.657145264]]],[[[109.26417700300001,12.67754024],[109.262934924,12.676755018],[109.26133830600001,12.677812688],[109.26417700300001,12.67754024]]],[[[109.28230587800002,12.697781185],[109.28723517000002,12.701230451],[109.28696867,12.699431579],[109.280477501,12.694149175],[109.279449573,12.695253245],[109.28230587800002,12.697781185]]],[[[109.290647317,12.705963596],[109.29235339000002,12.707216382],[109.28817743600001,12.702751323],[109.290647317,12.705963596]]],[[[109.30867561700002,12.718201905],[109.304844685,12.716310233],[109.302717447,12.711929645],[109.294646315,12.711453753],[109.29452258300002,12.71579389],[109.29762861000002,12.720164867],[109.307081378,12.724245736],[109.313303669,12.722710983],[109.30867561700002,12.718201905]]],[[[109.39431676600002,12.827816269],[109.39166366700002,12.825430859],[109.390979572,12.828619337],[109.39348990300002,12.834062354],[109.397404117,12.831998172],[109.39431676600002,12.827816269]]],[[[109.32232766000001,13.168792862],[109.323484078,13.167315217],[109.32087856900002,13.166794115],[109.32062158700002,13.168150407],[109.32232766000001,13.168792862]]],[[[109.31346178900002,13.173666712],[109.31123461300001,13.173495391],[109.308729041,13.176336467],[109.31089443300002,13.180158942],[109.31347606500002,13.180027011],[109.31254807600001,13.177764144],[109.31346178900002,13.173666712]]],[[[109.33846592200001,13.281821585],[109.34014344200001,13.284082073],[109.34223736800001,13.283558591],[109.34401006600001,13.280703238],[109.34126178900001,13.277169738],[109.338239873,13.277098355],[109.33763311100002,13.27552791],[109.33041144700002,13.276444003],[109.32849598000001,13.286758966],[109.332053275,13.289447757],[109.33242209100001,13.287817826],[109.33706204,13.2852837],[109.33846592200001,13.281821585]]],[[[109.280036758,13.379437982],[109.28136449800002,13.381408176],[109.28182135400002,13.380158959],[109.280036758,13.379437982]]],[[[109.24123528400001,13.39387782],[109.241720694,13.396295353],[109.24694599100002,13.397437494],[109.24685081200002,13.396228728],[109.24123528400001,13.39387782]]],[[[109.370941185,13.593443426],[109.369627723,13.592948498],[109.36910424200002,13.594366657],[109.370941185,13.593443426]]],[[[109.34994454500001,13.625222561],[109.35183946700002,13.619651441],[109.35610822000001,13.620422387],[109.362918238,13.611870604],[109.36361779900001,13.609629152],[109.36156194500002,13.604546623],[109.35587979200001,13.611899157],[109.353695447,13.612341737],[109.35108279900001,13.610143115],[109.3474565,13.611599345],[109.34081780400001,13.619808486],[109.337462764,13.626789824],[109.33866201200001,13.629816499],[109.33788072900002,13.634167445],[109.34460114700002,13.634185189],[109.34994454500001,13.625222561]]],[[[109.25086707600002,13.679679319],[109.252425623,13.68479516],[109.25573307300002,13.678608561],[109.25086707600002,13.679679319]]],[[[109.24074362400002,13.681753856],[109.237891489,13.68155394],[109.237866937,13.684703107],[109.24077521400001,13.685659855],[109.24074362400002,13.681753856]]],[[[109.29954638600002,13.765254254],[109.30093242200002,13.763826578],[109.30006391900001,13.76134599],[109.296136619,13.767101906],[109.29838045000001,13.765747992],[109.299332235,13.766539163],[109.29954638600002,13.765254254]]],[[[109.304594238,13.880476497],[109.30479054400001,13.877638989],[109.30267282400001,13.877180943],[109.30178052600002,13.879435482],[109.30289887200001,13.882421706],[109.30496900300001,13.882136171],[109.304594238,13.880476497]]],[[[109.30516530900002,13.883962407],[109.30557576600002,13.881981506],[109.30407670600002,13.883777999],[109.30516530900002,13.883962407]]],[[[109.34790880900002,13.896570075],[109.34766555600001,13.898569621],[109.34881840500002,13.896934931],[109.34790880900002,13.896570075]]],[[[109.31857238200001,13.902105797],[109.31716255100001,13.90006065],[109.317594424,13.904193774],[109.31857238200001,13.902105797]]],[[[109.29574187000001,14.137752069],[109.29285796300002,14.136876428],[109.294466479,14.139036978],[109.29574187000001,14.137752069]]],[[[109.199671418,14.232188325],[109.200451881,14.23349227],[109.20230786000002,14.232131218],[109.20123234400002,14.23119847],[109.199671418,14.232188325]]],[[[109.20860589700001,14.246231309],[109.20943276000001,14.247260426],[109.210823403,14.245521197],[109.20860589700001,14.246231309]]],[[[109.207262334,14.250928405],[109.20931105000001,14.252884322],[109.21031624400001,14.252327653],[109.20999633500001,14.250414442],[109.207262334,14.250928405]]],[[[109.12575133000001,15.391168203],[109.13618318000002,15.388127754],[109.14161616500002,15.388606648],[109.14282404,15.384912714],[109.14736197000002,15.379724425],[109.14565470700002,15.379712527],[109.14245941700001,15.384721226],[109.13965846500001,15.382002758],[109.14072327400001,15.377666191],[109.13479246700001,15.377904137],[109.12957549900001,15.375102322],[109.125340058,15.370664627],[109.11940925200001,15.369159618],[109.11595308500002,15.370272016],[109.11443023000001,15.372496812],[109.100201053,15.375655546],[109.09708395900002,15.37479894],[109.09384194300002,15.384191863],[109.096364172,15.385155544],[109.09904582500002,15.389611085],[109.11221562400002,15.39189975],[109.12193600800002,15.38974332],[109.12575133000001,15.391168203]]],[[[109.08655303000002,15.429044792],[109.08256981200002,15.426503527],[109.07715177900002,15.427831267],[109.07857231700001,15.432000082],[109.08221289300002,15.433270714],[109.08677432000002,15.4324498],[109.08655303000002,15.429044792]]],[[[112.25148027100002,15.709472101],[112.233116531,15.69753567],[112.222098287,15.695699296],[112.21199823100001,15.694781109],[112.20465273500001,15.702126605],[112.20648910900002,15.716817597],[112.225771035,15.735181337],[112.24138021400002,15.740690459],[112.250562084,15.741608646],[112.25790758,15.736099524],[112.25882576700002,15.724163093],[112.25148027100002,15.709472101]]],[[[111.17234383300001,15.769237753],[111.16855658900002,15.770270638],[111.165802229,15.777845127],[111.165802229,15.783353846],[111.169933768,15.784731026],[111.183016977,15.782665256],[111.19059146600001,15.784731026],[111.19644448000001,15.784042436],[111.20126460900002,15.781288076],[111.20057601900001,15.776467947],[111.19678877500002,15.773024998],[111.19575589000002,15.769926343],[111.19196864500002,15.768204868],[111.18783710600002,15.769582048],[111.17887107300001,15.76833427],[111.17234383300001,15.769237753]]],[[[111.189214286,15.79196122],[111.18600599900002,15.794243575],[111.18577133600002,15.799191414],[111.188181401,15.801945773],[111.19231294,15.803667248],[111.198510249,15.803667248],[111.20470755900001,15.796437054],[111.20367467400001,15.792305515],[111.189214286,15.79196122]]],[[[112.417312394,16.046145818],[112.41938735600002,16.04220339],[112.41917985900001,16.038468458],[112.42581973800002,16.031206092],[112.425927877,16.027737176],[112.422707295,16.028716137],[112.41793488200001,16.033696046],[112.41482243900002,16.044278352],[112.41523743200001,16.046353314],[112.417312394,16.046145818]]],[[[111.745758179,16.034126174],[111.74745364400002,16.054471748],[111.75254003700002,16.073121857],[111.777972005,16.079903715],[111.827140475,16.074817322],[111.832226868,16.059558141],[111.82883593900002,16.042603497],[111.76271282400002,16.03243071],[111.745758179,16.034126174]]],[[[111.65020471000001,16.18523568],[111.60950692900002,16.166452089],[111.60168043300001,16.161234424],[111.59333217000001,16.16332149],[111.57298328000002,16.160712658],[111.57037444800001,16.165930322],[111.56150441900002,16.164365023],[111.53228549900001,16.166973855],[111.52132840500002,16.173235052],[111.51998634600001,16.184952274],[111.51767604000001,16.19097511],[111.51819780600002,16.196714541],[111.52445900300002,16.204019271],[111.54846025800002,16.224889927],[111.55628675400001,16.238977621],[111.56776561600002,16.24054292],[111.57507034500001,16.255152379],[111.58341860800002,16.256195912],[111.58863627200002,16.261935343],[111.593198025,16.264501329],[111.60199261900001,16.264501329],[111.61003161500001,16.261821663],[111.61360450200002,16.254675889],[111.61505891500002,16.247767425],[111.55286542200001,16.207335136],[111.54482642600001,16.189470701],[111.55733153100002,16.180538483],[111.58680784900001,16.181431705],[111.63236215900001,16.200189362],[111.65915881100001,16.207335136],[111.697984704,16.201968004],[111.69846056900002,16.194830031],[111.69291563500002,16.183344096],[111.67159713300002,16.187844512],[111.66064003800001,16.18367038],[111.65020471000001,16.18523568]]],[[[111.67942362900001,16.288023664],[111.69298955600001,16.2812407],[111.73316557000001,16.283327766],[111.75403622600001,16.281762467],[111.766036854,16.278631868],[111.78116808000001,16.261413576],[111.78638574400001,16.259848277],[111.797342839,16.252543547],[111.80308227000002,16.245760584],[111.802560503,16.232194657],[111.80516933500002,16.224368161],[111.797342839,16.209758701],[111.790038109,16.203497504],[111.785863978,16.197758074],[111.776472182,16.197758074],[111.75716682500001,16.187322745],[111.75247092700002,16.189931577],[111.72499272000002,16.183714233],[111.71721822600001,16.193043588],[111.71889896300002,16.19724543],[111.72168433500002,16.196616475],[111.74044199100001,16.202869027],[111.76366575700001,16.21448091],[111.77706408400002,16.223413128],[111.77974374900002,16.237704676],[111.76813186600002,16.247530115],[111.746694544,16.253782668],[111.70828600800002,16.259141998],[111.687741908,16.264501329],[111.65598317000001,16.260720527],[111.65111981500002,16.27521999],[111.65199271700001,16.285694804],[111.66324887000002,16.288023664],[111.67942362900001,16.288023664]]],[[[112.39391048300001,16.281818594],[112.389852994,16.278415539],[112.38056003600002,16.279462632],[112.37192151100001,16.273572729],[112.36459185400001,16.280509726],[112.39011476800002,16.286530516],[112.39299427600001,16.287970271],[112.39377959700002,16.291765986],[112.396789992,16.289410025],[112.402549008,16.289933572],[112.40385787600002,16.288232044],[112.39639733100002,16.284828989],[112.39391048300001,16.281818594]]],[[[112.34522061600002,16.300535398],[112.35084874600001,16.301975152],[112.35700042300002,16.299095643],[112.35961815700001,16.295038154],[112.34142490100001,16.28718495],[112.33448790300001,16.282211254],[112.32493317100001,16.280247953],[112.31799617400002,16.276190464],[112.316687307,16.277237558],[112.31380779800001,16.282080367],[112.313022478,16.288101157],[112.32336253000001,16.290457119],[112.32755090600001,16.288232044],[112.33226282900002,16.295299928],[112.33658209100001,16.296216135],[112.34077046700001,16.292682193],[112.34234110800001,16.293336627],[112.34522061600002,16.300535398]]],[[[111.98229325800001,16.373338286],[111.98849500100002,16.375996175],[111.993146308,16.375774685],[111.996247179,16.373116795],[112.00267041300002,16.370901886],[112.007986193,16.375331703],[112.011087064,16.375331703],[112.02437651400001,16.368022506],[112.02747738500001,16.370901886],[112.03567254600001,16.37178785],[112.03921639900001,16.365807598],[112.04231727000001,16.364035671],[112.046525596,16.364921634],[112.05272733900001,16.362042254],[112.054499266,16.355176038],[112.060479518,16.352739639],[112.06535231600002,16.348531313],[112.06513082500001,16.345651933],[112.04763305000002,16.329261612],[112.04253876100002,16.32616074],[112.03655850900002,16.32593925],[112.03057825700002,16.330147575],[112.02371204100001,16.32593925],[112.019946697,16.325274777],[112.01573837200002,16.326603722],[112.01374495400002,16.332805465],[112.011751537,16.333912919],[112.00931513800002,16.333469938],[112.00311339500001,16.325274777],[111.99890506900002,16.324831795],[111.99447525300002,16.329040121],[111.99159587200002,16.329926084],[111.98096431300002,16.325717759],[111.97564853300001,16.330369066],[111.96634591800002,16.326603722],[111.96103013900002,16.331698011],[111.958372249,16.331255029],[111.95704330400001,16.328154158],[111.95084156100002,16.324167323],[111.94176043700001,16.326382231],[111.939612761,16.329212046],[111.939475639,16.335586096],[111.94544650300001,16.35714755],[111.952391997,16.360713309],[111.959258212,16.362263744],[111.96701039100002,16.371344868],[111.973212134,16.372895304],[111.97874940400001,16.368465487],[111.98229325800001,16.373338286]]],[[[112.480816099,16.366019606],[112.46184089200001,16.361275804],[112.46002708600001,16.36267104],[112.46128279800001,16.369647219],[112.466724217,16.375786256],[112.474537538,16.375786256],[112.47886276800001,16.380530058],[112.48123466900002,16.381088152],[112.49058274900001,16.380669581],[112.49476845600002,16.370205313],[112.480816099,16.366019606]]],[[[111.49686026300002,16.431820797],[111.48909390000001,16.432629793],[111.48326912800002,16.435218581],[111.48148933600001,16.442499546],[111.48423992300002,16.442823144],[111.50899520400002,16.436512975],[111.52468972900002,16.430688202],[111.52177734300001,16.425834226],[111.51837956000001,16.42486343],[111.51401098,16.426643222],[111.51109859400002,16.429717407],[111.50656821600002,16.427290419],[111.49880185300002,16.427452218],[111.49686026300002,16.431820797]]],[[[111.52549872500002,16.444926534],[111.51271658700001,16.446220928],[111.50608281800001,16.449295113],[111.48278373,16.453663692],[111.481283364,16.45504032],[111.48310732800002,16.458517669],[111.48634331300002,16.46045926],[111.49346247900002,16.460135661],[111.49718386100001,16.455928882],[111.50575922000002,16.458194071],[111.50915700400002,16.457546874],[111.51320198400002,16.454310889],[111.52032115000002,16.456899677],[111.525336926,16.452531098],[111.52695491800002,16.446382727],[111.52549872500002,16.444926534]]],[[[111.551224802,16.477609978],[111.55640237800002,16.475668387],[111.56190355100001,16.469034619],[111.56675752800001,16.467254827],[111.591674609,16.450265909],[111.60041176700001,16.443146743],[111.60008816800001,16.44152875],[111.59604318800001,16.439910758],[111.59021841600001,16.441852349],[111.58229025400001,16.448809716],[111.56497773600002,16.448324318],[111.56238894900001,16.450589507],[111.561418154,16.455443484],[111.55478438500002,16.458032271],[111.552357397,16.461591854],[111.55090120400001,16.46660763],[111.551224802,16.477609978]]],[[[111.60008816800001,16.473726796],[111.600573566,16.461106457],[111.59749938100002,16.460135661],[111.59329260100002,16.466931229],[111.577274478,16.484243746],[111.57759807600002,16.487803329],[111.583908246,16.489906719],[111.58698243100001,16.489259522],[111.59038021500001,16.486994333],[111.59345440000001,16.478418974],[111.59911737300001,16.476639182],[111.60008816800001,16.473726796]]],[[[111.57630368200002,16.493304503],[111.57209690200001,16.492495507],[111.56983171300001,16.493466302],[111.569184516,16.496378688],[111.57581828500001,16.496864086],[111.57711267800002,16.495084294],[111.57630368200002,16.493304503]]],[[[111.73610439900001,16.460608167],[111.73057750800001,16.455081277],[111.72459004400001,16.454160129],[111.71906315400001,16.444027497],[111.71215454100002,16.440342903],[111.70524592800001,16.439882329],[111.70340363100001,16.447251516],[111.72965636,16.479491709],[111.73195923100002,16.485939748],[111.73195923100002,16.493769509],[111.72090545000002,16.518179941],[111.72044487600002,16.525549129],[111.71123339200001,16.54765669],[111.71122895000002,16.554857151],[111.716299708,16.557789322],[111.72320832100002,16.557328748],[111.72873521200002,16.552262432],[111.73610439900001,16.549038412],[111.746697605,16.549038412],[111.75314564400001,16.543972096],[111.75498794100001,16.531536593],[111.75867253400001,16.527852],[111.75130334700002,16.5135742],[111.75038219900001,16.497454103],[111.74715817900001,16.487321471],[111.743473586,16.482255154],[111.74531588300002,16.477188838],[111.73610439900001,16.460608167]]],[[[111.64956983400002,16.584969028],[111.64832153300001,16.570488737],[111.644692587,16.558972549],[111.64108138700001,16.556507766],[111.633591582,16.555758786],[111.62934735800002,16.563498252],[111.62585211600002,16.563498252],[111.62235687300002,16.565994854],[111.62160789200001,16.572486019],[111.63034599900001,16.578228203],[111.63533920300002,16.58671665],[111.64382764900002,16.589213252],[111.64907051400002,16.58746563],[111.64956983400002,16.584969028]]],[[[111.67753177500002,16.564247232],[111.68052769800002,16.590960873],[111.68327396,16.591460193],[111.691263086,16.58646699],[111.691762406,16.582722087],[111.68926580400002,16.577479223],[111.691762406,16.570488737],[111.691263086,16.567243155],[111.68951546500001,16.563747912],[111.68626988200002,16.56175063],[111.677941279,16.560417299],[111.67753177500002,16.564247232]]],[[[112.185160515,16.764400247],[112.20810637100001,16.741454391],[112.20732854500001,16.739509826],[112.195855617,16.739509826],[112.192744314,16.747871452],[112.18107693000002,16.750010473],[112.18010464800001,16.756816447],[112.18127138600002,16.760511119],[112.185160515,16.764400247]]],[[[112.26425810300002,16.769203939],[112.262387396,16.761988355],[112.25864598200002,16.755841746],[112.25062866700002,16.752367576],[112.24180962000001,16.751833088],[112.228180183,16.758246941],[112.20893862600002,16.771074646],[112.20439548000002,16.775617791],[112.203860993,16.786574789],[112.20947311400002,16.794057617],[112.21481799100002,16.796195568],[112.22524050100002,16.795928324],[112.26158566500001,16.77829023],[112.26425810300002,16.769203939]]],[[[112.30961003800002,16.850737683],[112.30044133500002,16.841838648],[112.29175204600001,16.821377275],[112.28533994300001,16.813793205],[112.27751957800001,16.814602208],[112.274283566,16.818647224],[112.27266555900002,16.829164265],[112.27536223700001,16.832939613],[112.27131722100002,16.845344329],[112.29100296500002,16.87015376],[112.299902,16.872850437],[112.31014937300002,16.866378412],[112.31176738000002,16.854782699],[112.30961003800002,16.850737683]]],[[[112.340856029,16.826185705],[112.33834123500002,16.830300823],[112.33925570600002,16.83944553],[112.33514058800002,16.845618207],[112.33468335200001,16.853848443],[112.33102547000001,16.857963561],[112.32965376300001,16.862764532],[112.33102547000001,16.867336886],[112.32988238100002,16.873509563],[112.33056823400001,16.881739799],[112.33239717600001,16.881282564],[112.33605505800001,16.87579574],[112.337655382,16.870994769],[112.337655382,16.86299315],[112.34291358800002,16.857049091],[112.34382805900002,16.849504708],[112.34588561800001,16.84538959],[112.35000073600001,16.842874795],[112.35091520700001,16.840131383],[112.35068658900002,16.836244883],[112.34817179500001,16.832129765],[112.34497114700001,16.828014647],[112.340856029,16.826185705]]],[[[112.16533780400002,16.913030928],[112.168843484,16.914379267],[112.18583255100002,16.903592558],[112.19338324700001,16.900895881],[112.217696197,16.882879678],[112.21414766200002,16.877974124],[112.20443962400002,16.876895453],[112.19958560500001,16.878243792],[112.19041690200001,16.886333823],[112.178012187,16.883637146],[112.17450650600001,16.892805849],[112.16614680700002,16.896850865],[112.16183212300001,16.901165548],[112.16533780400002,16.913030928]]],[[[112.28533994300001,16.922738967],[112.30475601900001,16.906828571],[112.305295354,16.904131893],[112.28965462600002,16.903862226],[112.28884562300001,16.90925558],[112.28237359700002,16.911143254],[112.27847478100001,16.915738041],[112.27778924600001,16.926783983],[112.27913758500002,16.927323318],[112.28533994300001,16.922738967]]],[[[112.31262230000002,16.909916888],[112.30637402500001,16.917345612],[112.30637402500001,16.925974979],[112.30071100300002,16.939188698],[112.30772236400001,16.942155043],[112.31230671500002,16.942424711],[112.31716073400001,16.940537037],[112.31581239600001,16.927323318],[112.31608206300001,16.923817638],[112.31823940500001,16.921660296],[112.31635173100001,16.913570264],[112.31262230000002,16.909916888]]],[[[112.18906856400001,16.932177337],[112.18745055700002,16.940537037],[112.21954101700001,16.932447005],[112.21981068500001,16.929750328],[112.21792301100001,16.927323318],[112.208214972,16.927862653],[112.198776602,16.928941324],[112.18906856400001,16.932177337]]],[[[112.25864283700001,16.936492021],[112.25486748900002,16.93891903],[112.25169509400001,16.944488568],[112.25163147700002,16.947818065],[112.25756416700001,16.956447433],[112.26214851800002,16.957795771],[112.265654198,16.940537037],[112.265114863,16.937840359],[112.26241818600002,16.93541335],[112.25864283700001,16.936492021]]],[[[112.24177402,16.996948834],[112.24654680700002,16.993644596],[112.24691394500002,16.990340359],[112.24030547100001,16.983364747],[112.23957119600001,16.979326235],[112.252053869,16.974920586],[112.252788144,16.970882074],[112.24654680700002,16.967944974],[112.23957119600001,16.967944974],[112.23589982100002,16.962805049],[112.223417147,16.960602225],[112.221948597,16.95693085],[112.20946592400001,16.9583994],[112.20028748700001,16.951423788],[112.17683085400002,16.954872081],[112.16341688800001,16.959000954],[112.15500547600001,16.966360939],[112.15500547600001,16.972669499],[112.15973689600001,16.977400918],[112.16499402800001,16.979503771],[112.17077687400001,16.99212089],[112.180765426,16.995275169],[112.186022559,16.998955162],[112.19653682400002,16.997903736],[112.20946592400001,17.000253071],[112.213137298,16.999518796],[112.21754294800002,16.994746009],[112.22158146000001,16.994746009],[112.22745565900001,16.998050246],[112.24177402,16.996948834]]],[[[111.49447889900001,17.084468026],[111.51827350900001,17.09646051],[111.52055779200002,17.095318368],[111.519986721,17.088275164],[111.51522779900002,17.08541981],[111.50970744900002,17.087323379],[111.50456781400001,17.080280175],[111.50266424500002,17.079518747],[111.49581139700001,17.0823741],[111.49447889900001,17.084468026]]],[[[111.476394995,17.106359067],[111.47449142700002,17.100458004],[111.43794290600002,17.066955193],[111.43089970100002,17.067526264],[111.428615418,17.069049119],[111.42709256300002,17.072856256],[111.43013827300001,17.090369089],[111.43223219900001,17.093605156],[111.44251147100002,17.097412294],[111.44879324800002,17.105978354],[111.45754966400001,17.109975848],[111.46249894300001,17.109404777],[111.465544653,17.113211915],[111.46763857900001,17.113782986],[111.47487214000002,17.111308346],[111.476394995,17.110166205],[111.476394995,17.106359067]]],[[[111.48458034100001,17.112069774],[111.48553212600001,17.113973343],[111.49581139700001,17.118732265],[111.500951033,17.117590123],[111.506661739,17.121968331],[111.51408565800001,17.121397261],[111.51770243800001,17.115876911],[111.51694101100001,17.114544413],[111.49485961300002,17.11168906],[111.48458034100001,17.112069774]]],[[[114.86880191000002,7.238038541],[114.86880191000002,7.214838796],[114.86166352700002,7.193423647],[114.84381757000001,7.180931477],[114.822402421,7.189854456],[114.82061782500001,7.207700413],[114.838463783,7.236253945],[114.85630974000001,7.245176924],[114.86880191000002,7.238038541]]],[[[113.842917198,7.415852995],[113.84735394800002,7.392937706],[113.839235185,7.384818943],[113.82029140400002,7.378053307],[113.81268449200002,7.378927616],[113.805864159,7.375775218],[113.793765207,7.377287587],[113.78847191600002,7.386361801],[113.79300902300001,7.40148549],[113.80737652800002,7.413584442],[113.81796311,7.421146286],[113.830818246,7.424171024],[113.83913627500002,7.421146286],[113.842917198,7.415852995]]],[[[114.95803169800001,7.478958968],[114.949108719,7.498589521],[114.95089331500002,7.518220074],[114.97944684700002,7.528927649],[115.00264659200002,7.530712245],[115.02049255000001,7.52000467],[115.02049255000001,7.500374117],[115.00978497500002,7.484312755],[114.995508209,7.477174372],[114.97944684700002,7.47360518],[114.95803169800001,7.478958968]]],[[[114.661788803,7.582465521],[114.67071178200001,7.607449862],[114.684988548,7.618157437],[114.70818829300002,7.619942032],[114.720680463,7.614588245],[114.72424965400002,7.598526883],[114.70640369700001,7.577111734],[114.67963476000001,7.557481181],[114.66357339900001,7.562834968],[114.661788803,7.582465521]]],[[[113.98763585600001,7.617827645],[114.00048494600001,7.618541483],[114.00690949000001,7.614258454],[114.00905100500002,7.604978556],[114.00334029900002,7.594270981],[113.99406040100001,7.589274113],[113.98192515,7.585704922],[113.96479303100001,7.594270981],[113.959082324,7.604264717],[113.96303518300002,7.612650428],[113.96836222200001,7.618541483],[113.97478676700001,7.621396837],[113.98263898800002,7.621396837],[113.98763585600001,7.617827645]]],[[[113.83463369800002,7.639686303],[113.83675127700002,7.622745667],[113.83145732800001,7.613216559],[113.80498758500002,7.601569872],[113.78835336800002,7.601252947],[113.775341472,7.603687452],[113.76581236400001,7.614275349],[113.76581236400001,7.625922036],[113.77216510200002,7.637568724],[113.78698815900002,7.646039042],[113.80922274400001,7.649215411],[113.8240458,7.649215411],[113.83463369800002,7.639686303]]],[[[112.89913845200002,7.871816476],[112.89913845200002,7.879259744],[112.90988984000002,7.896627371],[112.91898716800002,7.89910846],[112.93139261600001,7.893319251],[112.94379806400002,7.896627371],[112.95289539200002,7.894146281],[112.957030541,7.882567864],[112.951241332,7.874297565],[112.940489944,7.873470535],[112.93387370500001,7.855275879],[112.92477637700001,7.84783261],[112.91651179900002,7.846722298],[112.90823578000001,7.84948667],[112.90161954200002,7.856929938],[112.89913845200002,7.871816476]]],[[[114.91168764900002,7.994358213],[114.91379405700002,7.971187724],[114.90958124100001,7.958549276],[114.8990492,7.956442868],[114.89167677200001,7.946964031],[114.88325114000001,7.945910827],[114.88009152700002,7.949070439],[114.86850628300002,7.969081316],[114.86429346700001,7.985932581],[114.86850628300002,8.008049866],[114.88219793600001,8.016475498],[114.89272997600001,8.01436909],[114.90326201700002,8.008049866],[114.91168764900002,7.994358213]]],[[[113.91933687800001,8.022968192],[113.937336303,8.020850613],[113.94898299000002,8.008145136],[113.97015878500001,7.972146284],[113.96909999600001,7.959440807],[113.964864837,7.94673533],[113.95745330800001,7.942500171],[113.94580662100002,7.941441382],[113.93310114400002,7.945676541],[113.90980777000001,7.958382018],[113.89710229300002,7.976381443],[113.89286713400001,8.000733608],[113.89604350300002,8.011321505],[113.903455031,8.018733033],[113.91933687800001,8.022968192]]],[[[114.12320703400002,8.075418222],[114.09927589800002,8.075418222],[114.08970344300002,8.096956244],[114.09927589800002,8.111314926],[114.11363458000001,8.125673608],[114.13517260200001,8.123280495],[114.13995883000001,8.099349358],[114.12320703400002,8.075418222]]],[[[113.310059695,8.097344908],[113.30672845,8.090682417],[113.30625255800001,8.078785112],[113.29816239000002,8.075453867],[113.284361517,8.080212789],[113.28207555300001,8.085149538],[113.283885624,8.092110094],[113.28293384000001,8.098296692],[113.27912670200001,8.10210383],[113.28007848700001,8.11066989],[113.283885624,8.114952919],[113.28531330100002,8.130657362],[113.29625882200001,8.133512715],[113.29911417500001,8.129705578],[113.32100521600002,8.129229685],[113.32386056900002,8.125422548],[113.321957,8.117808273],[113.31814986300002,8.113525243],[113.32052932400002,8.108290429],[113.320053432,8.104007399],[113.316722186,8.099248477],[113.310059695,8.097344908]]],[[[114.80524442500001,8.104135585],[114.77652706100001,8.111314926],[114.76934772000001,8.142425404],[114.781313288,8.159177199],[114.80524442500001,8.163963427],[114.81720999300002,8.142425404],[114.81960310700002,8.116101154],[114.80524442500001,8.104135585]]],[[[114.58233366400002,8.121060468],[114.564497076,8.117182949],[114.53523146800002,8.108214414],[114.51524871900001,8.109641754],[114.50668468300002,8.121060468],[114.50668468300002,8.131051843],[114.519530736,8.1367612],[114.53569380300002,8.139700373],[114.53885341500002,8.160764454],[114.55465147500001,8.163924066],[114.55886429200001,8.160764454],[114.567289924,8.160764454],[114.57466235200002,8.171296494],[114.60415206600001,8.187094555],[114.61363090200001,8.181828535],[114.61573731000001,8.17024329],[114.61658980700001,8.152461932],[114.609453111,8.135333861],[114.58233366400002,8.121060468]]],[[[114.683195628,8.18550145],[114.66405071900002,8.209432586],[114.67601628800001,8.221398154],[114.69994742400002,8.221398154],[114.73105790100001,8.209432586],[114.74302347000001,8.190287677],[114.714306106,8.183108336],[114.683195628,8.18550145]]],[[[113.378588172,8.308641045],[113.38477477100001,8.297695525],[113.38667834000002,8.285322327],[113.385250663,8.237733107],[113.37953995700002,8.222504557],[113.35146231700001,8.174439445],[113.320053432,8.139699314],[113.31624629400001,8.142078775],[113.31529451000002,8.146361805],[113.31814986300002,8.155403757],[113.32243289300001,8.161590355],[113.32433646100002,8.168728738],[113.321957,8.176818906],[113.31862575500001,8.180150151],[113.310535588,8.177294798],[113.28293384000001,8.138747529],[113.27817491800002,8.129705578],[113.27531956500002,8.127326117],[113.268181182,8.128277901],[113.267229397,8.133988607],[113.28626508500001,8.168252846],[113.29768649800002,8.185384965],[113.31101148000002,8.200137623],[113.316722186,8.208703683],[113.31814986300002,8.217269743],[113.32433646100002,8.222028665],[113.32814359900001,8.228691156],[113.32814359900001,8.238684892],[113.33242662900001,8.243443814],[113.34194447300001,8.243919706],[113.34908285600001,8.247250951],[113.35193820900001,8.256292903],[113.352414101,8.265810747],[113.35051053200002,8.276280376],[113.34813107100001,8.28151519],[113.35003464000002,8.295316064],[113.35717302300002,8.30959283],[113.36431140600001,8.312448183],[113.37049800500002,8.312448183],[113.378588172,8.308641045]]],[[[115.26350067100002,8.371068192],[115.29089675700001,8.352233383],[115.28918450200001,8.331686319],[115.275486459,8.319700531],[115.24980262800001,8.319700531],[115.21726977700001,8.331686319],[115.18936337900001,8.346607682],[115.18302466900002,8.367643681],[115.18302466900002,8.381341724],[115.195010457,8.395039767],[115.20870850000001,8.401888788],[115.22754330900001,8.398464278],[115.23610458600001,8.381341724],[115.26350067100002,8.371068192]]],[[[115.52210753800001,8.529759497],[115.55220701400002,8.529759497],[115.56295682600002,8.510409835],[115.56510678900001,8.484610284],[115.55650693900002,8.460960696],[115.53285735100002,8.458810734],[115.51780761300002,8.463110659],[115.504907838,8.491060172],[115.50920776300002,8.51470976],[115.52210753800001,8.529759497]]],[[[115.29421151000001,8.493210134],[115.27056192200001,8.476010434],[115.253362222,8.495360097],[115.253362222,8.521159647],[115.26841196,8.534059422],[115.28991158500001,8.529759497],[115.298511435,8.51470976],[115.29421151000001,8.493210134]]],[[[114.18897393700001,8.768197901],[114.18897393700001,8.782474667],[114.19563642800001,8.791040726],[114.21562390100001,8.794847864],[114.23085245100002,8.780571098],[114.24417743300002,8.752017566],[114.25083992400002,8.728222956],[114.25083992400002,8.719656896],[114.24227386400001,8.717753327],[114.23656315800001,8.731078309],[114.22799709800002,8.739644369],[114.220382823,8.738692584],[114.220382823,8.72917474],[114.22323817600001,8.718705112],[114.22228639200002,8.711090837],[114.210864979,8.711090837],[114.19849178100002,8.733933662],[114.18897393700001,8.768197901]]],[[[113.971967094,8.828160318],[113.9776778,8.816738905],[114.00527954800002,8.794847864],[114.00527954800002,8.787233589],[114.00052062600001,8.778667529],[113.98719564400001,8.778667529],[113.97006352500001,8.787233589],[113.95293140600002,8.811979983],[113.94722069900001,8.827208534],[113.94912426800002,8.838629947],[113.95578675900002,8.842437084],[113.965304603,8.840533515],[113.971967094,8.828160318]]],[[[113.981484938,8.847196006],[113.974822447,8.857665635],[113.974822447,8.864328125],[113.98053315300001,8.870990616],[113.99290635100002,8.871942401],[114.00908668500001,8.863376341],[114.03859200200002,8.839581731],[114.04525449300002,8.826256749],[114.04810984600002,8.796751433],[114.04430270800002,8.77676396],[114.027170589,8.774860392],[114.017652745,8.784378236],[114.017652745,8.795799648],[114.01574917600001,8.808172846],[114.00600008600001,8.820518921],[113.99956884100001,8.833871025],[113.981484938,8.847196006]]],[[[112.549261674,8.854525762],[112.56829736200001,8.856429331],[112.591140187,8.861188253],[112.60256160000002,8.860236468],[112.61303122900001,8.851670409],[112.64444011400002,8.833586505],[112.64919903600001,8.823116876],[112.62921156300001,8.813599032],[112.594947325,8.811695464],[112.57305628400002,8.812647248],[112.560453852,8.817240567],[112.545454536,8.828827583],[112.53498490800001,8.839297211],[112.538792045,8.852622193],[112.549261674,8.854525762]]],[[[113.93008858000002,8.859569203],[113.93389571800002,8.852906713],[113.93104036400001,8.837678162],[113.918667167,8.835774593],[113.89772791000001,8.853858497],[113.892968988,8.867183479],[113.89772791000001,8.881460245],[113.909149323,8.88907452],[113.918667167,8.888122736],[113.929136796,8.88050846],[113.93104036400001,8.869087047],[113.93008858000002,8.859569203]]],[[[116.31293895700001,8.887532613],[116.30659078300002,8.873566631],[116.30405151300002,8.863409552],[116.29135516500001,8.855791744],[116.27358027800001,8.868488092],[116.27231064400002,8.882454074],[116.281198087,8.898959326],[116.30278187800002,8.928160926],[116.31420859200001,8.928160926],[116.32944420900002,8.918003848],[116.33071384400002,8.902768231],[116.32182640000002,8.891341518],[116.31293895700001,8.887532613]]],[[[114.64011974400002,8.905254855],[114.645830451,8.917628052],[114.65725186300001,8.92809768],[114.67628755100002,8.931904818],[114.69056431700001,8.927145896],[114.69341967100002,8.908110208],[114.68295004200002,8.888122736],[114.668673276,8.869087047],[114.65154115700001,8.861472772],[114.63536082200001,8.861472772],[114.625842978,8.859569203],[114.62203584,8.867183479],[114.62489119400001,8.881460245],[114.632505469,8.884315598],[114.64011974400002,8.890026304],[114.64011974400002,8.905254855]]],[[[112.84145948500002,8.896404275],[112.827182719,8.90592212],[112.823375581,8.91258461],[112.823375581,8.922102454],[112.83574877900001,8.926861376],[112.85192911400001,8.925909592],[112.87001301700002,8.917343532],[112.87572372400001,8.904970335],[112.87096480200002,8.895452491],[112.859543389,8.889741785],[112.84145948500002,8.896404275]]],[[[113.64264969000001,8.985204745],[113.65502288800002,8.987108313],[113.66549251600001,8.986156529],[113.67120322300002,8.978542254],[113.667396085,8.96902441],[113.64360147500001,8.972831547],[113.64074612200001,8.978542254],[113.64264969000001,8.985204745]]],[[[113.71022638300002,8.966169056],[113.69880497000001,8.967120841],[113.693575934,8.972817116],[113.70927459900001,8.986156529],[113.72164779600001,8.99281902],[113.73021385600002,8.990915451],[113.732117424,8.980445823],[113.72831028700001,8.973783332],[113.71498530500001,8.972831547],[113.71022638300002,8.966169056]]],[[[113.66361958500002,9.00194784],[113.65241891300002,8.997467572],[113.640065731,8.997934768],[113.63113763600002,9.008668244],[113.63113763600002,9.018748849],[113.643458375,9.025469252],[113.65017877900002,9.035549857],[113.65689918200002,9.038910059],[113.66809985400002,9.036669925],[113.67594032500001,9.028829454],[113.67482025800001,9.016508714],[113.66361958500002,9.00194784]]],[[[113.69028786900002,9.02223555],[113.68928712600001,9.030890396],[113.69594961700001,9.037552887],[113.70641924500002,9.037552887],[113.713081736,9.028986827],[113.72164779600001,9.027083258],[113.726406718,9.020420767],[113.725454933,9.006144001],[113.713081736,9.007095786],[113.69404604800002,9.013758277],[113.69028786900002,9.02223555]]],[[[116.44752024400002,9.165582631],[116.44625060900002,9.178278979],[116.455138052,9.188436057],[116.47418257400001,9.1973235],[116.49195746100001,9.196053866],[116.497036,9.178278979],[116.49449673100001,9.161773727],[116.48687892200002,9.145268474],[116.46656476600002,9.146538109],[116.44752024400002,9.165582631]]],[[[113.66137945100002,9.234921825],[113.67146005600002,9.236041892],[113.68714099700001,9.233801758],[113.70394200600002,9.218120816],[113.699461737,9.206920144],[113.69834167000002,9.197959606],[113.70282193900002,9.183398732],[113.694981468,9.178918463],[113.67880148000002,9.182034811],[113.66473965300001,9.182278665],[113.65017877900002,9.191239203],[113.649058711,9.201319808],[113.65577911500002,9.209160278],[113.65577911500002,9.221481018],[113.66137945100002,9.234921825]]],[[[115.91341322700002,9.338427379],[115.92949448300001,9.344275109],[115.94996153600002,9.347198973],[115.96458086000001,9.331117717],[115.974814387,9.306264867],[115.96311892800001,9.284335881],[115.944113807,9.278488151],[115.92510868600002,9.29018361],[115.91779902400002,9.304802934],[115.91162807400002,9.323565093],[115.91341322700002,9.338427379]]],[[[115.42854433300002,9.413346194],[115.44188269800001,9.413346194],[115.46093750400001,9.405724272],[115.47427586800002,9.377142063],[115.47808682900002,9.342843412],[115.46474846500001,9.321883125],[115.44378817800002,9.321883125],[115.43044981400001,9.33903245],[115.42092241100002,9.358087256],[115.42092241100002,9.394291388],[115.42854433300002,9.413346194]]],[[[114.16092233300002,9.374978029],[114.16520536300001,9.386399442],[114.17805445200001,9.392110149],[114.19375889500002,9.386399442],[114.19804192500001,9.370695],[114.195186571,9.354990557],[114.185192835,9.343569144],[114.17377142200002,9.343569144],[114.16377768600002,9.356418234],[114.16092233300002,9.374978029]]],[[[116.95918306100002,9.472834248],[116.97949721800002,9.469025344],[116.98965429600001,9.452520092],[116.98203648800002,9.434745205],[116.96299196600002,9.409352509],[116.92617255700002,9.405543605],[116.916015479,9.411891779],[116.91280356300001,9.433222666],[116.895701322,9.439823744],[116.895701322,9.455059362],[116.92490292200002,9.46521644],[116.95918306100002,9.472834248]]],[[[112.54604197000002,9.563180374],[112.55940621300002,9.561437212],[112.57044624000001,9.552140347],[112.57102729400002,9.536451887],[112.56870307800001,9.527155022],[112.56405464500001,9.520763428],[112.55708199700001,9.517277103],[112.53616405100001,9.517277103],[112.520475591,9.520182374],[112.512921888,9.525992914],[112.510016618,9.534708725],[112.510016618,9.540519266],[112.51524610500002,9.550397185],[112.52861034800002,9.55969405],[112.54604197000002,9.563180374]]],[[[112.864657012,9.5449341],[112.86858387100001,9.550333531],[112.87054730000001,9.556223819],[112.87791016100002,9.558678106],[112.884291306,9.558678106],[112.887236451,9.553278675],[112.88085530500001,9.540516383],[112.87300158700002,9.537571239],[112.86122101,9.528244949],[112.85316825600002,9.528649757],[112.85140386300002,9.53560781],[112.85385815,9.540516383],[112.864657012,9.5449341]]],[[[116.18533265000002,9.595727479],[116.19410424500002,9.586955885],[116.19118038000002,9.569412696],[116.17802298900001,9.55917917],[116.156094003,9.562103034],[116.147322408,9.579646223],[116.15463207000002,9.592803614],[116.16778946200002,9.600113276],[116.18533265000002,9.595727479]]],[[[112.89361759600001,9.57094954],[112.89067245200002,9.577330686],[112.89018159500002,9.58763869],[112.89607188300002,9.591565549],[112.901962171,9.58960212],[112.907361602,9.583711831],[112.90637988800002,9.573894684],[112.903434744,9.569967825],[112.89852617000001,9.568004396],[112.89361759600001,9.57094954]]],[[[112.95096410300002,9.632156311],[112.94239804300001,9.634297825],[112.93454582200002,9.630014796],[112.933118145,9.622876413],[112.927407439,9.611455],[112.913844511,9.60717197],[112.900780558,9.605732873],[112.89742623,9.612168838],[112.898140069,9.619307221],[112.90599229000001,9.631442472],[112.92241057100001,9.632870149],[112.92383824800001,9.637153179],[112.92383824800001,9.647146915],[112.927407439,9.651429945],[112.94025652900001,9.652143783],[112.94382572,9.655712975],[112.94382572,9.657854489],[112.95096410300002,9.664279034],[112.95667480900002,9.664279034],[112.96095783900002,9.657140651],[112.96238551600001,9.646433077],[112.96167167800002,9.63643934],[112.95096410300002,9.632156311]]],[[[112.98165915000001,9.657140651],[112.97737612000002,9.664279034],[112.97380692900002,9.677128124],[112.982372988,9.680697315],[112.99450823900001,9.682124992],[112.99736359300002,9.686408021],[113.00807116700001,9.689263375],[113.01449571200001,9.687835698],[113.02306177200002,9.681411153],[113.02734480100001,9.682124992],[113.031627831,9.685694183],[113.041621567,9.67427277],[113.051615304,9.668562064],[113.04947378900002,9.656426813],[113.045190759,9.647860753],[113.028772478,9.645719238],[113.01663722700002,9.652143783],[113.00521581400001,9.655712975],[112.99664975400002,9.654999136],[112.98165915000001,9.657140651]]],[[[114.29719319000002,9.686229822],[114.28172669300001,9.683850361],[114.26863965800001,9.689799014],[114.25793208300001,9.70407578],[114.25793208300001,9.712403893],[114.26031154400002,9.724301198],[114.272208849,9.725490929],[114.28172669300001,9.719542276],[114.29600345900002,9.717162815],[114.30552130300002,9.711214163],[114.30552130300002,9.698127127],[114.29719319000002,9.686229822]]],[[[114.716519923,9.717800646],[114.71038872000001,9.7073776],[114.70057879300002,9.702472636],[114.688929506,9.705538238],[114.68095894100001,9.711056322],[114.67666709800001,9.721479369],[114.67911957900002,9.730676174],[114.68709014500001,9.73864674],[114.699352552,9.740486101],[114.71100184,9.738033619],[114.716519923,9.731289295],[114.716519923,9.717800646]]],[[[115.83008308100001,9.709758205],[115.83446887800001,9.738996853],[115.85201206600001,9.762387771],[115.85347399900002,9.794550284],[115.871017187,9.800398013],[115.90025583500001,9.80478381],[115.910489362,9.790164487],[115.92218482100002,9.762387771],[115.91926095600002,9.717067867],[115.89879390300001,9.677595693],[115.89733197000001,9.664438301],[115.89002230800001,9.649818977],[115.875402985,9.642509316],[115.85738422800002,9.646912726],[115.84908820200002,9.674671828],[115.83008308100001,9.709758205]]],[[[116.55240711300002,9.742192322],[116.55387382200001,9.75375518],[116.56104448100001,9.760029507],[116.57628213000001,9.763614836],[116.58434912100002,9.75375518],[116.591519779,9.738517531],[116.58883078200002,9.727761543],[116.58255645600002,9.722383549],[116.57359313300002,9.725968879],[116.56642247400002,9.734035869],[116.55240711300002,9.742192322]]],[[[114.34343404800002,9.752418496],[114.34521864400001,9.758367148],[114.35057243100002,9.76193634],[114.35592621900001,9.760151744],[114.36009027500002,9.754797957],[114.356521084,9.73933146],[114.34819297000001,9.73814173],[114.34343404800002,9.742900652],[114.34343404800002,9.752418496]]],[[[114.27316063300002,9.737388234],[114.27030528000002,9.74309894],[114.26173922100001,9.747857862],[114.262691005,9.76689355],[114.25507673000001,9.78402567],[114.25507673000001,9.793543514],[114.26078743600002,9.800206004],[114.272208849,9.803061358],[114.28267847700002,9.798302436],[114.28838918400001,9.788784592],[114.28838918400001,9.778314963],[114.29600345900002,9.770700688],[114.29981059700002,9.754520353],[114.29885881200002,9.742147156],[114.28920853400001,9.734090473],[114.28077490900002,9.731677528],[114.27316063300002,9.737388234]]],[[[114.40042214000002,9.769312669],[114.39828062500001,9.766814235],[114.39078532200001,9.767528073],[114.38471769700001,9.774666456],[114.38400385900002,9.778235648],[114.389357646,9.782875597],[114.39328375700002,9.781804839],[114.39970830100002,9.773952618],[114.40042214000002,9.769312669]]],[[[116.40590237100001,9.780771044],[116.39791199900002,9.789608473],[116.400600996,9.801260793],[116.40777165500002,9.809327784],[116.421216639,9.813809445],[116.43555795600001,9.810224116],[116.44721027700001,9.800364461],[116.44541761200001,9.779748817],[116.43286895900002,9.771681827],[116.41494231300001,9.770785494],[116.40590237100001,9.780771044]]],[[[116.49023422800002,9.782437814],[116.48216723700001,9.782437814],[116.47768557500001,9.786023144],[116.47768557500001,9.793193802],[116.47410024600002,9.80394979],[116.46692958700001,9.812016781],[116.47141124900001,9.820083772],[116.48037457200002,9.822772769],[116.49023422800002,9.820083772],[116.50816087400001,9.804846122],[116.509057206,9.795882799],[116.50099021500002,9.786919476],[116.49023422800002,9.782437814]]],[[[114.45003720100001,9.814632922],[114.45775015800001,9.816836624],[114.46436126400002,9.814081996],[114.468217742,9.809674592],[114.466564966,9.801961635],[114.46215756200002,9.797554231],[114.456648307,9.79645238],[114.45003720100001,9.800308859],[114.44838442400001,9.809674592],[114.45003720100001,9.814632922]]],[[[114.48379869000001,9.827748371],[114.48617815100002,9.824417126],[114.48617815100002,9.817754635],[114.48141922900001,9.814423389],[114.475708523,9.816326958],[114.47380495400002,9.820134096],[114.47475673900001,9.824893018],[114.47856387600001,9.828700155],[114.48379869000001,9.827748371]]],[[[114.26134264400001,9.816069078],[114.25717858700001,9.819638269],[114.254799126,9.826181787],[114.26134264400001,9.838673957],[114.27026562300001,9.839863688],[114.27383481400001,9.834509901],[114.27323994900001,9.822612596],[114.271455353,9.817853674],[114.26134264400001,9.816069078]]],[[[114.51360514500001,9.834561431],[114.50810586000001,9.827036093],[114.49739672500002,9.827036093],[114.49016082300001,9.835719175],[114.48900307900001,9.840350153],[114.49045025900001,9.844691694],[114.493923492,9.848164927],[114.49913334100002,9.848454363],[114.510421348,9.84498113],[114.51360514500001,9.834561431]]],[[[114.39387862200002,9.849678965],[114.40190930300001,9.854140454],[114.40637079200002,9.853248156],[114.40815538800001,9.850868695],[114.408750253,9.84581234],[114.40458619600001,9.843730312],[114.39090429600002,9.842838014],[114.38406334500002,9.843432879],[114.37782524700002,9.846693655],[114.379304423,9.85146356],[114.38406334500002,9.854140454],[114.38971456500002,9.853545589],[114.39387862200002,9.849678965]]],[[[114.26943281100002,9.844265691],[114.26657745800001,9.851047155],[114.268362054,9.854616346],[114.27264508400002,9.855687104],[114.27764195200001,9.854616346],[114.27906962800002,9.848191801],[114.277998871,9.845336448],[114.26943281100002,9.844265691]]],[[[114.29977093900001,9.858185538],[114.30012785800001,9.853902508],[114.29334639400001,9.850333316],[114.28656493000001,9.854259427],[114.28585109200002,9.858185538],[114.28870644500002,9.864967002],[114.29406023300001,9.867108516],[114.297629424,9.86568084],[114.29977093900001,9.858185538]]],[[[114.52749807700002,9.857716317],[114.52605089600002,9.861478986],[114.526340333,9.869583196],[114.52749807700002,9.871609249],[114.53068187400001,9.871609249],[114.53965439200002,9.861478986],[114.53965439200002,9.857426881],[114.536181159,9.854821956],[114.53155018200002,9.855111392],[114.52749807700002,9.857716317]]],[[[114.373355771,9.865442894],[114.37246347300001,9.877637631],[114.37751982700001,9.882693986],[114.38406334500002,9.882693986],[114.38763253700002,9.877637631],[114.38971456500002,9.869904383],[114.38703767100002,9.860683972],[114.38317104700002,9.859791674],[114.373355771,9.865442894]]],[[[114.58538529200001,9.869583196],[114.582201495,9.876529662],[114.58364867600001,9.881450075],[114.58712190900002,9.884923308],[114.59696273500002,9.883186692],[114.59956766000002,9.879134587],[114.59869935200001,9.87450361],[114.59522611900002,9.869872632],[114.59001626900002,9.86784658],[114.58538529200001,9.869583196]]],[[[114.32874087700002,9.871391546],[114.33171520300002,9.872878709],[114.33290493400001,9.875555603],[114.33052547200002,9.886858043],[114.33260750100001,9.889832369],[114.34242277800001,9.886858043],[114.34509967100001,9.882991419],[114.34569453600001,9.877637631],[114.343612508,9.874960738],[114.33915101900001,9.873176142],[114.336474125,9.864253163],[114.33290493400001,9.863955731],[114.32844344400002,9.866632624],[114.32755114600002,9.868714653],[114.32874087700002,9.871391546]]],[[[114.457199232,9.868072696],[114.447833498,9.869174547],[114.43901869000001,9.873031026],[114.43626406300001,9.881294908],[114.43736591400001,9.887355089],[114.44287516900002,9.890660642],[114.46491218900002,9.88349861],[114.46876866800001,9.876336579],[114.46546311500002,9.870827324],[114.457199232,9.868072696]]],[[[114.56715081900002,9.872766993],[114.56541420300002,9.868714888],[114.55991491700001,9.867557144],[114.55383676000001,9.86784658],[114.54717973000001,9.871898685],[114.54196988100001,9.880292331],[114.54196988100001,9.885791617],[114.54486424100001,9.89071203],[114.55007409100001,9.892448646],[114.55441563200002,9.891869774],[114.56223040600001,9.885791617],[114.56628251100001,9.879713459],[114.56715081900002,9.872766993]]],[[[115.51498884300001,9.900547915],[115.52594411600002,9.912345901],[115.54954008800001,9.925829313],[115.56470892700001,9.91993032],[115.56470892700001,9.907289621],[115.57500787,9.893903982],[115.58754612400001,9.884948087],[115.58575494500002,9.865245117],[115.57500787,9.849124505],[115.56218078700002,9.845771552],[115.55038280100001,9.845771552],[115.53689938900001,9.842400699],[115.522201977,9.849992595],[115.51498884300001,9.86852481],[115.51498884300001,9.900547915]]],[[[114.48668759000002,9.906052142],[114.49102913100002,9.906631014],[114.49334462000002,9.903447217],[114.49479180000002,9.896790187],[114.493923492,9.887817669],[114.487266462,9.878555715],[114.483214357,9.879713459],[114.477425636,9.884633872],[114.47684676300001,9.892738082],[114.47829394400001,9.899973984],[114.48147774100002,9.904315525],[114.48668759000002,9.906052142]]],[[[114.51939386700002,9.900552856],[114.51678894200002,9.898526804],[114.51273683700002,9.89881624],[114.50955304000001,9.899395112],[114.50723755200002,9.902289473],[114.50579037100002,9.909525375],[114.50810586000001,9.916471841],[114.51100022000001,9.919366201],[114.51910443100002,9.918787329],[114.52170935500001,9.91357748],[114.51939386700002,9.900552856]]],[[[114.661250723,9.96581649],[114.66957883700002,9.946780802],[114.66600964500002,9.919417001],[114.64102530500001,9.901571043],[114.62793826900001,9.901571043],[114.616916287,9.909933822],[114.61723069500002,9.927745114],[114.62079988600001,9.94083215],[114.61247177300001,9.952729455],[114.61485123400001,9.969385682],[114.63626638300002,9.972954874],[114.65054314900001,9.971765143],[114.661250723,9.96581649]]],[[[114.57120292400002,9.932680261],[114.56280927800002,9.929496464],[114.55528394000001,9.9297859],[114.55181070700002,9.931811953],[114.54920578300002,9.937311238],[114.55181070700002,9.942810524],[114.55875717300002,9.947152065],[114.56483533100001,9.948020373],[114.57322897700001,9.945126012],[114.57525502900002,9.941073907],[114.57525502900002,9.937021802],[114.57120292400002,9.932680261]]],[[[114.59001626900002,9.951493606],[114.58972683300001,9.948309809],[114.58596416400002,9.946573193],[114.58104375100001,9.948599245],[114.57872826200001,9.953230222],[114.58017544300002,9.956703455],[114.58422754800002,9.9578612],[114.58799021700001,9.955545711],[114.59001626900002,9.951493606]]],[[[113.86750368100002,10.111101858],[113.87507391200002,10.119513226],[113.88684982600002,10.121195499],[113.897784604,10.116989816],[113.90283142400001,10.08755003],[113.89694346700001,10.073250705],[113.89442005700002,10.040446372],[113.88769096300001,9.993342714],[113.88264414200002,9.979884527],[113.86329799700002,9.971473159],[113.85068094600001,9.973996569],[113.845634126,9.98409021],[113.85656890300001,10.046334329],[113.85617555600001,10.070156399],[113.85993345000001,10.101008218],[113.86750368100002,10.111101858]]],[[[117.37252908600001,10.058730263],[117.35587285900002,10.061109724],[117.34635501500001,10.083714603],[117.345165285,10.096801639],[117.35230366800002,10.105129752],[117.36777016400002,10.108698944],[117.3808572,10.103940022],[117.38799558300002,10.092042717],[117.38323666100001,10.063489185],[117.37252908600001,10.058730263]]],[[[116.06253033000002,10.06208391],[116.05668260000002,10.079627099],[116.043525209,10.088398693],[116.04206327700001,10.103018017],[116.05960646500002,10.127870868],[116.07422578900001,10.13518053],[116.08299738300002,10.126408935],[116.09323091000002,10.107403814],[116.09323091000002,10.084012896],[116.08299738300002,10.066469708],[116.06253033000002,10.06208391]]],[[[114.26712636900001,10.135370722],[114.25798417700001,10.13255774],[114.23759005900001,10.135370722],[114.23266734000002,10.148732386],[114.23266734000002,10.159281068],[114.239699795,10.16982975],[114.24813874100002,10.176862205],[114.260093914,10.176158959],[114.27275233200001,10.171236241],[114.27626856000002,10.160687559],[114.274862069,10.149435631],[114.26712636900001,10.135370722]]],[[[114.30017890600001,10.161390804],[114.29384969700001,10.178268696],[114.29736592400002,10.187410887],[114.30439837900002,10.195146587],[114.31072758800002,10.197256324],[114.330418461,10.192333605],[114.33885740700002,10.184597905],[114.33674767100001,10.167720014],[114.32901197000001,10.155764841],[114.317760043,10.15435835],[114.30017890600001,10.161390804]]],[[[115.28311709700002,10.184547251],[115.28901609000002,10.19718795],[115.30502764200001,10.206457796],[115.31682562800002,10.207300509],[115.34294974,10.187075391],[115.34632059300002,10.175277405],[115.34294974,10.163479419],[115.33536532,10.154209573],[115.32609547400001,10.14831058],[115.300814076,10.144939727],[115.29070151600001,10.151681433],[115.28648795,10.167692985],[115.28058895700002,10.176120118],[115.28311709700002,10.184547251]]],[[[114.36628398000002,10.178268696],[114.35995477100002,10.18389466],[114.35643854400001,10.190927114],[114.35854828,10.207805006],[114.36909696200001,10.212024478],[114.38175538100002,10.210617988],[114.40636897200001,10.223276406],[114.42324686400002,10.227495879],[114.43238905500002,10.224682897],[114.435905282,10.219760179],[114.43449879100001,10.211321233],[114.42535660000001,10.201475796],[114.400039763,10.18389466],[114.38597485400001,10.179675187],[114.36628398000002,10.178268696]]],[[[115.363174858,10.214884929],[115.35474772600001,10.228368341],[115.35474772600001,10.239323614],[115.36486028500002,10.244379894],[115.38087183700002,10.247750747],[115.39435525000002,10.24100904],[115.39688339000001,10.227525628],[115.39519796300002,10.217413069],[115.38761354400002,10.209828649],[115.37665827100001,10.209828649],[115.363174858,10.214884929]]],[[[113.63787592400001,10.235776887],[113.62498243300001,10.220608074],[113.61739802600002,10.219849634],[113.61133050100001,10.223641837],[113.59464480600002,10.239569091],[113.595403247,10.245636616],[113.60374609400002,10.256254785],[113.61208894100001,10.26156387],[113.62422399200001,10.258530107],[113.63332528,10.25018726],[113.63863436500002,10.243361294],[113.63787592400001,10.235776887]]],[[[114.28723091600001,10.294469668],[114.30237137700001,10.297834215],[114.31246501800001,10.296151942],[114.32003524900001,10.290263985],[114.31919411200002,10.284376027],[114.31162388100002,10.270076703],[114.28807205200002,10.259983062],[114.27797841200001,10.251571694],[114.26704363400002,10.231384413],[114.25694999300002,10.221290772],[114.24349180500002,10.217085088],[114.23151472100001,10.221082843],[114.23003361700002,10.238113507],[114.23760384800002,10.252412831],[114.26031454000001,10.275123523],[114.28723091600001,10.294469668]]],[[[114.53717263000001,10.248593243],[114.53857912100001,10.255625698],[114.548424558,10.264064643],[114.57233490400002,10.271097098],[114.58780630500002,10.277426307],[114.597651741,10.285162008],[114.60749717800002,10.28797499],[114.61523287800001,10.286568499],[114.62226533300002,10.277426307],[114.62226533300002,10.268987362],[114.60116796900002,10.261251662],[114.58710305900001,10.247889998],[114.57585113200001,10.241560788],[114.56248946800001,10.23663807],[114.54983104900002,10.234528334],[114.54068885800001,10.239451052],[114.53717263000001,10.248593243]]],[[[117.25593549700001,10.316901782],[117.25355603600002,10.337127201],[117.25831495800001,10.353783428],[117.26783280200002,10.363301272],[117.28329929800002,10.360921811],[117.29400687300001,10.352593697],[117.29995552500002,10.333558009],[117.29638633400002,10.315712051],[117.28329929800002,10.305004477],[117.26545334100001,10.305004477],[117.25593549700001,10.316901782]]],[[[114.72578417000001,10.318093253],[114.71319157500001,10.319087406],[114.70689527700002,10.310802804],[114.70424420400002,10.309808651],[114.70026759500001,10.311796956],[114.70026759500001,10.316436333],[114.69297714600002,10.320412942],[114.690326073,10.327372008],[114.68866915300002,10.349574741],[114.69198299300001,10.356865191],[114.69728513900002,10.361504568],[114.70556974100002,10.377411004],[114.71418572700001,10.380724845],[114.72247032900002,10.380724845],[114.74069645300001,10.37707962],[114.74566721500001,10.374097163],[114.746992751,10.369457786],[114.74632998300001,10.356533807],[114.74102783700002,10.351563046],[114.73406877200001,10.331348617],[114.72578417000001,10.318093253]]],[[[116.50754506000001,10.42206229],[116.52570667200001,10.428872894],[116.539327882,10.426602693],[116.54159808300001,10.412981483],[116.52797687400002,10.390279468],[116.51889606800002,10.365307252],[116.52570667200001,10.351686043],[116.557489494,10.353956244],[116.61651473300002,10.360766849],[116.63921674800001,10.360766849],[116.646027353,10.344875438],[116.636946547,10.331254229],[116.57792130700001,10.308552214],[116.50754506000001,10.301741609],[116.47349203800002,10.306282012],[116.45760062700002,10.324443625],[116.45306022400001,10.349415841],[116.46441123200002,10.372117856],[116.48938344800001,10.397090073],[116.50754506000001,10.42206229]]],[[[114.37286012400001,10.38437007],[114.37153458800002,10.379067924],[114.36590105800002,10.371777475],[114.36126168100002,10.370783322],[114.35330846300002,10.374097163],[114.35231431100001,10.377411004],[114.35363984700001,10.381056229],[114.36059891300002,10.386358374],[114.36556967400001,10.38768391],[114.37286012400001,10.38437007]]],[[[114.48287963900002,10.374428547],[114.476583341,10.372771627],[114.473600884,10.373765779],[114.47194396400002,10.376748236],[114.47161258000001,10.382050381],[114.47393226900002,10.386689758],[114.47757749300001,10.388678063],[114.480228566,10.388678063],[114.48420517500001,10.38602699],[114.48553071100001,10.382713149],[114.48287963900002,10.374428547]]],[[[114.41660282300002,10.385695606],[114.41328898200001,10.384038685],[114.408649605,10.385032838],[114.40632991600002,10.387352526],[114.40765545200001,10.391991903],[114.41229483,10.393980208],[114.41726559100002,10.391991903],[114.41859112700001,10.389672215],[114.41660282300002,10.385695606]]],[[[114.573016109,10.405578651],[114.56771396300002,10.407566955],[114.56705119500002,10.412206332],[114.57135918800002,10.416845709],[114.57732410200002,10.418834014],[114.58759700800002,10.417177094],[114.58759700800002,10.409886644],[114.57931240600001,10.405578651],[114.573016109,10.405578651]]],[[[115.80146928900001,10.453173843],[115.79671036700002,10.444250864],[115.78659765800002,10.438897077],[115.77826954400001,10.43592275],[115.76994143100002,10.438302211],[115.76458764400002,10.444250864],[115.759233856,10.45971736],[115.76161331700001,10.469235204],[115.76756197000002,10.470424935],[115.78183873600001,10.469235204],[115.79611550200002,10.466260878],[115.79968469300002,10.462691687],[115.80146928900001,10.453173843]]],[[[115.74138789900002,10.437707346],[115.73127518900002,10.438897077],[115.72532653700002,10.443061133],[115.72175734500001,10.449604651],[115.72175734500001,10.45971736],[115.72532653700002,10.468045474],[115.73246492000001,10.46983007],[115.73960330300001,10.466855743],[115.74198276400001,10.460312226],[115.74317249400002,10.447820055],[115.74138789900002,10.437707346]]],[[[116.868884934,10.47687869],[116.85960503600002,10.471167984],[116.85175281500001,10.469026469],[116.84104524000001,10.469740307],[116.83390685700002,10.475451013],[116.83390685700002,10.481875558],[116.84104524000001,10.488300103],[116.84532827000001,10.494724648],[116.852466653,10.496152324],[116.865315742,10.496152324],[116.87102644900001,10.494010809],[116.868884934,10.47687869]]],[[[116.65544728200001,10.518281312],[116.66686869400002,10.515425958],[116.69399455000001,10.517567473],[116.70184677100002,10.51471212],[116.70612980100002,10.508287575],[116.70755747800001,10.501863031],[116.705415963,10.494010809],[116.69756374100001,10.491155456],[116.67614859200002,10.490441618],[116.66401334100001,10.492583133],[116.65401960500002,10.491869294],[116.64473970700001,10.494010809],[116.63902900100001,10.496866162],[116.63760132400002,10.50614606],[116.64188435400001,10.51471212],[116.646167384,10.51899515],[116.65544728200001,10.518281312]]],[[[115.71899909600002,10.484148968],[115.71104977100002,10.487676027],[115.70986004,10.49481441],[115.717593289,10.502547658],[115.71937788400001,10.515039829],[115.730085459,10.521583346],[115.73365465000002,10.528721729],[115.74198276400001,10.532290921],[115.749716012,10.531696056],[115.75506980000002,10.529316595],[115.75863899100001,10.521583346],[115.75863899100001,10.511470637],[115.74793141700002,10.500763063],[115.74793141700002,10.490650353],[115.74079303300002,10.484701701],[115.71899909600002,10.484148968]]],[[[115.80920253700002,10.510875772],[115.80741794200001,10.503142524],[115.79968469300002,10.500168197],[115.79254631000002,10.503142524],[115.776484949,10.519203885],[115.77351062200002,10.52991146],[115.776484949,10.535265247],[115.78302846600002,10.539429304],[115.79076171500002,10.537644708],[115.80265902,10.528126864],[115.80741794200001,10.520393616],[115.80920253700002,10.510875772]]],[[[117.18931058900002,10.617903599],[117.20953600700001,10.598867911],[117.210725738,10.588160337],[117.19169005000002,10.584591145],[117.16908517000002,10.590539798],[117.16908517000002,10.608385755],[117.17384409200001,10.61909333],[117.180982475,10.622662521],[117.18931058900002,10.617903599]]],[[[117.62625696200001,10.631593184],[117.63223411800001,10.648329222],[117.64897015600002,10.657892672],[117.66451076300001,10.65550181],[117.66451076300001,10.649524653],[117.65255645000002,10.626811459],[117.64060213700002,10.619638871],[117.62984325600002,10.623225165],[117.62625696200001,10.631593184]]],[[[115.84055704700002,10.638719721],[115.83199098700001,10.637292045],[115.82199725100001,10.640861236],[115.81842806000002,10.648713457],[115.82842179600001,10.667273253],[115.82842179600001,10.672270121],[115.83270482600001,10.675839313],[115.84222079100002,10.675953622],[115.849836945,10.673697798],[115.85483381300001,10.665845577],[115.84626775300002,10.652282649],[115.84626775300002,10.640861236],[115.84055704700002,10.638719721]]],[[[117.412979923,10.675010663],[117.38323666100001,10.671441472],[117.33921663200002,10.671441472],[117.27497118500001,10.683338777],[117.26307388,10.69166689],[117.27497118500001,10.721410153],[117.29400687300001,10.740445841],[117.32018094400001,10.747584224],[117.36420097300001,10.744015033],[117.39989288800001,10.728548536],[117.41535938400001,10.709512848],[117.41773884500002,10.686907968],[117.412979923,10.675010663]]],[[[114.45454345100002,10.702684613],[114.45028828100001,10.710485759],[114.45170667100001,10.718286904],[114.46447218100002,10.719705294],[114.46518137600002,10.726797245],[114.47014574200001,10.73034322],[114.47865608200001,10.728215635],[114.47936527700001,10.724669659],[114.48432964200002,10.720414489],[114.49283998300001,10.716159319],[114.49071239800001,10.705521393],[114.48787561800002,10.700557028],[114.47581930200002,10.694883468],[114.46740458900001,10.696600314],[114.45950781600001,10.694174273],[114.45454345100002,10.702684613]]],[[[117.17979274500001,10.726169075],[117.17741328400001,10.73687665],[117.18336193600001,10.745204763],[117.194069511,10.745204763],[117.210725738,10.73806638],[117.21786412100002,10.728548536],[117.21667439,10.717840961],[117.20596681600001,10.709512848],[117.19169005000002,10.71427177],[117.17979274500001,10.726169075]]],[[[115.81842806000002,10.714386581],[115.81343119200001,10.712245066],[115.807006647,10.712245066],[115.79487139600002,10.722238803],[115.79201604200001,10.734374054],[115.79487139600002,10.743653952],[115.800582102,10.746509305],[115.809862,10.745081628],[115.820569575,10.737229407],[115.82485260400001,10.728663347],[115.82413876600002,10.719383449],[115.81842806000002,10.714386581]]],[[[114.32576232200002,10.688896707],[114.31918867000002,10.692482335],[114.316798251,10.7133985],[114.316798251,10.730729037],[114.32277429800001,10.739095503],[114.42855033200001,10.787501485],[114.445880869,10.794075137],[114.45305212600002,10.791684718],[114.45783296300002,10.782720647],[114.457235359,10.776146995],[114.452454521,10.770768553],[114.38432758400002,10.731924247],[114.37177788500001,10.722960176],[114.36938746600002,10.695470359],[114.361021,10.690689521],[114.33890962500001,10.688299102],[114.32576232200002,10.688896707]]],[[[114.55099397600002,10.775731702],[114.55241236600001,10.783532848],[114.558085927,10.784951238],[114.56517787700001,10.795589163],[114.57226982700001,10.796298358],[114.58290775300001,10.792752383],[114.59283648300001,10.791333993],[114.59638245900001,10.788497213],[114.598510044,10.782114458],[114.59283648300001,10.774313312],[114.58361694800001,10.774313312],[114.57936177800002,10.770767337],[114.57936177800002,10.758001826],[114.575106607,10.756583436],[114.55879512200002,10.763675387],[114.55313619700001,10.770281506],[114.55099397600002,10.775731702]]],[[[117.82708941900002,10.779826664],[117.80078993100001,10.755918038],[117.787640187,10.753527176],[117.77090414900002,10.755918038],[117.76731785500002,10.789390115],[117.77209958000002,10.808517015],[117.79959450000001,10.839598229],[117.81035338100001,10.847966248],[117.82828485100002,10.846770817],[117.83426200700002,10.834816504],[117.83545743800002,10.812103309],[117.82708941900002,10.779826664]]],[[[115.81485886800002,10.829314548],[115.81914189800001,10.832883739],[115.82770795800002,10.833597578],[115.836274017,10.829314548],[115.83912937,10.82431768],[115.836274017,10.818606973],[115.836987856,10.808613237],[115.833418664,10.800047177],[115.81480026000001,10.798393379],[115.80772048500002,10.800761016],[115.80486513200002,10.80718556],[115.80557897000001,10.813610105],[115.81485886800002,10.823603841],[115.81485886800002,10.829314548]]],[[[114.85344728400001,10.814991302],[114.84986165500001,10.820967349],[114.84926405100002,10.834712257],[114.85464249300001,10.838297886],[114.86241135400002,10.838297886],[114.870180216,10.831724234],[114.87197303000002,10.820967349],[114.86838740200001,10.813796092],[114.86061854000002,10.812600883],[114.85344728400001,10.814991302]]],[[[115.86768290200001,10.831456063],[115.85911684300001,10.827886871],[115.85197846000001,10.830742224],[115.84127088500001,10.842163637],[115.839843209,10.84930202],[115.84269856200001,10.855726565],[115.85055078300002,10.857154242],[115.86054451900002,10.852871212],[115.86839674100001,10.843591314],[115.86982441700002,10.837166769],[115.86768290200001,10.831456063]]],[[[114.53910720400002,10.852042794],[114.52536229600001,10.851445189],[114.51460541100002,10.846066747],[114.50803175900002,10.838297886],[114.50325092200002,10.828138605],[114.49548206000001,10.819174535],[114.48711559400002,10.812600883],[114.47815152400001,10.810808069],[114.47396829100002,10.814991302],[114.46799224400002,10.832919443],[114.46799224400002,10.83889549],[114.50026289800002,10.863994888],[114.514007806,10.877739797],[114.53970480900001,10.889691891],[114.55225450800002,10.90104638],[114.56360899800002,10.908217637],[114.58034193000002,10.910608056],[114.591098815,10.910010451],[114.59707486200001,10.90104638],[114.59827007100002,10.8908871],[114.59408683800001,10.856226027],[114.58273234900001,10.840688304],[114.57436588300001,10.834712257],[114.564804207,10.834712257],[114.55105929900002,10.846664352],[114.53910720400002,10.852042794]]],[[[114.935319129,10.907620032],[114.94368559500002,10.910010451],[114.95085685200002,10.909412846],[114.95922331800001,10.902839195],[114.96041852700002,10.893875124],[114.948466433,10.854433213],[114.940099967,10.843676328],[114.930538292,10.839493095],[114.917390988,10.840688304],[114.91320775500002,10.84905477],[114.91201254600001,10.858616446],[114.90962212700002,10.864592493],[114.91201254600001,10.873556564],[114.935319129,10.907620032]]],[[[114.07126615000001,10.892015485],[114.06772443600002,10.899604874],[114.076831702,10.912759815],[114.087962806,10.923890919],[114.09656411300001,10.927432633],[114.10718925800002,10.928950511],[114.13349914000001,10.922879],[114.13754681400002,10.919337285],[114.14159448800001,10.909724059],[114.14260640600001,10.897075078],[114.13805277300001,10.891003566],[114.12843954700001,10.888979729],[114.12540379100001,10.876330748],[114.11983824,10.873294992],[114.09959986900002,10.869753277],[114.09049260200001,10.869753277],[114.08593896900001,10.875824789],[114.08543301000002,10.882402259],[114.07986745800001,10.889485689],[114.07126615000001,10.892015485]]],[[[117.656142744,11.046407843],[117.66570619500001,11.054775862],[117.68602852700002,11.051189568],[117.69798284,11.038039824],[117.694396546,11.02489008],[117.68841938900002,11.016522061],[117.67168335100001,11.016522061],[117.65853360700001,11.021303786],[117.653751882,11.033258099],[117.656142744,11.046407843]]],[[[114.281461841,11.042711897],[114.28888815300002,11.047817486],[114.29538617500002,11.047353341],[114.29909933000002,11.044568475],[114.29770689700001,11.038998741],[114.29074473000001,11.034821441],[114.28424670800001,11.033429008],[114.27960526400001,11.038070453],[114.281461841,11.042711897]]],[[[114.215970499,11.061511838],[114.22153605100002,11.060499919],[114.22355988800001,11.048356897],[114.20989898800002,11.041273467],[114.19850095200002,11.039568961],[114.195732129,11.044815182],[114.197250007,11.049874775],[114.20483939600001,11.05291053],[114.20989898800002,11.060499919],[114.215970499,11.061511838]]],[[[117.26523671100001,11.049994137],[117.26523671100001,11.06194845],[117.27480016100002,11.075098194],[117.289145337,11.077489057],[117.299904218,11.072707332],[117.30588137500001,11.052384999],[117.30349051200001,11.033258099],[117.296317924,11.028476374],[117.28555904300002,11.027280942],[117.27001843600002,11.033258099],[117.26523671100001,11.049994137]]],[[[114.69797630600002,11.012810233],[114.70868388100001,11.042077604],[114.765077106,11.112747596],[114.77364316600001,11.11488911],[114.787919932,11.108464566],[114.80291053600001,11.104181536],[114.80076902200001,11.090618608],[114.791489124,11.074200327],[114.781495387,11.064206591],[114.76650478300002,11.044219119],[114.755797209,11.03922225],[114.71225307200001,10.997819629],[114.703687013,10.998533467],[114.69940398300001,11.000674982],[114.69797630600002,11.012810233]]],[[[117.067990547,11.048798706],[117.063208822,11.036844393],[117.05364537200002,11.040430687],[117.03810476500001,11.040430687],[117.03093217700001,11.035648961],[117.021368727,11.052384999],[117.01658700100002,11.064339312],[117.03451847100001,11.08944337],[117.04886364600002,11.08944337],[117.062013391,11.078684488],[117.067990547,11.066730175],[117.067990547,11.048798706]]],[[[115.01277899700001,11.066348106],[115.01563435000001,11.082766387],[115.02348657200001,11.087049417],[115.03704949900002,11.08562174],[115.043474044,11.078483357],[115.04418788200002,11.069203459],[115.03990485300001,11.057782046],[115.029911116,11.054926693],[115.01920354200001,11.057782046],[115.01277899700001,11.066348106]]],[[[114.37990130100002,11.081244249],[114.38141917800002,11.071125064],[114.37990130100002,11.065559512],[114.35207354100001,11.049368816],[114.33436496700001,11.045321142],[114.320704067,11.050380734],[114.31665639300002,11.059488001],[114.31969214800002,11.069607186],[114.33537688500002,11.086303842],[114.35359141900001,11.100470701],[114.36118080800001,11.100976661],[114.36826423700002,11.096423027],[114.37990130100002,11.081244249]]],[[[114.25695320000001,11.084280005],[114.26302471100001,11.081244249],[114.26606046600001,11.074160819],[114.26403662900002,11.068595268],[114.24733997400001,11.063535675],[114.23633804100001,11.063535444],[114.23317311400001,11.069101227],[114.23418503300002,11.075172738],[114.23722078800002,11.080232331],[114.24278634,11.081750208],[114.24683401400002,11.078714453],[114.25037572900001,11.082256168],[114.25695320000001,11.084280005]]],[[[117.48519606900001,11.08944337],[117.482805206,11.077489057],[117.472046325,11.067925606],[117.46009201200002,11.06194845],[117.44694226800002,11.063143881],[117.44574683600001,11.075098194],[117.45650571800002,11.088247938],[117.47443718700002,11.094225095],[117.48519606900001,11.08944337]]],[[[114.82503952400002,11.134876583],[114.81861497900002,11.133448906],[114.78649225600002,11.138445774],[114.78078154900001,11.146297996],[114.78220922600002,11.151294864],[114.78934760900002,11.15272254],[114.81932881700001,11.15272254],[114.82289800900001,11.149867187],[114.82646720000001,11.142014966],[114.82503952400002,11.134876583]]],[[[114.58302613600002,11.340387064],[114.59099142100001,11.335266524],[114.594974063,11.329008086],[114.59781880700001,11.321042802],[114.59724985800001,11.314784364],[114.59212931800002,11.310801722],[114.577905596,11.305681182],[114.57221610800002,11.313646466],[114.56766451700001,11.31706016],[114.56652661900002,11.324456495],[114.57904349400002,11.339249166],[114.58302613600002,11.340387064]]],[[[114.31991985400002,11.398886323],[114.326334013,11.385237027],[114.32097509800002,11.382530039],[114.31358838900002,11.385695772],[114.31200552300001,11.392027236],[114.299342594,11.403634921],[114.299342594,11.410494007],[114.301453082,11.41629785],[114.30461881500001,11.416825472],[114.31095027900001,11.412076873],[114.31991985400002,11.398886323]]],[[[114.33733138100001,11.435819865],[114.33891424700002,11.430543645],[114.33785900300002,11.424739802],[114.33258278200002,11.42157407],[114.32519607400002,11.425267424],[114.32308558600002,11.432126511],[114.32625131800002,11.437402731],[114.33258278200002,11.437930353],[114.33733138100001,11.435819865]]],[[[114.34524571100002,11.450593282],[114.34630095500002,11.454286636],[114.35104955400001,11.45797999],[114.36318486000002,11.459562856],[114.36687821500001,11.458507612],[114.36687821500001,11.45534188],[114.36265723800001,11.451648526],[114.350521932,11.445844684],[114.34682857700001,11.44742755],[114.34524571100002,11.450593282]]],[[[114.734366539,11.479210591],[114.73891813000002,11.46441792],[114.73607338600002,11.433125732],[114.73152179500002,11.428005192],[114.71786702100002,11.429712038],[114.70478119700002,11.435401527],[114.69397116800002,11.450194198],[114.68828168000002,11.471245307],[114.68828168000002,11.485469029],[114.697384862,11.493434313],[114.71217753300002,11.496279057],[114.72469440800002,11.492296415],[114.734366539,11.479210591]]],[[[114.40520952300001,11.489673641],[114.40844445200001,11.489350148],[114.40941493000001,11.486438712],[114.40844445200001,11.464441198],[114.41167938000001,11.452795455],[114.41135588700001,11.448590048],[114.40876794400002,11.44761957],[114.405533016,11.450531005],[114.40294507300001,11.457324355],[114.40165110200002,11.467029141],[114.397769187,11.469940576],[114.39938665200002,11.481909812],[114.40520952300001,11.489673641]]],[[[114.629679945,11.420608856],[114.61830096700001,11.426867294],[114.61659412000002,11.436539425],[114.62000781400002,11.472383204],[114.616025172,11.521312808],[114.645610513,11.531553888],[114.65698949100002,11.529278093],[114.663247929,11.524157553],[114.66267898000001,11.515623319],[114.65812738900001,11.49514116],[114.65642054200002,11.467262664],[114.65130000200001,11.429712038],[114.64390366700002,11.422315703],[114.629679945,11.420608856]]],[[[112.60196774200001,16.069730928],[112.61722692300002,16.056167212],[112.61383599400001,16.035821639],[112.58162216900001,16.0137806],[112.52058544700002,16.003607813],[112.46972151300001,16.001912349],[112.449375939,16.010389671],[112.44768047500001,16.025648852],[112.459548726,16.039212568],[112.474807906,16.04768989],[112.55788566600002,16.066339999],[112.58840402600002,16.071426393],[112.60196774200001,16.069730928]]],[[[112.49852098800001,16.294542163],[112.49640102300002,16.293058187],[112.497037012,16.285850305],[112.495553037,16.28373034],[112.49279708200001,16.282034368],[112.48495321100002,16.285214316],[112.47880531200002,16.27949041],[112.47435338500001,16.277582441],[112.468417482,16.278006434],[112.46362412500001,16.280036662],[112.45972562500002,16.288818257],[112.46036161500001,16.291786208],[112.466509514,16.294966156],[112.47456538100002,16.297086121],[112.48198525900001,16.301962041],[112.50212492900002,16.309381919],[112.50403289700002,16.307261954],[112.50445689100002,16.296874124],[112.50170093600002,16.292210201],[112.49852098800001,16.294542163]]],[[[112.49169893700001,16.348439635],[112.48793180100002,16.347602494],[112.48444371100001,16.342719169],[112.48165324000001,16.34160298],[112.476211821,16.342161074],[112.467282312,16.346765352],[112.47007278300002,16.349555824],[112.48388561700001,16.354439149],[112.489885131,16.359461998],[112.49853559300001,16.36071771],[112.49811702200002,16.351230107],[112.496721786,16.3494163],[112.49169893700001,16.348439635]]],[[[112.61037047700002,16.397652934],[112.61127350600002,16.405828846],[112.61479505900002,16.407708802],[112.63329785700002,16.406703215],[112.63450456100001,16.404289807],[112.63108556600001,16.36668086],[112.61921964100002,16.360848457],[112.61358835500002,16.36748533],[112.61479505900002,16.372915498],[112.60835930400002,16.383775836],[112.60755483400001,16.391418296],[112.61037047700002,16.397652934]]],[[[112.64375596,16.378747902],[112.63832579100001,16.392021648],[112.63772243900002,16.395038408],[112.64013584700001,16.396043995],[112.644560429,16.395842878],[112.64637048500002,16.393831704],[112.64677272000002,16.377742315],[112.645163781,16.376937846],[112.64375596,16.378747902]]],[[[112.53676152300001,16.433652942],[112.53334252700002,16.435865233],[112.52992353200001,16.424803778],[112.52570006800002,16.422189252],[112.52167772000001,16.42239037],[112.51986766400002,16.424602661],[112.513029674,16.415351262],[112.50860509200001,16.415150145],[112.50056039700002,16.41856914],[112.49613581500002,16.423798191],[112.500158163,16.428625008],[112.50478386200001,16.429630595],[112.513029674,16.435060763],[112.523286659,16.439083111],[112.53113023600001,16.444915514],[112.53756599200001,16.446122218],[112.53917493100002,16.448133392],[112.54158833900001,16.447731157],[112.54098498700002,16.437876407],[112.539376048,16.434256294],[112.53676152300001,16.433652942]]],[[[112.64355484200001,16.45436803],[112.645767133,16.444915514],[112.64214702100001,16.43606635],[112.64033696400001,16.43606635],[112.63410232600002,16.43988758],[112.631688918,16.446524453],[112.62766657100002,16.449943448],[112.62748252300001,16.453079756],[112.633700091,16.456379204],[112.63953249500001,16.456178087],[112.64355484200001,16.45436803]]],[[[112.550839738,16.477094292],[112.547018508,16.479708818],[112.54380063,16.488557982],[112.546415156,16.491976977],[112.563107897,16.503842902],[112.56632577500001,16.504848488],[112.57235929600002,16.502837315],[112.574571587,16.498412733],[112.572158178,16.489362451],[112.56330901400001,16.484535635],[112.55948778500002,16.478904349],[112.550839738,16.477094292]]],[[[112.49050452900002,16.507060779],[112.49593469800001,16.496200442],[112.49975592800001,16.491976977],[112.49875034100002,16.489965803],[112.486079947,16.49479262],[112.48426989100001,16.498211615],[112.48768888600002,16.507261897],[112.49050452900002,16.507060779]]],[[[112.523286659,16.511887596],[112.521275486,16.501630611],[112.51725313800002,16.49861385],[112.51544308200002,16.499217202],[112.51282855600002,16.501429493],[112.505990566,16.514099887],[112.49814698900002,16.522949051],[112.49814698900002,16.524759107],[112.50478386200001,16.528580337],[112.51081738300002,16.528178102],[112.51584531700001,16.525965811],[112.51765537300001,16.523954638],[112.51725313800002,16.516312178],[112.523286659,16.511887596]]],[[[112.675727035,16.575695299],[112.67768535700002,16.579611945],[112.68138441100001,16.580699902],[112.68203718600002,16.582875816],[112.67616221700001,16.58505173],[112.67442148600001,16.58809801],[112.674639077,16.591797064],[112.67920849700002,16.597454441],[112.67355112000001,16.604199775],[112.67333352900002,16.607681238],[112.67529185200002,16.613121023],[112.68464828300002,16.616820078],[112.68921770300001,16.616602486],[112.69226398200001,16.606375689],[112.69117602500002,16.592885021],[112.69422230500001,16.580917493],[112.69182880000001,16.570473105],[112.693569531,16.564162954],[112.69291675700002,16.561551857],[112.69052325100002,16.560246308],[112.68181959400002,16.56198704],[112.67899090600001,16.564380545],[112.675727035,16.575695299]]],[[[112.69030566,16.635315348],[112.68116682000002,16.637491262],[112.67550944300001,16.643366231],[112.66745856100002,16.643583822],[112.659407678,16.647065285],[112.659407678,16.657292082],[112.66049563500002,16.658380039],[112.674856669,16.651852296],[112.68290755100001,16.645759736],[112.68900011100001,16.644236597],[112.69857413400001,16.639014402],[112.70727779100001,16.633357026],[112.70771297300001,16.631398703],[112.70531946800001,16.629222789],[112.69792135900002,16.628352423],[112.69030566,16.635315348]]],[[[112.68640487800002,16.657822808],[112.67751121200001,16.666459351],[112.674543069,16.676506955],[112.68935878600001,16.680750116],[112.69528719500002,16.676425706],[112.69677194000002,16.667817863],[112.695293661,16.659221796],[112.68640487800002,16.657822808]]],[[[112.71489349,16.669694793],[112.66680578600001,16.696458537],[112.67376871200001,16.69994],[112.68464828300002,16.699287226],[112.69074084300001,16.690365978],[112.69770376800001,16.689713203],[112.70357873600001,16.682967869],[112.71010647900002,16.682315095],[112.71402312500001,16.677963267],[112.71641663000001,16.672088298],[112.71663422200001,16.670347567],[112.71489349,16.669694793]]]]}}
